model,layer_index,layer_ordinal,relative_depth,is_fixed_layer,gdef,level,name,metric,value
Qwen2.5-7B-Instruct,0,1,0.0,False,unit_normalized,mechanism,prefix_injection,C_k,0.0
Qwen2.5-7B-Instruct,0,1,0.0,False,unit_normalized,mechanism,prefix_injection,parallel_energy_fraction,0.0
Qwen2.5-7B-Instruct,0,1,0.0,False,unit_normalized,mechanism,prefix_injection,residual_energy_fraction,1.0
Qwen2.5-7B-Instruct,0,1,0.0,False,unit_normalized,mechanism,refusal_suppression,C_k,0.0
Qwen2.5-7B-Instruct,0,1,0.0,False,unit_normalized,mechanism,refusal_suppression,parallel_energy_fraction,0.0
Qwen2.5-7B-Instruct,0,1,0.0,False,unit_normalized,mechanism,refusal_suppression,residual_energy_fraction,1.0
Qwen2.5-7B-Instruct,0,1,0.0,False,unit_normalized,mechanism,persona_roleplay,C_k,0.0
Qwen2.5-7B-Instruct,0,1,0.0,False,unit_normalized,mechanism,persona_roleplay,parallel_energy_fraction,0.0
Qwen2.5-7B-Instruct,0,1,0.0,False,unit_normalized,mechanism,persona_roleplay,residual_energy_fraction,1.0
Qwen2.5-7B-Instruct,0,1,0.0,False,unit_normalized,mechanism,encoding_obfuscation,C_k,0.0
Qwen2.5-7B-Instruct,0,1,0.0,False,unit_normalized,mechanism,encoding_obfuscation,parallel_energy_fraction,0.0
Qwen2.5-7B-Instruct,0,1,0.0,False,unit_normalized,mechanism,encoding_obfuscation,residual_energy_fraction,1.0
Qwen2.5-7B-Instruct,0,1,0.0,False,unit_normalized,mechanism,payload_splitting,C_k,0.0
Qwen2.5-7B-Instruct,0,1,0.0,False,unit_normalized,mechanism,payload_splitting,parallel_energy_fraction,0.0
Qwen2.5-7B-Instruct,0,1,0.0,False,unit_normalized,mechanism,payload_splitting,residual_energy_fraction,1.0
Qwen2.5-7B-Instruct,0,1,0.0,False,unit_normalized,mechanism,distractors_negated,C_k,0.0
Qwen2.5-7B-Instruct,0,1,0.0,False,unit_normalized,mechanism,distractors_negated,parallel_energy_fraction,0.0
Qwen2.5-7B-Instruct,0,1,0.0,False,unit_normalized,mechanism,distractors_negated,residual_energy_fraction,1.0
Qwen2.5-7B-Instruct,0,1,0.0,False,unit_normalized,category,CO,mean_coverage,0.0
Qwen2.5-7B-Instruct,0,1,0.0,False,unit_normalized,category,CO,minimum_coverage,0.0
Qwen2.5-7B-Instruct,0,1,0.0,False,unit_normalized,category,CO,coverage_standard_deviation,0.0
Qwen2.5-7B-Instruct,0,1,0.0,False,unit_normalized,category,CO,resultant_length,0.0
Qwen2.5-7B-Instruct,0,1,0.0,False,unit_normalized,category,MG,mean_coverage,0.0
Qwen2.5-7B-Instruct,0,1,0.0,False,unit_normalized,category,MG,minimum_coverage,0.0
Qwen2.5-7B-Instruct,0,1,0.0,False,unit_normalized,category,MG,coverage_standard_deviation,0.0
Qwen2.5-7B-Instruct,0,1,0.0,False,unit_normalized,category,MG,resultant_length,0.0
Qwen2.5-7B-Instruct,0,1,0.0,False,raw_magnitude,mechanism,prefix_injection,C_k,0.0
Qwen2.5-7B-Instruct,0,1,0.0,False,raw_magnitude,mechanism,prefix_injection,parallel_energy_fraction,0.0
Qwen2.5-7B-Instruct,0,1,0.0,False,raw_magnitude,mechanism,prefix_injection,residual_energy_fraction,1.0
Qwen2.5-7B-Instruct,0,1,0.0,False,raw_magnitude,mechanism,refusal_suppression,C_k,0.0
Qwen2.5-7B-Instruct,0,1,0.0,False,raw_magnitude,mechanism,refusal_suppression,parallel_energy_fraction,0.0
Qwen2.5-7B-Instruct,0,1,0.0,False,raw_magnitude,mechanism,refusal_suppression,residual_energy_fraction,1.0
Qwen2.5-7B-Instruct,0,1,0.0,False,raw_magnitude,mechanism,persona_roleplay,C_k,0.0
Qwen2.5-7B-Instruct,0,1,0.0,False,raw_magnitude,mechanism,persona_roleplay,parallel_energy_fraction,0.0
Qwen2.5-7B-Instruct,0,1,0.0,False,raw_magnitude,mechanism,persona_roleplay,residual_energy_fraction,1.0
Qwen2.5-7B-Instruct,0,1,0.0,False,raw_magnitude,mechanism,encoding_obfuscation,C_k,0.0
Qwen2.5-7B-Instruct,0,1,0.0,False,raw_magnitude,mechanism,encoding_obfuscation,parallel_energy_fraction,0.0
Qwen2.5-7B-Instruct,0,1,0.0,False,raw_magnitude,mechanism,encoding_obfuscation,residual_energy_fraction,1.0
Qwen2.5-7B-Instruct,0,1,0.0,False,raw_magnitude,mechanism,payload_splitting,C_k,0.0
Qwen2.5-7B-Instruct,0,1,0.0,False,raw_magnitude,mechanism,payload_splitting,parallel_energy_fraction,0.0
Qwen2.5-7B-Instruct,0,1,0.0,False,raw_magnitude,mechanism,payload_splitting,residual_energy_fraction,1.0
Qwen2.5-7B-Instruct,0,1,0.0,False,raw_magnitude,mechanism,distractors_negated,C_k,0.0
Qwen2.5-7B-Instruct,0,1,0.0,False,raw_magnitude,mechanism,distractors_negated,parallel_energy_fraction,0.0
Qwen2.5-7B-Instruct,0,1,0.0,False,raw_magnitude,mechanism,distractors_negated,residual_energy_fraction,1.0
Qwen2.5-7B-Instruct,0,1,0.0,False,raw_magnitude,category,CO,mean_coverage,0.0
Qwen2.5-7B-Instruct,0,1,0.0,False,raw_magnitude,category,CO,minimum_coverage,0.0
Qwen2.5-7B-Instruct,0,1,0.0,False,raw_magnitude,category,CO,coverage_standard_deviation,0.0
Qwen2.5-7B-Instruct,0,1,0.0,False,raw_magnitude,category,CO,resultant_length,0.0
Qwen2.5-7B-Instruct,0,1,0.0,False,raw_magnitude,category,MG,mean_coverage,0.0
Qwen2.5-7B-Instruct,0,1,0.0,False,raw_magnitude,category,MG,minimum_coverage,0.0
Qwen2.5-7B-Instruct,0,1,0.0,False,raw_magnitude,category,MG,coverage_standard_deviation,0.0
Qwen2.5-7B-Instruct,0,1,0.0,False,raw_magnitude,category,MG,resultant_length,0.0
Qwen2.5-7B-Instruct,1,2,0.037037037037037035,False,unit_normalized,mechanism,prefix_injection,C_k,0.8704900741577148
Qwen2.5-7B-Instruct,1,2,0.037037037037037035,False,unit_normalized,mechanism,prefix_injection,parallel_energy_fraction,0.7577529692071039
Qwen2.5-7B-Instruct,1,2,0.037037037037037035,False,unit_normalized,mechanism,prefix_injection,residual_energy_fraction,0.2422470307928961
Qwen2.5-7B-Instruct,1,2,0.037037037037037035,False,unit_normalized,mechanism,refusal_suppression,C_k,0.8763508796691895
Qwen2.5-7B-Instruct,1,2,0.037037037037037035,False,unit_normalized,mechanism,refusal_suppression,parallel_energy_fraction,0.7679908642969622
Qwen2.5-7B-Instruct,1,2,0.037037037037037035,False,unit_normalized,mechanism,refusal_suppression,residual_energy_fraction,0.23200913570303783
Qwen2.5-7B-Instruct,1,2,0.037037037037037035,False,unit_normalized,mechanism,persona_roleplay,C_k,0.6063947677612305
Qwen2.5-7B-Instruct,1,2,0.037037037037037035,False,unit_normalized,mechanism,persona_roleplay,parallel_energy_fraction,0.36771461436819664
Qwen2.5-7B-Instruct,1,2,0.037037037037037035,False,unit_normalized,mechanism,persona_roleplay,residual_energy_fraction,0.6322853856318034
Qwen2.5-7B-Instruct,1,2,0.037037037037037035,False,unit_normalized,mechanism,encoding_obfuscation,C_k,0.5351884365081787
Qwen2.5-7B-Instruct,1,2,0.037037037037037035,False,unit_normalized,mechanism,encoding_obfuscation,parallel_energy_fraction,0.28642666257206884
Qwen2.5-7B-Instruct,1,2,0.037037037037037035,False,unit_normalized,mechanism,encoding_obfuscation,residual_energy_fraction,0.7135733374279312
Qwen2.5-7B-Instruct,1,2,0.037037037037037035,False,unit_normalized,mechanism,payload_splitting,C_k,0.7989308834075928
Qwen2.5-7B-Instruct,1,2,0.037037037037037035,False,unit_normalized,mechanism,payload_splitting,parallel_energy_fraction,0.6382905564624366
Qwen2.5-7B-Instruct,1,2,0.037037037037037035,False,unit_normalized,mechanism,payload_splitting,residual_energy_fraction,0.3617094435375634
Qwen2.5-7B-Instruct,1,2,0.037037037037037035,False,unit_normalized,mechanism,distractors_negated,C_k,0.7539413571357727
Qwen2.5-7B-Instruct,1,2,0.037037037037037035,False,unit_normalized,mechanism,distractors_negated,parallel_energy_fraction,0.5684275699997308
Qwen2.5-7B-Instruct,1,2,0.037037037037037035,False,unit_normalized,mechanism,distractors_negated,residual_energy_fraction,0.43157243000026924
Qwen2.5-7B-Instruct,1,2,0.037037037037037035,False,unit_normalized,category,CO,mean_coverage,0.7844119071960449
Qwen2.5-7B-Instruct,1,2,0.037037037037037035,False,unit_normalized,category,CO,minimum_coverage,0.6063947677612305
Qwen2.5-7B-Instruct,1,2,0.037037037037037035,False,unit_normalized,category,CO,coverage_standard_deviation,0.15419521927833557
Qwen2.5-7B-Instruct,1,2,0.037037037037037035,False,unit_normalized,category,CO,resultant_length,0.7844119071960449
Qwen2.5-7B-Instruct,1,2,0.037037037037037035,False,unit_normalized,category,MG,mean_coverage,0.6960201859474182
Qwen2.5-7B-Instruct,1,2,0.037037037037037035,False,unit_normalized,category,MG,minimum_coverage,0.5351884365081787
Qwen2.5-7B-Instruct,1,2,0.037037037037037035,False,unit_normalized,category,MG,coverage_standard_deviation,0.14108920097351074
Qwen2.5-7B-Instruct,1,2,0.037037037037037035,False,unit_normalized,category,MG,resultant_length,0.6960201263427734
Qwen2.5-7B-Instruct,1,2,0.037037037037037035,False,raw_magnitude,mechanism,prefix_injection,C_k,0.8730325102806091
Qwen2.5-7B-Instruct,1,2,0.037037037037037035,False,raw_magnitude,mechanism,prefix_injection,parallel_energy_fraction,0.7621857640068619
Qwen2.5-7B-Instruct,1,2,0.037037037037037035,False,raw_magnitude,mechanism,prefix_injection,residual_energy_fraction,0.2378142359931381
Qwen2.5-7B-Instruct,1,2,0.037037037037037035,False,raw_magnitude,mechanism,refusal_suppression,C_k,0.8772597312927246
Qwen2.5-7B-Instruct,1,2,0.037037037037037035,False,raw_magnitude,mechanism,refusal_suppression,parallel_energy_fraction,0.7695846361477834
Qwen2.5-7B-Instruct,1,2,0.037037037037037035,False,raw_magnitude,mechanism,refusal_suppression,residual_energy_fraction,0.23041536385221661
Qwen2.5-7B-Instruct,1,2,0.037037037037037035,False,raw_magnitude,mechanism,persona_roleplay,C_k,0.6029117107391357
Qwen2.5-7B-Instruct,1,2,0.037037037037037035,False,raw_magnitude,mechanism,persona_roleplay,parallel_energy_fraction,0.3635025309463913
Qwen2.5-7B-Instruct,1,2,0.037037037037037035,False,raw_magnitude,mechanism,persona_roleplay,residual_energy_fraction,0.6364974690536087
Qwen2.5-7B-Instruct,1,2,0.037037037037037035,False,raw_magnitude,mechanism,encoding_obfuscation,C_k,0.689741313457489
Qwen2.5-7B-Instruct,1,2,0.037037037037037035,False,raw_magnitude,mechanism,encoding_obfuscation,parallel_energy_fraction,0.4757430794900621
Qwen2.5-7B-Instruct,1,2,0.037037037037037035,False,raw_magnitude,mechanism,encoding_obfuscation,residual_energy_fraction,0.5242569205099379
Qwen2.5-7B-Instruct,1,2,0.037037037037037035,False,raw_magnitude,mechanism,payload_splitting,C_k,0.7129091620445251
Qwen2.5-7B-Instruct,1,2,0.037037037037037035,False,raw_magnitude,mechanism,payload_splitting,parallel_energy_fraction,0.508239473327027
Qwen2.5-7B-Instruct,1,2,0.037037037037037035,False,raw_magnitude,mechanism,payload_splitting,residual_energy_fraction,0.491760526672973
Qwen2.5-7B-Instruct,1,2,0.037037037037037035,False,raw_magnitude,mechanism,distractors_negated,C_k,0.6451893448829651
Qwen2.5-7B-Instruct,1,2,0.037037037037037035,False,raw_magnitude,mechanism,distractors_negated,parallel_energy_fraction,0.41626929075050967
Qwen2.5-7B-Instruct,1,2,0.037037037037037035,False,raw_magnitude,mechanism,distractors_negated,residual_energy_fraction,0.5837307092494903
Qwen2.5-7B-Instruct,1,2,0.037037037037037035,False,raw_magnitude,category,CO,mean_coverage,0.7844013571739197
Qwen2.5-7B-Instruct,1,2,0.037037037037037035,False,raw_magnitude,category,CO,minimum_coverage,0.6029117107391357
Qwen2.5-7B-Instruct,1,2,0.037037037037037035,False,raw_magnitude,category,CO,coverage_standard_deviation,0.15718881785869598
Qwen2.5-7B-Instruct,1,2,0.037037037037037035,False,raw_magnitude,category,CO,resultant_length,0.7844119071960449
Qwen2.5-7B-Instruct,1,2,0.037037037037037035,False,raw_magnitude,category,MG,mean_coverage,0.6826133131980896
Qwen2.5-7B-Instruct,1,2,0.037037037037037035,False,raw_magnitude,category,MG,minimum_coverage,0.6451893448829651
Qwen2.5-7B-Instruct,1,2,0.037037037037037035,False,raw_magnitude,category,MG,coverage_standard_deviation,0.0344180203974247
Qwen2.5-7B-Instruct,1,2,0.037037037037037035,False,raw_magnitude,category,MG,resultant_length,0.6960201263427734
Qwen2.5-7B-Instruct,2,3,0.07407407407407407,False,unit_normalized,mechanism,prefix_injection,C_k,0.8310063481330872
Qwen2.5-7B-Instruct,2,3,0.07407407407407407,False,unit_normalized,mechanism,prefix_injection,parallel_energy_fraction,0.6905715506374897
Qwen2.5-7B-Instruct,2,3,0.07407407407407407,False,unit_normalized,mechanism,prefix_injection,residual_energy_fraction,0.30942844936251035
Qwen2.5-7B-Instruct,2,3,0.07407407407407407,False,unit_normalized,mechanism,refusal_suppression,C_k,0.8587737679481506
Qwen2.5-7B-Instruct,2,3,0.07407407407407407,False,unit_normalized,mechanism,refusal_suppression,parallel_energy_fraction,0.7374923845158641
Qwen2.5-7B-Instruct,2,3,0.07407407407407407,False,unit_normalized,mechanism,refusal_suppression,residual_energy_fraction,0.2625076154841359
Qwen2.5-7B-Instruct,2,3,0.07407407407407407,False,unit_normalized,mechanism,persona_roleplay,C_k,0.6456857323646545
Qwen2.5-7B-Instruct,2,3,0.07407407407407407,False,unit_normalized,mechanism,persona_roleplay,parallel_energy_fraction,0.4169100649792803
Qwen2.5-7B-Instruct,2,3,0.07407407407407407,False,unit_normalized,mechanism,persona_roleplay,residual_energy_fraction,0.5830899350207197
Qwen2.5-7B-Instruct,2,3,0.07407407407407407,False,unit_normalized,mechanism,encoding_obfuscation,C_k,0.4770898222923279
Qwen2.5-7B-Instruct,2,3,0.07407407407407407,False,unit_normalized,mechanism,encoding_obfuscation,parallel_energy_fraction,0.227614698534925
Qwen2.5-7B-Instruct,2,3,0.07407407407407407,False,unit_normalized,mechanism,encoding_obfuscation,residual_energy_fraction,0.772385301465075
Qwen2.5-7B-Instruct,2,3,0.07407407407407407,False,unit_normalized,mechanism,payload_splitting,C_k,0.8018184304237366
Qwen2.5-7B-Instruct,2,3,0.07407407407407407,False,unit_normalized,mechanism,payload_splitting,parallel_energy_fraction,0.6429127953671845
Qwen2.5-7B-Instruct,2,3,0.07407407407407407,False,unit_normalized,mechanism,payload_splitting,residual_energy_fraction,0.3570872046328155
Qwen2.5-7B-Instruct,2,3,0.07407407407407407,False,unit_normalized,mechanism,distractors_negated,C_k,0.740649938583374
Qwen2.5-7B-Instruct,2,3,0.07407407407407407,False,unit_normalized,mechanism,distractors_negated,parallel_energy_fraction,0.5485623315235557
Qwen2.5-7B-Instruct,2,3,0.07407407407407407,False,unit_normalized,mechanism,distractors_negated,residual_energy_fraction,0.4514376684764443
Qwen2.5-7B-Instruct,2,3,0.07407407407407407,False,unit_normalized,category,CO,mean_coverage,0.7784886360168457
Qwen2.5-7B-Instruct,2,3,0.07407407407407407,False,unit_normalized,category,CO,minimum_coverage,0.6456857323646545
Qwen2.5-7B-Instruct,2,3,0.07407407407407407,False,unit_normalized,category,CO,coverage_standard_deviation,0.11584563553333282
Qwen2.5-7B-Instruct,2,3,0.07407407407407407,False,unit_normalized,category,CO,resultant_length,0.7784885764122009
Qwen2.5-7B-Instruct,2,3,0.07407407407407407,False,unit_normalized,category,MG,mean_coverage,0.6731860637664795
Qwen2.5-7B-Instruct,2,3,0.07407407407407407,False,unit_normalized,category,MG,minimum_coverage,0.4770898222923279
Qwen2.5-7B-Instruct,2,3,0.07407407407407407,False,unit_normalized,category,MG,coverage_standard_deviation,0.17255635559558868
Qwen2.5-7B-Instruct,2,3,0.07407407407407407,False,unit_normalized,category,MG,resultant_length,0.6731860041618347
Qwen2.5-7B-Instruct,2,3,0.07407407407407407,False,raw_magnitude,mechanism,prefix_injection,C_k,0.8432652950286865
Qwen2.5-7B-Instruct,2,3,0.07407407407407407,False,raw_magnitude,mechanism,prefix_injection,parallel_energy_fraction,0.7110963577998177
Qwen2.5-7B-Instruct,2,3,0.07407407407407407,False,raw_magnitude,mechanism,prefix_injection,residual_energy_fraction,0.2889036422001823
Qwen2.5-7B-Instruct,2,3,0.07407407407407407,False,raw_magnitude,mechanism,refusal_suppression,C_k,0.862263560295105
Qwen2.5-7B-Instruct,2,3,0.07407407407407407,False,raw_magnitude,mechanism,refusal_suppression,parallel_energy_fraction,0.7434984474127901
Qwen2.5-7B-Instruct,2,3,0.07407407407407407,False,raw_magnitude,mechanism,refusal_suppression,residual_energy_fraction,0.25650155258720986
Qwen2.5-7B-Instruct,2,3,0.07407407407407407,False,raw_magnitude,mechanism,persona_roleplay,C_k,0.6292937994003296
Qwen2.5-7B-Instruct,2,3,0.07407407407407407,False,raw_magnitude,mechanism,persona_roleplay,parallel_energy_fraction,0.39601068596370226
Qwen2.5-7B-Instruct,2,3,0.07407407407407407,False,raw_magnitude,mechanism,persona_roleplay,residual_energy_fraction,0.6039893140362977
Qwen2.5-7B-Instruct,2,3,0.07407407407407407,False,raw_magnitude,mechanism,encoding_obfuscation,C_k,0.6648362874984741
Qwen2.5-7B-Instruct,2,3,0.07407407407407407,False,raw_magnitude,mechanism,encoding_obfuscation,parallel_energy_fraction,0.44200728917475374
Qwen2.5-7B-Instruct,2,3,0.07407407407407407,False,raw_magnitude,mechanism,encoding_obfuscation,residual_energy_fraction,0.5579927108252463
Qwen2.5-7B-Instruct,2,3,0.07407407407407407,False,raw_magnitude,mechanism,payload_splitting,C_k,0.6951789855957031
Qwen2.5-7B-Instruct,2,3,0.07407407407407407,False,raw_magnitude,mechanism,payload_splitting,parallel_energy_fraction,0.4832738220138708
Qwen2.5-7B-Instruct,2,3,0.07407407407407407,False,raw_magnitude,mechanism,payload_splitting,residual_energy_fraction,0.5167261779861292
Qwen2.5-7B-Instruct,2,3,0.07407407407407407,False,raw_magnitude,mechanism,distractors_negated,C_k,0.6063578724861145
Qwen2.5-7B-Instruct,2,3,0.07407407407407407,False,raw_magnitude,mechanism,distractors_negated,parallel_energy_fraction,0.3676698695258871
Qwen2.5-7B-Instruct,2,3,0.07407407407407407,False,raw_magnitude,mechanism,distractors_negated,residual_energy_fraction,0.6323301304741129
Qwen2.5-7B-Instruct,2,3,0.07407407407407407,False,raw_magnitude,category,CO,mean_coverage,0.7782742381095886
Qwen2.5-7B-Instruct,2,3,0.07407407407407407,False,raw_magnitude,category,CO,minimum_coverage,0.6292937994003296
Qwen2.5-7B-Instruct,2,3,0.07407407407407407,False,raw_magnitude,category,CO,coverage_standard_deviation,0.12937003374099731
Qwen2.5-7B-Instruct,2,3,0.07407407407407407,False,raw_magnitude,category,CO,resultant_length,0.7784885764122009
Qwen2.5-7B-Instruct,2,3,0.07407407407407407,False,raw_magnitude,category,MG,mean_coverage,0.6554577350616455
Qwen2.5-7B-Instruct,2,3,0.07407407407407407,False,raw_magnitude,category,MG,minimum_coverage,0.6063578724861145
Qwen2.5-7B-Instruct,2,3,0.07407407407407407,False,raw_magnitude,category,MG,coverage_standard_deviation,0.045147158205509186
Qwen2.5-7B-Instruct,2,3,0.07407407407407407,False,raw_magnitude,category,MG,resultant_length,0.6731860041618347
Qwen2.5-7B-Instruct,3,4,0.1111111111111111,False,unit_normalized,mechanism,prefix_injection,C_k,0.8071820735931396
Qwen2.5-7B-Instruct,3,4,0.1111111111111111,False,unit_normalized,mechanism,prefix_injection,parallel_energy_fraction,0.6515428999301207
Qwen2.5-7B-Instruct,3,4,0.1111111111111111,False,unit_normalized,mechanism,prefix_injection,residual_energy_fraction,0.3484571000698793
Qwen2.5-7B-Instruct,3,4,0.1111111111111111,False,unit_normalized,mechanism,refusal_suppression,C_k,0.8424060940742493
Qwen2.5-7B-Instruct,3,4,0.1111111111111111,False,unit_normalized,mechanism,refusal_suppression,parallel_energy_fraction,0.7096480273334329
Qwen2.5-7B-Instruct,3,4,0.1111111111111111,False,unit_normalized,mechanism,refusal_suppression,residual_energy_fraction,0.2903519726665671
Qwen2.5-7B-Instruct,3,4,0.1111111111111111,False,unit_normalized,mechanism,persona_roleplay,C_k,0.6522494554519653
Qwen2.5-7B-Instruct,3,4,0.1111111111111111,False,unit_normalized,mechanism,persona_roleplay,parallel_energy_fraction,0.4254293521373853
Qwen2.5-7B-Instruct,3,4,0.1111111111111111,False,unit_normalized,mechanism,persona_roleplay,residual_energy_fraction,0.5745706478626147
Qwen2.5-7B-Instruct,3,4,0.1111111111111111,False,unit_normalized,mechanism,encoding_obfuscation,C_k,0.6351683735847473
Qwen2.5-7B-Instruct,3,4,0.1111111111111111,False,unit_normalized,mechanism,encoding_obfuscation,parallel_energy_fraction,0.40343886280229313
Qwen2.5-7B-Instruct,3,4,0.1111111111111111,False,unit_normalized,mechanism,encoding_obfuscation,residual_energy_fraction,0.5965611371977069
Qwen2.5-7B-Instruct,3,4,0.1111111111111111,False,unit_normalized,mechanism,payload_splitting,C_k,0.8277872800827026
Qwen2.5-7B-Instruct,3,4,0.1111111111111111,False,unit_normalized,mechanism,payload_splitting,parallel_energy_fraction,0.6852317810667188
Qwen2.5-7B-Instruct,3,4,0.1111111111111111,False,unit_normalized,mechanism,payload_splitting,residual_energy_fraction,0.3147682189332812
Qwen2.5-7B-Instruct,3,4,0.1111111111111111,False,unit_normalized,mechanism,distractors_negated,C_k,0.7066668272018433
Qwen2.5-7B-Instruct,3,4,0.1111111111111111,False,unit_normalized,mechanism,distractors_negated,parallel_energy_fraction,0.4993780046675198
Qwen2.5-7B-Instruct,3,4,0.1111111111111111,False,unit_normalized,mechanism,distractors_negated,residual_energy_fraction,0.5006219953324802
Qwen2.5-7B-Instruct,3,4,0.1111111111111111,False,unit_normalized,category,CO,mean_coverage,0.7672791481018066
Qwen2.5-7B-Instruct,3,4,0.1111111111111111,False,unit_normalized,category,CO,minimum_coverage,0.6522494554519653
Qwen2.5-7B-Instruct,3,4,0.1111111111111111,False,unit_normalized,category,CO,coverage_standard_deviation,0.10116355866193771
Qwen2.5-7B-Instruct,3,4,0.1111111111111111,False,unit_normalized,category,CO,resultant_length,0.7672792077064514
Qwen2.5-7B-Instruct,3,4,0.1111111111111111,False,unit_normalized,category,MG,mean_coverage,0.7232074737548828
Qwen2.5-7B-Instruct,3,4,0.1111111111111111,False,unit_normalized,category,MG,minimum_coverage,0.6351683735847473
Qwen2.5-7B-Instruct,3,4,0.1111111111111111,False,unit_normalized,category,MG,coverage_standard_deviation,0.09736891835927963
Qwen2.5-7B-Instruct,3,4,0.1111111111111111,False,unit_normalized,category,MG,resultant_length,0.7232074737548828
Qwen2.5-7B-Instruct,3,4,0.1111111111111111,False,raw_magnitude,mechanism,prefix_injection,C_k,0.8200086951255798
Qwen2.5-7B-Instruct,3,4,0.1111111111111111,False,raw_magnitude,mechanism,prefix_injection,parallel_energy_fraction,0.6724142600815561
Qwen2.5-7B-Instruct,3,4,0.1111111111111111,False,raw_magnitude,mechanism,prefix_injection,residual_energy_fraction,0.32758573991844386
Qwen2.5-7B-Instruct,3,4,0.1111111111111111,False,raw_magnitude,mechanism,refusal_suppression,C_k,0.8457446098327637
Qwen2.5-7B-Instruct,3,4,0.1111111111111111,False,raw_magnitude,mechanism,refusal_suppression,parallel_energy_fraction,0.7152839450611737
Qwen2.5-7B-Instruct,3,4,0.1111111111111111,False,raw_magnitude,mechanism,refusal_suppression,residual_energy_fraction,0.28471605493882635
Qwen2.5-7B-Instruct,3,4,0.1111111111111111,False,raw_magnitude,mechanism,persona_roleplay,C_k,0.6354296803474426
Qwen2.5-7B-Instruct,3,4,0.1111111111111111,False,raw_magnitude,mechanism,persona_roleplay,parallel_energy_fraction,0.4037708786664531
Qwen2.5-7B-Instruct,3,4,0.1111111111111111,False,raw_magnitude,mechanism,persona_roleplay,residual_energy_fraction,0.5962291213335469
Qwen2.5-7B-Instruct,3,4,0.1111111111111111,False,raw_magnitude,mechanism,encoding_obfuscation,C_k,0.7572888731956482
Qwen2.5-7B-Instruct,3,4,0.1111111111111111,False,raw_magnitude,mechanism,encoding_obfuscation,parallel_energy_fraction,0.5734864374659345
Qwen2.5-7B-Instruct,3,4,0.1111111111111111,False,raw_magnitude,mechanism,encoding_obfuscation,residual_energy_fraction,0.42651356253406547
Qwen2.5-7B-Instruct,3,4,0.1111111111111111,False,raw_magnitude,mechanism,payload_splitting,C_k,0.7897796630859375
Qwen2.5-7B-Instruct,3,4,0.1111111111111111,False,raw_magnitude,mechanism,payload_splitting,parallel_energy_fraction,0.623751916224137
Qwen2.5-7B-Instruct,3,4,0.1111111111111111,False,raw_magnitude,mechanism,payload_splitting,residual_energy_fraction,0.37624808377586305
Qwen2.5-7B-Instruct,3,4,0.1111111111111111,False,raw_magnitude,mechanism,distractors_negated,C_k,0.5887638926506042
Qwen2.5-7B-Instruct,3,4,0.1111111111111111,False,raw_magnitude,mechanism,distractors_negated,parallel_energy_fraction,0.34664292128909224
Qwen2.5-7B-Instruct,3,4,0.1111111111111111,False,raw_magnitude,mechanism,distractors_negated,residual_energy_fraction,0.6533570787109078
Qwen2.5-7B-Instruct,3,4,0.1111111111111111,False,raw_magnitude,category,CO,mean_coverage,0.7670609951019287
Qwen2.5-7B-Instruct,3,4,0.1111111111111111,False,raw_magnitude,category,CO,minimum_coverage,0.6354296803474426
Qwen2.5-7B-Instruct,3,4,0.1111111111111111,False,raw_magnitude,category,CO,coverage_standard_deviation,0.11472003906965256
Qwen2.5-7B-Instruct,3,4,0.1111111111111111,False,raw_magnitude,category,CO,resultant_length,0.7672792077064514
Qwen2.5-7B-Instruct,3,4,0.1111111111111111,False,raw_magnitude,category,MG,mean_coverage,0.7119441628456116
Qwen2.5-7B-Instruct,3,4,0.1111111111111111,False,raw_magnitude,category,MG,minimum_coverage,0.5887638926506042
Qwen2.5-7B-Instruct,3,4,0.1111111111111111,False,raw_magnitude,category,MG,coverage_standard_deviation,0.10790710896253586
Qwen2.5-7B-Instruct,3,4,0.1111111111111111,False,raw_magnitude,category,MG,resultant_length,0.7232074737548828
Qwen2.5-7B-Instruct,4,5,0.14814814814814814,False,unit_normalized,mechanism,prefix_injection,C_k,0.8085101842880249
Qwen2.5-7B-Instruct,4,5,0.14814814814814814,False,unit_normalized,mechanism,prefix_injection,parallel_energy_fraction,0.653688718097456
Qwen2.5-7B-Instruct,4,5,0.14814814814814814,False,unit_normalized,mechanism,prefix_injection,residual_energy_fraction,0.346311281902544
Qwen2.5-7B-Instruct,4,5,0.14814814814814814,False,unit_normalized,mechanism,refusal_suppression,C_k,0.8364574909210205
Qwen2.5-7B-Instruct,4,5,0.14814814814814814,False,unit_normalized,mechanism,refusal_suppression,parallel_energy_fraction,0.6996611341178891
Qwen2.5-7B-Instruct,4,5,0.14814814814814814,False,unit_normalized,mechanism,refusal_suppression,residual_energy_fraction,0.3003388658821109
Qwen2.5-7B-Instruct,4,5,0.14814814814814814,False,unit_normalized,mechanism,persona_roleplay,C_k,0.699374258518219
Qwen2.5-7B-Instruct,4,5,0.14814814814814814,False,unit_normalized,mechanism,persona_roleplay,parallel_energy_fraction,0.4891243534779086
Qwen2.5-7B-Instruct,4,5,0.14814814814814814,False,unit_normalized,mechanism,persona_roleplay,residual_energy_fraction,0.5108756465220914
Qwen2.5-7B-Instruct,4,5,0.14814814814814814,False,unit_normalized,mechanism,encoding_obfuscation,C_k,0.6345458626747131
Qwen2.5-7B-Instruct,4,5,0.14814814814814814,False,unit_normalized,mechanism,encoding_obfuscation,parallel_energy_fraction,0.4026484518375959
Qwen2.5-7B-Instruct,4,5,0.14814814814814814,False,unit_normalized,mechanism,encoding_obfuscation,residual_energy_fraction,0.5973515481624041
Qwen2.5-7B-Instruct,4,5,0.14814814814814814,False,unit_normalized,mechanism,payload_splitting,C_k,0.8499643206596375
Qwen2.5-7B-Instruct,4,5,0.14814814814814814,False,unit_normalized,mechanism,payload_splitting,parallel_energy_fraction,0.722439346394399
Qwen2.5-7B-Instruct,4,5,0.14814814814814814,False,unit_normalized,mechanism,payload_splitting,residual_energy_fraction,0.277560653605601
Qwen2.5-7B-Instruct,4,5,0.14814814814814814,False,unit_normalized,mechanism,distractors_negated,C_k,0.7083601951599121
Qwen2.5-7B-Instruct,4,5,0.14814814814814814,False,unit_normalized,mechanism,distractors_negated,parallel_energy_fraction,0.5017741660869888
Qwen2.5-7B-Instruct,4,5,0.14814814814814814,False,unit_normalized,mechanism,distractors_negated,residual_energy_fraction,0.49822583391301123
Qwen2.5-7B-Instruct,4,5,0.14814814814814814,False,unit_normalized,category,CO,mean_coverage,0.7814473509788513
Qwen2.5-7B-Instruct,4,5,0.14814814814814814,False,unit_normalized,category,CO,minimum_coverage,0.699374258518219
Qwen2.5-7B-Instruct,4,5,0.14814814814814814,False,unit_normalized,category,CO,coverage_standard_deviation,0.07243791967630386
Qwen2.5-7B-Instruct,4,5,0.14814814814814814,False,unit_normalized,category,CO,resultant_length,0.7814473509788513
Qwen2.5-7B-Instruct,4,5,0.14814814814814814,False,unit_normalized,category,MG,mean_coverage,0.7309567928314209
Qwen2.5-7B-Instruct,4,5,0.14814814814814814,False,unit_normalized,category,MG,minimum_coverage,0.6345458626747131
Qwen2.5-7B-Instruct,4,5,0.14814814814814814,False,unit_normalized,category,MG,coverage_standard_deviation,0.10947252064943314
Qwen2.5-7B-Instruct,4,5,0.14814814814814814,False,unit_normalized,category,MG,resultant_length,0.7309568524360657
Qwen2.5-7B-Instruct,4,5,0.14814814814814814,False,raw_magnitude,mechanism,prefix_injection,C_k,0.8127153515815735
Qwen2.5-7B-Instruct,4,5,0.14814814814814814,False,raw_magnitude,mechanism,prefix_injection,parallel_energy_fraction,0.6605062426963606
Qwen2.5-7B-Instruct,4,5,0.14814814814814814,False,raw_magnitude,mechanism,prefix_injection,residual_energy_fraction,0.3394937573036394
Qwen2.5-7B-Instruct,4,5,0.14814814814814814,False,raw_magnitude,mechanism,refusal_suppression,C_k,0.8248099684715271
Qwen2.5-7B-Instruct,4,5,0.14814814814814814,False,raw_magnitude,mechanism,refusal_suppression,parallel_energy_fraction,0.6803114840900015
Qwen2.5-7B-Instruct,4,5,0.14814814814814814,False,raw_magnitude,mechanism,refusal_suppression,residual_energy_fraction,0.31968851590999847
Qwen2.5-7B-Instruct,4,5,0.14814814814814814,False,raw_magnitude,mechanism,persona_roleplay,C_k,0.706292450428009
Qwen2.5-7B-Instruct,4,5,0.14814814814814814,False,raw_magnitude,mechanism,persona_roleplay,parallel_energy_fraction,0.4988490255316016
Qwen2.5-7B-Instruct,4,5,0.14814814814814814,False,raw_magnitude,mechanism,persona_roleplay,residual_energy_fraction,0.5011509744683984
Qwen2.5-7B-Instruct,4,5,0.14814814814814814,False,raw_magnitude,mechanism,encoding_obfuscation,C_k,0.7359535098075867
Qwen2.5-7B-Instruct,4,5,0.14814814814814814,False,raw_magnitude,mechanism,encoding_obfuscation,parallel_energy_fraction,0.5416275685981056
Qwen2.5-7B-Instruct,4,5,0.14814814814814814,False,raw_magnitude,mechanism,encoding_obfuscation,residual_energy_fraction,0.45837243140189443
Qwen2.5-7B-Instruct,4,5,0.14814814814814814,False,raw_magnitude,mechanism,payload_splitting,C_k,0.824602484703064
Qwen2.5-7B-Instruct,4,5,0.14814814814814814,False,raw_magnitude,mechanism,payload_splitting,parallel_energy_fraction,0.6799692577784668
Qwen2.5-7B-Instruct,4,5,0.14814814814814814,False,raw_magnitude,mechanism,payload_splitting,residual_energy_fraction,0.32003074222153316
Qwen2.5-7B-Instruct,4,5,0.14814814814814814,False,raw_magnitude,mechanism,distractors_negated,C_k,0.6091675162315369
Qwen2.5-7B-Instruct,4,5,0.14814814814814814,False,raw_magnitude,mechanism,distractors_negated,parallel_energy_fraction,0.37108506283169973
Qwen2.5-7B-Instruct,4,5,0.14814814814814814,False,raw_magnitude,mechanism,distractors_negated,residual_energy_fraction,0.6289149371683003
Qwen2.5-7B-Instruct,4,5,0.14814814814814814,False,raw_magnitude,category,CO,mean_coverage,0.7812725901603699
Qwen2.5-7B-Instruct,4,5,0.14814814814814814,False,raw_magnitude,category,CO,minimum_coverage,0.706292450428009
Qwen2.5-7B-Instruct,4,5,0.14814814814814814,False,raw_magnitude,category,CO,coverage_standard_deviation,0.06521568447351456
Qwen2.5-7B-Instruct,4,5,0.14814814814814814,False,raw_magnitude,category,CO,resultant_length,0.7814473509788513
Qwen2.5-7B-Instruct,4,5,0.14814814814814814,False,raw_magnitude,category,MG,mean_coverage,0.7232411503791809
Qwen2.5-7B-Instruct,4,5,0.14814814814814814,False,raw_magnitude,category,MG,minimum_coverage,0.6091675162315369
Qwen2.5-7B-Instruct,4,5,0.14814814814814814,False,raw_magnitude,category,MG,coverage_standard_deviation,0.10827861726284027
Qwen2.5-7B-Instruct,4,5,0.14814814814814814,False,raw_magnitude,category,MG,resultant_length,0.7309568524360657
Qwen2.5-7B-Instruct,5,6,0.18518518518518517,False,unit_normalized,mechanism,prefix_injection,C_k,0.794343113899231
Qwen2.5-7B-Instruct,5,6,0.18518518518518517,False,unit_normalized,mechanism,prefix_injection,parallel_energy_fraction,0.6309809825991266
Qwen2.5-7B-Instruct,5,6,0.18518518518518517,False,unit_normalized,mechanism,prefix_injection,residual_energy_fraction,0.3690190174008734
Qwen2.5-7B-Instruct,5,6,0.18518518518518517,False,unit_normalized,mechanism,refusal_suppression,C_k,0.8074170351028442
Qwen2.5-7B-Instruct,5,6,0.18518518518518517,False,unit_normalized,mechanism,refusal_suppression,parallel_energy_fraction,0.6519222685742676
Qwen2.5-7B-Instruct,5,6,0.18518518518518517,False,unit_normalized,mechanism,refusal_suppression,residual_energy_fraction,0.3480777314257324
Qwen2.5-7B-Instruct,5,6,0.18518518518518517,False,unit_normalized,mechanism,persona_roleplay,C_k,0.7406342625617981
Qwen2.5-7B-Instruct,5,6,0.18518518518518517,False,unit_normalized,mechanism,persona_roleplay,parallel_energy_fraction,0.5485391108804585
Qwen2.5-7B-Instruct,5,6,0.18518518518518517,False,unit_normalized,mechanism,persona_roleplay,residual_energy_fraction,0.4514608891195415
Qwen2.5-7B-Instruct,5,6,0.18518518518518517,False,unit_normalized,mechanism,encoding_obfuscation,C_k,0.6188559532165527
Qwen2.5-7B-Instruct,5,6,0.18518518518518517,False,unit_normalized,mechanism,encoding_obfuscation,parallel_energy_fraction,0.3829826908315681
Qwen2.5-7B-Instruct,5,6,0.18518518518518517,False,unit_normalized,mechanism,encoding_obfuscation,residual_energy_fraction,0.6170173091684319
Qwen2.5-7B-Instruct,5,6,0.18518518518518517,False,unit_normalized,mechanism,payload_splitting,C_k,0.8366315960884094
Qwen2.5-7B-Instruct,5,6,0.18518518518518517,False,unit_normalized,mechanism,payload_splitting,parallel_energy_fraction,0.6999524275734395
Qwen2.5-7B-Instruct,5,6,0.18518518518518517,False,unit_normalized,mechanism,payload_splitting,residual_energy_fraction,0.30004757242656055
Qwen2.5-7B-Instruct,5,6,0.18518518518518517,False,unit_normalized,mechanism,distractors_negated,C_k,0.7055481672286987
Qwen2.5-7B-Instruct,5,6,0.18518518518518517,False,unit_normalized,mechanism,distractors_negated,parallel_energy_fraction,0.49779821627977583
Qwen2.5-7B-Instruct,5,6,0.18518518518518517,False,unit_normalized,mechanism,distractors_negated,residual_energy_fraction,0.5022017837202242
Qwen2.5-7B-Instruct,5,6,0.18518518518518517,False,unit_normalized,category,CO,mean_coverage,0.7807981371879578
Qwen2.5-7B-Instruct,5,6,0.18518518518518517,False,unit_normalized,category,CO,minimum_coverage,0.7406342625617981
Qwen2.5-7B-Instruct,5,6,0.18518518518518517,False,unit_normalized,category,CO,coverage_standard_deviation,0.03539187088608742
Qwen2.5-7B-Instruct,5,6,0.18518518518518517,False,unit_normalized,category,CO,resultant_length,0.7807980179786682
Qwen2.5-7B-Instruct,5,6,0.18518518518518517,False,unit_normalized,category,MG,mean_coverage,0.7203451991081238
Qwen2.5-7B-Instruct,5,6,0.18518518518518517,False,unit_normalized,category,MG,minimum_coverage,0.6188559532165527
Qwen2.5-7B-Instruct,5,6,0.18518518518518517,False,unit_normalized,category,MG,coverage_standard_deviation,0.10963928699493408
Qwen2.5-7B-Instruct,5,6,0.18518518518518517,False,unit_normalized,category,MG,resultant_length,0.7203451991081238
Qwen2.5-7B-Instruct,5,6,0.18518518518518517,False,raw_magnitude,mechanism,prefix_injection,C_k,0.8398396372795105
Qwen2.5-7B-Instruct,5,6,0.18518518518518517,False,raw_magnitude,mechanism,prefix_injection,parallel_energy_fraction,0.7053306163457798
Qwen2.5-7B-Instruct,5,6,0.18518518518518517,False,raw_magnitude,mechanism,prefix_injection,residual_energy_fraction,0.29466938365422024
Qwen2.5-7B-Instruct,5,6,0.18518518518518517,False,raw_magnitude,mechanism,refusal_suppression,C_k,0.7708706259727478
Qwen2.5-7B-Instruct,5,6,0.18518518518518517,False,raw_magnitude,mechanism,refusal_suppression,parallel_energy_fraction,0.594241521987616
Qwen2.5-7B-Instruct,5,6,0.18518518518518517,False,raw_magnitude,mechanism,refusal_suppression,residual_energy_fraction,0.40575847801238396
Qwen2.5-7B-Instruct,5,6,0.18518518518518517,False,raw_magnitude,mechanism,persona_roleplay,C_k,0.7232177257537842
Qwen2.5-7B-Instruct,5,6,0.18518518518518517,False,raw_magnitude,mechanism,persona_roleplay,parallel_energy_fraction,0.5230438788444758
Qwen2.5-7B-Instruct,5,6,0.18518518518518517,False,raw_magnitude,mechanism,persona_roleplay,residual_energy_fraction,0.4769561211555242
Qwen2.5-7B-Instruct,5,6,0.18518518518518517,False,raw_magnitude,mechanism,encoding_obfuscation,C_k,0.6854376792907715
Qwen2.5-7B-Instruct,5,6,0.18518518518518517,False,raw_magnitude,mechanism,encoding_obfuscation,parallel_energy_fraction,0.4698248121915185
Qwen2.5-7B-Instruct,5,6,0.18518518518518517,False,raw_magnitude,mechanism,encoding_obfuscation,residual_energy_fraction,0.5301751878084815
Qwen2.5-7B-Instruct,5,6,0.18518518518518517,False,raw_magnitude,mechanism,payload_splitting,C_k,0.8219033479690552
Qwen2.5-7B-Instruct,5,6,0.18518518518518517,False,raw_magnitude,mechanism,payload_splitting,parallel_energy_fraction,0.6755251134027418
Qwen2.5-7B-Instruct,5,6,0.18518518518518517,False,raw_magnitude,mechanism,payload_splitting,residual_energy_fraction,0.3244748865972582
Qwen2.5-7B-Instruct,5,6,0.18518518518518517,False,raw_magnitude,mechanism,distractors_negated,C_k,0.6446132659912109
Qwen2.5-7B-Instruct,5,6,0.18518518518518517,False,raw_magnitude,mechanism,distractors_negated,parallel_energy_fraction,0.41552626269185566
Qwen2.5-7B-Instruct,5,6,0.18518518518518517,False,raw_magnitude,mechanism,distractors_negated,residual_energy_fraction,0.5844737373081443
Qwen2.5-7B-Instruct,5,6,0.18518518518518517,False,raw_magnitude,category,CO,mean_coverage,0.7779760360717773
Qwen2.5-7B-Instruct,5,6,0.18518518518518517,False,raw_magnitude,category,CO,minimum_coverage,0.7232177257537842
Qwen2.5-7B-Instruct,5,6,0.18518518518518517,False,raw_magnitude,category,CO,coverage_standard_deviation,0.05863473564386368
Qwen2.5-7B-Instruct,5,6,0.18518518518518517,False,raw_magnitude,category,CO,resultant_length,0.7807980179786682
Qwen2.5-7B-Instruct,5,6,0.18518518518518517,False,raw_magnitude,category,MG,mean_coverage,0.717318058013916
Qwen2.5-7B-Instruct,5,6,0.18518518518518517,False,raw_magnitude,category,MG,minimum_coverage,0.6446132659912109
Qwen2.5-7B-Instruct,5,6,0.18518518518518517,False,raw_magnitude,category,MG,coverage_standard_deviation,0.09284510463476181
Qwen2.5-7B-Instruct,5,6,0.18518518518518517,False,raw_magnitude,category,MG,resultant_length,0.7203451991081238
Qwen2.5-7B-Instruct,6,7,0.2222222222222222,False,unit_normalized,mechanism,prefix_injection,C_k,0.8117191791534424
Qwen2.5-7B-Instruct,6,7,0.2222222222222222,False,unit_normalized,mechanism,prefix_injection,parallel_energy_fraction,0.6588880258055383
Qwen2.5-7B-Instruct,6,7,0.2222222222222222,False,unit_normalized,mechanism,prefix_injection,residual_energy_fraction,0.3411119741944617
Qwen2.5-7B-Instruct,6,7,0.2222222222222222,False,unit_normalized,mechanism,refusal_suppression,C_k,0.8377009630203247
Qwen2.5-7B-Instruct,6,7,0.2222222222222222,False,unit_normalized,mechanism,refusal_suppression,parallel_energy_fraction,0.7017429034451794
Qwen2.5-7B-Instruct,6,7,0.2222222222222222,False,unit_normalized,mechanism,refusal_suppression,residual_energy_fraction,0.2982570965548206
Qwen2.5-7B-Instruct,6,7,0.2222222222222222,False,unit_normalized,mechanism,persona_roleplay,C_k,0.7055700421333313
Qwen2.5-7B-Instruct,6,7,0.2222222222222222,False,unit_normalized,mechanism,persona_roleplay,parallel_energy_fraction,0.4978290843560309
Qwen2.5-7B-Instruct,6,7,0.2222222222222222,False,unit_normalized,mechanism,persona_roleplay,residual_energy_fraction,0.5021709156439691
Qwen2.5-7B-Instruct,6,7,0.2222222222222222,False,unit_normalized,mechanism,encoding_obfuscation,C_k,0.736379861831665
Qwen2.5-7B-Instruct,6,7,0.2222222222222222,False,unit_normalized,mechanism,encoding_obfuscation,parallel_energy_fraction,0.5422553009112221
Qwen2.5-7B-Instruct,6,7,0.2222222222222222,False,unit_normalized,mechanism,encoding_obfuscation,residual_energy_fraction,0.4577446990887779
Qwen2.5-7B-Instruct,6,7,0.2222222222222222,False,unit_normalized,mechanism,payload_splitting,C_k,0.8274393081665039
Qwen2.5-7B-Instruct,6,7,0.2222222222222222,False,unit_normalized,mechanism,payload_splitting,parallel_energy_fraction,0.6846558086990626
Qwen2.5-7B-Instruct,6,7,0.2222222222222222,False,unit_normalized,mechanism,payload_splitting,residual_energy_fraction,0.3153441913009374
Qwen2.5-7B-Instruct,6,7,0.2222222222222222,False,unit_normalized,mechanism,distractors_negated,C_k,0.7111198306083679
Qwen2.5-7B-Instruct,6,7,0.2222222222222222,False,unit_normalized,mechanism,distractors_negated,parallel_energy_fraction,0.5056914134844739
Qwen2.5-7B-Instruct,6,7,0.2222222222222222,False,unit_normalized,mechanism,distractors_negated,residual_energy_fraction,0.4943085865155261
Qwen2.5-7B-Instruct,6,7,0.2222222222222222,False,unit_normalized,category,CO,mean_coverage,0.784996747970581
Qwen2.5-7B-Instruct,6,7,0.2222222222222222,False,unit_normalized,category,CO,minimum_coverage,0.7055700421333313
Qwen2.5-7B-Instruct,6,7,0.2222222222222222,False,unit_normalized,category,CO,coverage_standard_deviation,0.0700015127658844
Qwen2.5-7B-Instruct,6,7,0.2222222222222222,False,unit_normalized,category,CO,resultant_length,0.7849966883659363
Qwen2.5-7B-Instruct,6,7,0.2222222222222222,False,unit_normalized,category,MG,mean_coverage,0.758313000202179
Qwen2.5-7B-Instruct,6,7,0.2222222222222222,False,unit_normalized,category,MG,minimum_coverage,0.7111198306083679
Qwen2.5-7B-Instruct,6,7,0.2222222222222222,False,unit_normalized,category,MG,coverage_standard_deviation,0.061182938516139984
Qwen2.5-7B-Instruct,6,7,0.2222222222222222,False,unit_normalized,category,MG,resultant_length,0.7583129405975342
Qwen2.5-7B-Instruct,6,7,0.2222222222222222,False,raw_magnitude,mechanism,prefix_injection,C_k,0.8464207649230957
Qwen2.5-7B-Instruct,6,7,0.2222222222222222,False,raw_magnitude,mechanism,prefix_injection,parallel_energy_fraction,0.7164281112929984
Qwen2.5-7B-Instruct,6,7,0.2222222222222222,False,raw_magnitude,mechanism,prefix_injection,residual_energy_fraction,0.28357188870700156
Qwen2.5-7B-Instruct,6,7,0.2222222222222222,False,raw_magnitude,mechanism,refusal_suppression,C_k,0.8332955837249756
Qwen2.5-7B-Instruct,6,7,0.2222222222222222,False,raw_magnitude,mechanism,refusal_suppression,parallel_energy_fraction,0.6943815298555478
Qwen2.5-7B-Instruct,6,7,0.2222222222222222,False,raw_magnitude,mechanism,refusal_suppression,residual_energy_fraction,0.3056184701444522
Qwen2.5-7B-Instruct,6,7,0.2222222222222222,False,raw_magnitude,mechanism,persona_roleplay,C_k,0.6706351041793823
Qwen2.5-7B-Instruct,6,7,0.2222222222222222,False,raw_magnitude,mechanism,persona_roleplay,parallel_energy_fraction,0.449751442957691
Qwen2.5-7B-Instruct,6,7,0.2222222222222222,False,raw_magnitude,mechanism,persona_roleplay,residual_energy_fraction,0.550248557042309
Qwen2.5-7B-Instruct,6,7,0.2222222222222222,False,raw_magnitude,mechanism,encoding_obfuscation,C_k,0.7488450407981873
Qwen2.5-7B-Instruct,6,7,0.2222222222222222,False,raw_magnitude,mechanism,encoding_obfuscation,parallel_energy_fraction,0.5607688951280387
Qwen2.5-7B-Instruct,6,7,0.2222222222222222,False,raw_magnitude,mechanism,encoding_obfuscation,residual_energy_fraction,0.43923110487196126
Qwen2.5-7B-Instruct,6,7,0.2222222222222222,False,raw_magnitude,mechanism,payload_splitting,C_k,0.8281996250152588
Qwen2.5-7B-Instruct,6,7,0.2222222222222222,False,raw_magnitude,mechanism,payload_splitting,parallel_energy_fraction,0.6859146188754153
Qwen2.5-7B-Instruct,6,7,0.2222222222222222,False,raw_magnitude,mechanism,payload_splitting,residual_energy_fraction,0.31408538112458473
Qwen2.5-7B-Instruct,6,7,0.2222222222222222,False,raw_magnitude,mechanism,distractors_negated,C_k,0.6974027752876282
Qwen2.5-7B-Instruct,6,7,0.2222222222222222,False,raw_magnitude,mechanism,distractors_negated,parallel_energy_fraction,0.486370630978886
Qwen2.5-7B-Instruct,6,7,0.2222222222222222,False,raw_magnitude,mechanism,distractors_negated,residual_energy_fraction,0.513629369021114
Qwen2.5-7B-Instruct,6,7,0.2222222222222222,False,raw_magnitude,category,CO,mean_coverage,0.7834504246711731
Qwen2.5-7B-Instruct,6,7,0.2222222222222222,False,raw_magnitude,category,CO,minimum_coverage,0.6706351041793823
Qwen2.5-7B-Instruct,6,7,0.2222222222222222,False,raw_magnitude,category,CO,coverage_standard_deviation,0.09792114049196243
Qwen2.5-7B-Instruct,6,7,0.2222222222222222,False,raw_magnitude,category,CO,resultant_length,0.7849966883659363
Qwen2.5-7B-Instruct,6,7,0.2222222222222222,False,raw_magnitude,category,MG,mean_coverage,0.7581491470336914
Qwen2.5-7B-Instruct,6,7,0.2222222222222222,False,raw_magnitude,category,MG,minimum_coverage,0.6974027752876282
Qwen2.5-7B-Instruct,6,7,0.2222222222222222,False,raw_magnitude,category,MG,coverage_standard_deviation,0.06589293479919434
Qwen2.5-7B-Instruct,6,7,0.2222222222222222,False,raw_magnitude,category,MG,resultant_length,0.7583129405975342
Qwen2.5-7B-Instruct,7,8,0.25925925925925924,False,unit_normalized,mechanism,prefix_injection,C_k,0.8236616849899292
Qwen2.5-7B-Instruct,7,8,0.25925925925925924,False,unit_normalized,mechanism,prefix_injection,parallel_energy_fraction,0.6784185713204494
Qwen2.5-7B-Instruct,7,8,0.25925925925925924,False,unit_normalized,mechanism,prefix_injection,residual_energy_fraction,0.32158142867955064
Qwen2.5-7B-Instruct,7,8,0.25925925925925924,False,unit_normalized,mechanism,refusal_suppression,C_k,0.8640559911727905
Qwen2.5-7B-Instruct,7,8,0.25925925925925924,False,unit_normalized,mechanism,refusal_suppression,parallel_energy_fraction,0.7465927558815935
Qwen2.5-7B-Instruct,7,8,0.25925925925925924,False,unit_normalized,mechanism,refusal_suppression,residual_energy_fraction,0.25340724411840654
Qwen2.5-7B-Instruct,7,8,0.25925925925925924,False,unit_normalized,mechanism,persona_roleplay,C_k,0.7637889385223389
Qwen2.5-7B-Instruct,7,8,0.25925925925925924,False,unit_normalized,mechanism,persona_roleplay,parallel_energy_fraction,0.5833735426090811
Qwen2.5-7B-Instruct,7,8,0.25925925925925924,False,unit_normalized,mechanism,persona_roleplay,residual_energy_fraction,0.41662645739091886
Qwen2.5-7B-Instruct,7,8,0.25925925925925924,False,unit_normalized,mechanism,encoding_obfuscation,C_k,0.7428100109100342
Qwen2.5-7B-Instruct,7,8,0.25925925925925924,False,unit_normalized,mechanism,encoding_obfuscation,parallel_energy_fraction,0.5517667123081651
Qwen2.5-7B-Instruct,7,8,0.25925925925925924,False,unit_normalized,mechanism,encoding_obfuscation,residual_energy_fraction,0.4482332876918349
Qwen2.5-7B-Instruct,7,8,0.25925925925925924,False,unit_normalized,mechanism,payload_splitting,C_k,0.8322835564613342
Qwen2.5-7B-Instruct,7,8,0.25925925925925924,False,unit_normalized,mechanism,payload_splitting,parallel_energy_fraction,0.6926959183559269
Qwen2.5-7B-Instruct,7,8,0.25925925925925924,False,unit_normalized,mechanism,payload_splitting,residual_energy_fraction,0.3073040816440731
Qwen2.5-7B-Instruct,7,8,0.25925925925925924,False,unit_normalized,mechanism,distractors_negated,C_k,0.7209349274635315
Qwen2.5-7B-Instruct,7,8,0.25925925925925924,False,unit_normalized,mechanism,distractors_negated,parallel_energy_fraction,0.5197471696368474
Qwen2.5-7B-Instruct,7,8,0.25925925925925924,False,unit_normalized,mechanism,distractors_negated,residual_energy_fraction,0.4802528303631526
Qwen2.5-7B-Instruct,7,8,0.25925925925925924,False,unit_normalized,category,CO,mean_coverage,0.8171688914299011
Qwen2.5-7B-Instruct,7,8,0.25925925925925924,False,unit_normalized,category,CO,minimum_coverage,0.7637889385223389
Qwen2.5-7B-Instruct,7,8,0.25925925925925924,False,unit_normalized,category,CO,coverage_standard_deviation,0.05044787377119064
Qwen2.5-7B-Instruct,7,8,0.25925925925925924,False,unit_normalized,category,CO,resultant_length,0.8171688914299011
Qwen2.5-7B-Instruct,7,8,0.25925925925925924,False,unit_normalized,category,MG,mean_coverage,0.7653427720069885
Qwen2.5-7B-Instruct,7,8,0.25925925925925924,False,unit_normalized,category,MG,minimum_coverage,0.7209349274635315
Qwen2.5-7B-Instruct,7,8,0.25925925925925924,False,unit_normalized,category,MG,coverage_standard_deviation,0.05899512767791748
Qwen2.5-7B-Instruct,7,8,0.25925925925925924,False,unit_normalized,category,MG,resultant_length,0.7653428316116333
Qwen2.5-7B-Instruct,7,8,0.25925925925925924,False,raw_magnitude,mechanism,prefix_injection,C_k,0.8438185453414917
Qwen2.5-7B-Instruct,7,8,0.25925925925925924,False,raw_magnitude,mechanism,prefix_injection,parallel_energy_fraction,0.7120297374622311
Qwen2.5-7B-Instruct,7,8,0.25925925925925924,False,raw_magnitude,mechanism,prefix_injection,residual_energy_fraction,0.2879702625377689
Qwen2.5-7B-Instruct,7,8,0.25925925925925924,False,raw_magnitude,mechanism,refusal_suppression,C_k,0.8589445948600769
Qwen2.5-7B-Instruct,7,8,0.25925925925925924,False,raw_magnitude,mechanism,refusal_suppression,parallel_energy_fraction,0.7377858170393417
Qwen2.5-7B-Instruct,7,8,0.25925925925925924,False,raw_magnitude,mechanism,refusal_suppression,residual_energy_fraction,0.26221418296065835
Qwen2.5-7B-Instruct,7,8,0.25925925925925924,False,raw_magnitude,mechanism,persona_roleplay,C_k,0.7471072673797607
Qwen2.5-7B-Instruct,7,8,0.25925925925925924,False,raw_magnitude,mechanism,persona_roleplay,parallel_energy_fraction,0.5581692689716533
Qwen2.5-7B-Instruct,7,8,0.25925925925925924,False,raw_magnitude,mechanism,persona_roleplay,residual_energy_fraction,0.4418307310283467
Qwen2.5-7B-Instruct,7,8,0.25925925925925924,False,raw_magnitude,mechanism,encoding_obfuscation,C_k,0.7517397403717041
Qwen2.5-7B-Instruct,7,8,0.25925925925925924,False,raw_magnitude,mechanism,encoding_obfuscation,parallel_energy_fraction,0.5651126372541171
Qwen2.5-7B-Instruct,7,8,0.25925925925925924,False,raw_magnitude,mechanism,encoding_obfuscation,residual_energy_fraction,0.4348873627458829
Qwen2.5-7B-Instruct,7,8,0.25925925925925924,False,raw_magnitude,mechanism,payload_splitting,C_k,0.8334478139877319
Qwen2.5-7B-Instruct,7,8,0.25925925925925924,False,raw_magnitude,mechanism,payload_splitting,parallel_energy_fraction,0.694635258640929
Qwen2.5-7B-Instruct,7,8,0.25925925925925924,False,raw_magnitude,mechanism,payload_splitting,residual_energy_fraction,0.305364741359071
Qwen2.5-7B-Instruct,7,8,0.25925925925925924,False,raw_magnitude,mechanism,distractors_negated,C_k,0.7105621695518494
Qwen2.5-7B-Instruct,7,8,0.25925925925925924,False,raw_magnitude,mechanism,distractors_negated,parallel_energy_fraction,0.5048985967982311
Qwen2.5-7B-Instruct,7,8,0.25925925925925924,False,raw_magnitude,mechanism,distractors_negated,residual_energy_fraction,0.4951014032017689
Qwen2.5-7B-Instruct,7,8,0.25925925925925924,False,raw_magnitude,category,CO,mean_coverage,0.8166234493255615
Qwen2.5-7B-Instruct,7,8,0.25925925925925924,False,raw_magnitude,category,CO,minimum_coverage,0.7471072673797607
Qwen2.5-7B-Instruct,7,8,0.25925925925925924,False,raw_magnitude,category,CO,coverage_standard_deviation,0.06067599356174469
Qwen2.5-7B-Instruct,7,8,0.25925925925925924,False,raw_magnitude,category,CO,resultant_length,0.8171688914299011
Qwen2.5-7B-Instruct,7,8,0.25925925925925924,False,raw_magnitude,category,MG,mean_coverage,0.7652499079704285
Qwen2.5-7B-Instruct,7,8,0.25925925925925924,False,raw_magnitude,category,MG,minimum_coverage,0.7105621695518494
Qwen2.5-7B-Instruct,7,8,0.25925925925925924,False,raw_magnitude,category,MG,coverage_standard_deviation,0.06254689395427704
Qwen2.5-7B-Instruct,7,8,0.25925925925925924,False,raw_magnitude,category,MG,resultant_length,0.7653428316116333
Qwen2.5-7B-Instruct,8,9,0.2962962962962963,False,unit_normalized,mechanism,prefix_injection,C_k,0.8433295488357544
Qwen2.5-7B-Instruct,8,9,0.2962962962962963,False,unit_normalized,mechanism,prefix_injection,parallel_energy_fraction,0.7112047279395171
Qwen2.5-7B-Instruct,8,9,0.2962962962962963,False,unit_normalized,mechanism,prefix_injection,residual_energy_fraction,0.28879527206048294
Qwen2.5-7B-Instruct,8,9,0.2962962962962963,False,unit_normalized,mechanism,refusal_suppression,C_k,0.8688177466392517
Qwen2.5-7B-Instruct,8,9,0.2962962962962963,False,unit_normalized,mechanism,refusal_suppression,parallel_energy_fraction,0.754844276875307
Qwen2.5-7B-Instruct,8,9,0.2962962962962963,False,unit_normalized,mechanism,refusal_suppression,residual_energy_fraction,0.24515572312469303
Qwen2.5-7B-Instruct,8,9,0.2962962962962963,False,unit_normalized,mechanism,persona_roleplay,C_k,0.779041051864624
Qwen2.5-7B-Instruct,8,9,0.2962962962962963,False,unit_normalized,mechanism,persona_roleplay,parallel_energy_fraction,0.6069049604903398
Qwen2.5-7B-Instruct,8,9,0.2962962962962963,False,unit_normalized,mechanism,persona_roleplay,residual_energy_fraction,0.3930950395096602
Qwen2.5-7B-Instruct,8,9,0.2962962962962963,False,unit_normalized,mechanism,encoding_obfuscation,C_k,0.7353225946426392
Qwen2.5-7B-Instruct,8,9,0.2962962962962963,False,unit_normalized,mechanism,encoding_obfuscation,parallel_energy_fraction,0.540699318191983
Qwen2.5-7B-Instruct,8,9,0.2962962962962963,False,unit_normalized,mechanism,encoding_obfuscation,residual_energy_fraction,0.459300681808017
Qwen2.5-7B-Instruct,8,9,0.2962962962962963,False,unit_normalized,mechanism,payload_splitting,C_k,0.8315336108207703
Qwen2.5-7B-Instruct,8,9,0.2962962962962963,False,unit_normalized,mechanism,payload_splitting,parallel_energy_fraction,0.6914481459246282
Qwen2.5-7B-Instruct,8,9,0.2962962962962963,False,unit_normalized,mechanism,payload_splitting,residual_energy_fraction,0.3085518540753718
Qwen2.5-7B-Instruct,8,9,0.2962962962962963,False,unit_normalized,mechanism,distractors_negated,C_k,0.7396068572998047
Qwen2.5-7B-Instruct,8,9,0.2962962962962963,False,unit_normalized,mechanism,distractors_negated,parallel_energy_fraction,0.5470183033648937
Qwen2.5-7B-Instruct,8,9,0.2962962962962963,False,unit_normalized,mechanism,distractors_negated,residual_energy_fraction,0.45298169663510635
Qwen2.5-7B-Instruct,8,9,0.2962962962962963,False,unit_normalized,category,CO,mean_coverage,0.8303961157798767
Qwen2.5-7B-Instruct,8,9,0.2962962962962963,False,unit_normalized,category,CO,minimum_coverage,0.779041051864624
Qwen2.5-7B-Instruct,8,9,0.2962962962962963,False,unit_normalized,category,CO,coverage_standard_deviation,0.046264663338661194
Qwen2.5-7B-Instruct,8,9,0.2962962962962963,False,unit_normalized,category,CO,resultant_length,0.8303959965705872
Qwen2.5-7B-Instruct,8,9,0.2962962962962963,False,unit_normalized,category,MG,mean_coverage,0.7688210010528564
Qwen2.5-7B-Instruct,8,9,0.2962962962962963,False,unit_normalized,category,MG,minimum_coverage,0.7353225946426392
Qwen2.5-7B-Instruct,8,9,0.2962962962962963,False,unit_normalized,category,MG,coverage_standard_deviation,0.05435292422771454
Qwen2.5-7B-Instruct,8,9,0.2962962962962963,False,unit_normalized,category,MG,resultant_length,0.7688210606575012
Qwen2.5-7B-Instruct,8,9,0.2962962962962963,False,raw_magnitude,mechanism,prefix_injection,C_k,0.8562052845954895
Qwen2.5-7B-Instruct,8,9,0.2962962962962963,False,raw_magnitude,mechanism,prefix_injection,parallel_energy_fraction,0.7330874893692432
Qwen2.5-7B-Instruct,8,9,0.2962962962962963,False,raw_magnitude,mechanism,prefix_injection,residual_energy_fraction,0.2669125106307568
Qwen2.5-7B-Instruct,8,9,0.2962962962962963,False,raw_magnitude,mechanism,refusal_suppression,C_k,0.8669905662536621
Qwen2.5-7B-Instruct,8,9,0.2962962962962963,False,raw_magnitude,mechanism,refusal_suppression,parallel_energy_fraction,0.7516726419728457
Qwen2.5-7B-Instruct,8,9,0.2962962962962963,False,raw_magnitude,mechanism,refusal_suppression,residual_energy_fraction,0.24832735802715433
Qwen2.5-7B-Instruct,8,9,0.2962962962962963,False,raw_magnitude,mechanism,persona_roleplay,C_k,0.7672337889671326
Qwen2.5-7B-Instruct,8,9,0.2962962962962963,False,raw_magnitude,mechanism,persona_roleplay,parallel_energy_fraction,0.5886476869328625
Qwen2.5-7B-Instruct,8,9,0.2962962962962963,False,raw_magnitude,mechanism,persona_roleplay,residual_energy_fraction,0.4113523130671375
Qwen2.5-7B-Instruct,8,9,0.2962962962962963,False,raw_magnitude,mechanism,encoding_obfuscation,C_k,0.7567813396453857
Qwen2.5-7B-Instruct,8,9,0.2962962962962963,False,raw_magnitude,mechanism,encoding_obfuscation,parallel_energy_fraction,0.5727179960354647
Qwen2.5-7B-Instruct,8,9,0.2962962962962963,False,raw_magnitude,mechanism,encoding_obfuscation,residual_energy_fraction,0.4272820039645353
Qwen2.5-7B-Instruct,8,9,0.2962962962962963,False,raw_magnitude,mechanism,payload_splitting,C_k,0.8309764862060547
Qwen2.5-7B-Instruct,8,9,0.2962962962962963,False,raw_magnitude,mechanism,payload_splitting,parallel_energy_fraction,0.6905219206273614
Qwen2.5-7B-Instruct,8,9,0.2962962962962963,False,raw_magnitude,mechanism,payload_splitting,residual_energy_fraction,0.3094780793726386
Qwen2.5-7B-Instruct,8,9,0.2962962962962963,False,raw_magnitude,mechanism,distractors_negated,C_k,0.7172442674636841
Qwen2.5-7B-Instruct,8,9,0.2962962962962963,False,raw_magnitude,mechanism,distractors_negated,parallel_energy_fraction,0.5144393392095168
Qwen2.5-7B-Instruct,8,9,0.2962962962962963,False,raw_magnitude,mechanism,distractors_negated,residual_energy_fraction,0.4855606607904832
Qwen2.5-7B-Instruct,8,9,0.2962962962962963,False,raw_magnitude,category,CO,mean_coverage,0.8301432132720947
Qwen2.5-7B-Instruct,8,9,0.2962962962962963,False,raw_magnitude,category,CO,minimum_coverage,0.7672337889671326
Qwen2.5-7B-Instruct,8,9,0.2962962962962963,False,raw_magnitude,category,CO,coverage_standard_deviation,0.05474739521741867
Qwen2.5-7B-Instruct,8,9,0.2962962962962963,False,raw_magnitude,category,CO,resultant_length,0.8303959965705872
Qwen2.5-7B-Instruct,8,9,0.2962962962962963,False,raw_magnitude,category,MG,mean_coverage,0.7683340907096863
Qwen2.5-7B-Instruct,8,9,0.2962962962962963,False,raw_magnitude,category,MG,minimum_coverage,0.7172442674636841
Qwen2.5-7B-Instruct,8,9,0.2962962962962963,False,raw_magnitude,category,MG,coverage_standard_deviation,0.05773952603340149
Qwen2.5-7B-Instruct,8,9,0.2962962962962963,False,raw_magnitude,category,MG,resultant_length,0.7688210606575012
Qwen2.5-7B-Instruct,9,10,0.3333333333333333,False,unit_normalized,mechanism,prefix_injection,C_k,0.8565316200256348
Qwen2.5-7B-Instruct,9,10,0.3333333333333333,False,unit_normalized,mechanism,prefix_injection,parallel_energy_fraction,0.7336464161037384
Qwen2.5-7B-Instruct,9,10,0.3333333333333333,False,unit_normalized,mechanism,prefix_injection,residual_energy_fraction,0.2663535838962616
Qwen2.5-7B-Instruct,9,10,0.3333333333333333,False,unit_normalized,mechanism,refusal_suppression,C_k,0.8738514184951782
Qwen2.5-7B-Instruct,9,10,0.3333333333333333,False,unit_normalized,mechanism,refusal_suppression,parallel_energy_fraction,0.7636163016060351
Qwen2.5-7B-Instruct,9,10,0.3333333333333333,False,unit_normalized,mechanism,refusal_suppression,residual_energy_fraction,0.2363836983939649
Qwen2.5-7B-Instruct,9,10,0.3333333333333333,False,unit_normalized,mechanism,persona_roleplay,C_k,0.811579704284668
Qwen2.5-7B-Instruct,9,10,0.3333333333333333,False,unit_normalized,mechanism,persona_roleplay,parallel_energy_fraction,0.6586616164067891
Qwen2.5-7B-Instruct,9,10,0.3333333333333333,False,unit_normalized,mechanism,persona_roleplay,residual_energy_fraction,0.3413383835932109
Qwen2.5-7B-Instruct,9,10,0.3333333333333333,False,unit_normalized,mechanism,encoding_obfuscation,C_k,0.771437406539917
Qwen2.5-7B-Instruct,9,10,0.3333333333333333,False,unit_normalized,mechanism,encoding_obfuscation,parallel_energy_fraction,0.5951156722090332
Qwen2.5-7B-Instruct,9,10,0.3333333333333333,False,unit_normalized,mechanism,encoding_obfuscation,residual_energy_fraction,0.40488432779096684
Qwen2.5-7B-Instruct,9,10,0.3333333333333333,False,unit_normalized,mechanism,payload_splitting,C_k,0.8448857069015503
Qwen2.5-7B-Instruct,9,10,0.3333333333333333,False,unit_normalized,mechanism,payload_splitting,parallel_energy_fraction,0.7138318577265323
Qwen2.5-7B-Instruct,9,10,0.3333333333333333,False,unit_normalized,mechanism,payload_splitting,residual_energy_fraction,0.28616814227346765
Qwen2.5-7B-Instruct,9,10,0.3333333333333333,False,unit_normalized,mechanism,distractors_negated,C_k,0.7402716279029846
Qwen2.5-7B-Instruct,9,10,0.3333333333333333,False,unit_normalized,mechanism,distractors_negated,parallel_energy_fraction,0.5480020830781349
Qwen2.5-7B-Instruct,9,10,0.3333333333333333,False,unit_normalized,mechanism,distractors_negated,residual_energy_fraction,0.4519979169218651
Qwen2.5-7B-Instruct,9,10,0.3333333333333333,False,unit_normalized,category,CO,mean_coverage,0.8473208546638489
Qwen2.5-7B-Instruct,9,10,0.3333333333333333,False,unit_normalized,category,CO,minimum_coverage,0.811579704284668
Qwen2.5-7B-Instruct,9,10,0.3333333333333333,False,unit_normalized,category,CO,coverage_standard_deviation,0.03214139863848686
Qwen2.5-7B-Instruct,9,10,0.3333333333333333,False,unit_normalized,category,CO,resultant_length,0.8473208546638489
Qwen2.5-7B-Instruct,9,10,0.3333333333333333,False,unit_normalized,category,MG,mean_coverage,0.7855315804481506
Qwen2.5-7B-Instruct,9,10,0.3333333333333333,False,unit_normalized,category,MG,minimum_coverage,0.7402716279029846
Qwen2.5-7B-Instruct,9,10,0.3333333333333333,False,unit_normalized,category,MG,coverage_standard_deviation,0.05371229723095894
Qwen2.5-7B-Instruct,9,10,0.3333333333333333,False,unit_normalized,category,MG,resultant_length,0.7855316996574402
Qwen2.5-7B-Instruct,9,10,0.3333333333333333,False,raw_magnitude,mechanism,prefix_injection,C_k,0.8655410408973694
Qwen2.5-7B-Instruct,9,10,0.3333333333333333,False,raw_magnitude,mechanism,prefix_injection,parallel_energy_fraction,0.7491612934777017
Qwen2.5-7B-Instruct,9,10,0.3333333333333333,False,raw_magnitude,mechanism,prefix_injection,residual_energy_fraction,0.25083870652229834
Qwen2.5-7B-Instruct,9,10,0.3333333333333333,False,raw_magnitude,mechanism,refusal_suppression,C_k,0.8716809749603271
Qwen2.5-7B-Instruct,9,10,0.3333333333333333,False,raw_magnitude,mechanism,refusal_suppression,parallel_energy_fraction,0.7598277221077865
Qwen2.5-7B-Instruct,9,10,0.3333333333333333,False,raw_magnitude,mechanism,refusal_suppression,residual_energy_fraction,0.24017227789221351
Qwen2.5-7B-Instruct,9,10,0.3333333333333333,False,raw_magnitude,mechanism,persona_roleplay,C_k,0.8043386340141296
Qwen2.5-7B-Instruct,9,10,0.3333333333333333,False,raw_magnitude,mechanism,persona_roleplay,parallel_energy_fraction,0.646960638167716
Qwen2.5-7B-Instruct,9,10,0.3333333333333333,False,raw_magnitude,mechanism,persona_roleplay,residual_energy_fraction,0.353039361832284
Qwen2.5-7B-Instruct,9,10,0.3333333333333333,False,raw_magnitude,mechanism,encoding_obfuscation,C_k,0.7791321277618408
Qwen2.5-7B-Instruct,9,10,0.3333333333333333,False,raw_magnitude,mechanism,encoding_obfuscation,parallel_energy_fraction,0.6070468725106934
Qwen2.5-7B-Instruct,9,10,0.3333333333333333,False,raw_magnitude,mechanism,encoding_obfuscation,residual_energy_fraction,0.39295312748930655
Qwen2.5-7B-Instruct,9,10,0.3333333333333333,False,raw_magnitude,mechanism,payload_splitting,C_k,0.8545221090316772
Qwen2.5-7B-Instruct,9,10,0.3333333333333333,False,raw_magnitude,mechanism,payload_splitting,parallel_energy_fraction,0.7302080348239457
Qwen2.5-7B-Instruct,9,10,0.3333333333333333,False,raw_magnitude,mechanism,payload_splitting,residual_energy_fraction,0.2697919651760543
Qwen2.5-7B-Instruct,9,10,0.3333333333333333,False,raw_magnitude,mechanism,distractors_negated,C_k,0.7220423221588135
Qwen2.5-7B-Instruct,9,10,0.3333333333333333,False,raw_magnitude,mechanism,distractors_negated,parallel_energy_fraction,0.5213451149884918
Qwen2.5-7B-Instruct,9,10,0.3333333333333333,False,raw_magnitude,mechanism,distractors_negated,residual_energy_fraction,0.4786548850115082
Qwen2.5-7B-Instruct,9,10,0.3333333333333333,False,raw_magnitude,category,CO,mean_coverage,0.8471868634223938
Qwen2.5-7B-Instruct,9,10,0.3333333333333333,False,raw_magnitude,category,CO,minimum_coverage,0.8043386340141296
Qwen2.5-7B-Instruct,9,10,0.3333333333333333,False,raw_magnitude,category,CO,coverage_standard_deviation,0.03723444789648056
Qwen2.5-7B-Instruct,9,10,0.3333333333333333,False,raw_magnitude,category,CO,resultant_length,0.8473208546638489
Qwen2.5-7B-Instruct,9,10,0.3333333333333333,False,raw_magnitude,category,MG,mean_coverage,0.7852322459220886
Qwen2.5-7B-Instruct,9,10,0.3333333333333333,False,raw_magnitude,category,MG,minimum_coverage,0.7220423221588135
Qwen2.5-7B-Instruct,9,10,0.3333333333333333,False,raw_magnitude,category,MG,coverage_standard_deviation,0.06645021587610245
Qwen2.5-7B-Instruct,9,10,0.3333333333333333,False,raw_magnitude,category,MG,resultant_length,0.7855316996574402
Qwen2.5-7B-Instruct,10,11,0.37037037037037035,False,unit_normalized,mechanism,prefix_injection,C_k,0.849435031414032
Qwen2.5-7B-Instruct,10,11,0.37037037037037035,False,unit_normalized,mechanism,prefix_injection,parallel_energy_fraction,0.7215398725933575
Qwen2.5-7B-Instruct,10,11,0.37037037037037035,False,unit_normalized,mechanism,prefix_injection,residual_energy_fraction,0.2784601274066425
Qwen2.5-7B-Instruct,10,11,0.37037037037037035,False,unit_normalized,mechanism,refusal_suppression,C_k,0.8497142791748047
Qwen2.5-7B-Instruct,10,11,0.37037037037037035,False,unit_normalized,mechanism,refusal_suppression,parallel_energy_fraction,0.7220143562335579
Qwen2.5-7B-Instruct,10,11,0.37037037037037035,False,unit_normalized,mechanism,refusal_suppression,residual_energy_fraction,0.2779856437664421
Qwen2.5-7B-Instruct,10,11,0.37037037037037035,False,unit_normalized,mechanism,persona_roleplay,C_k,0.7924516201019287
Qwen2.5-7B-Instruct,10,11,0.37037037037037035,False,unit_normalized,mechanism,persona_roleplay,parallel_energy_fraction,0.6279795702021715
Qwen2.5-7B-Instruct,10,11,0.37037037037037035,False,unit_normalized,mechanism,persona_roleplay,residual_energy_fraction,0.37202042979782846
Qwen2.5-7B-Instruct,10,11,0.37037037037037035,False,unit_normalized,mechanism,encoding_obfuscation,C_k,0.8341695666313171
Qwen2.5-7B-Instruct,10,11,0.37037037037037035,False,unit_normalized,mechanism,encoding_obfuscation,parallel_energy_fraction,0.6958388658938794
Qwen2.5-7B-Instruct,10,11,0.37037037037037035,False,unit_normalized,mechanism,encoding_obfuscation,residual_energy_fraction,0.30416113410612056
Qwen2.5-7B-Instruct,10,11,0.37037037037037035,False,unit_normalized,mechanism,payload_splitting,C_k,0.8758165836334229
Qwen2.5-7B-Instruct,10,11,0.37037037037037035,False,unit_normalized,mechanism,payload_splitting,parallel_energy_fraction,0.7670546881673204
Qwen2.5-7B-Instruct,10,11,0.37037037037037035,False,unit_normalized,mechanism,payload_splitting,residual_energy_fraction,0.23294531183267964
Qwen2.5-7B-Instruct,10,11,0.37037037037037035,False,unit_normalized,mechanism,distractors_negated,C_k,0.7904740571975708
Qwen2.5-7B-Instruct,10,11,0.37037037037037035,False,unit_normalized,mechanism,distractors_negated,parallel_energy_fraction,0.6248492351023884
Qwen2.5-7B-Instruct,10,11,0.37037037037037035,False,unit_normalized,mechanism,distractors_negated,residual_energy_fraction,0.37515076489761157
Qwen2.5-7B-Instruct,10,11,0.37037037037037035,False,unit_normalized,category,CO,mean_coverage,0.8305336833000183
Qwen2.5-7B-Instruct,10,11,0.37037037037037035,False,unit_normalized,category,CO,minimum_coverage,0.7924516201019287
Qwen2.5-7B-Instruct,10,11,0.37037037037037035,False,unit_normalized,category,CO,coverage_standard_deviation,0.0329802967607975
Qwen2.5-7B-Instruct,10,11,0.37037037037037035,False,unit_normalized,category,CO,resultant_length,0.8305337429046631
Qwen2.5-7B-Instruct,10,11,0.37037037037037035,False,unit_normalized,category,MG,mean_coverage,0.8334867358207703
Qwen2.5-7B-Instruct,10,11,0.37037037037037035,False,unit_normalized,category,MG,minimum_coverage,0.7904740571975708
Qwen2.5-7B-Instruct,10,11,0.37037037037037035,False,unit_normalized,category,MG,coverage_standard_deviation,0.042675361037254333
Qwen2.5-7B-Instruct,10,11,0.37037037037037035,False,unit_normalized,category,MG,resultant_length,0.833486795425415
Qwen2.5-7B-Instruct,10,11,0.37037037037037035,False,raw_magnitude,mechanism,prefix_injection,C_k,0.850334882736206
Qwen2.5-7B-Instruct,10,11,0.37037037037037035,False,raw_magnitude,mechanism,prefix_injection,parallel_energy_fraction,0.7230694127979973
Qwen2.5-7B-Instruct,10,11,0.37037037037037035,False,raw_magnitude,mechanism,prefix_injection,residual_energy_fraction,0.2769305872020027
Qwen2.5-7B-Instruct,10,11,0.37037037037037035,False,raw_magnitude,mechanism,refusal_suppression,C_k,0.8436716198921204
Qwen2.5-7B-Instruct,10,11,0.37037037037037035,False,raw_magnitude,mechanism,refusal_suppression,parallel_energy_fraction,0.7117818022113944
Qwen2.5-7B-Instruct,10,11,0.37037037037037035,False,raw_magnitude,mechanism,refusal_suppression,residual_energy_fraction,0.2882181977886056
Qwen2.5-7B-Instruct,10,11,0.37037037037037035,False,raw_magnitude,mechanism,persona_roleplay,C_k,0.7974286675453186
Qwen2.5-7B-Instruct,10,11,0.37037037037037035,False,raw_magnitude,mechanism,persona_roleplay,parallel_energy_fraction,0.6358924798231023
Qwen2.5-7B-Instruct,10,11,0.37037037037037035,False,raw_magnitude,mechanism,persona_roleplay,residual_energy_fraction,0.36410752017689774
Qwen2.5-7B-Instruct,10,11,0.37037037037037035,False,raw_magnitude,mechanism,encoding_obfuscation,C_k,0.8372660875320435
Qwen2.5-7B-Instruct,10,11,0.37037037037037035,False,raw_magnitude,mechanism,encoding_obfuscation,parallel_energy_fraction,0.7010145013312155
Qwen2.5-7B-Instruct,10,11,0.37037037037037035,False,raw_magnitude,mechanism,encoding_obfuscation,residual_energy_fraction,0.29898549866878454
Qwen2.5-7B-Instruct,10,11,0.37037037037037035,False,raw_magnitude,mechanism,payload_splitting,C_k,0.8841785788536072
Qwen2.5-7B-Instruct,10,11,0.37037037037037035,False,raw_magnitude,mechanism,payload_splitting,parallel_energy_fraction,0.7817717593035844
Qwen2.5-7B-Instruct,10,11,0.37037037037037035,False,raw_magnitude,mechanism,payload_splitting,residual_energy_fraction,0.21822824069641555
Qwen2.5-7B-Instruct,10,11,0.37037037037037035,False,raw_magnitude,mechanism,distractors_negated,C_k,0.7784441709518433
Qwen2.5-7B-Instruct,10,11,0.37037037037037035,False,raw_magnitude,mechanism,distractors_negated,parallel_energy_fraction,0.6059753272889026
Qwen2.5-7B-Instruct,10,11,0.37037037037037035,False,raw_magnitude,mechanism,distractors_negated,residual_energy_fraction,0.3940246727110974
Qwen2.5-7B-Instruct,10,11,0.37037037037037035,False,raw_magnitude,category,CO,mean_coverage,0.8304783701896667
Qwen2.5-7B-Instruct,10,11,0.37037037037037035,False,raw_magnitude,category,CO,minimum_coverage,0.7974286675453186
Qwen2.5-7B-Instruct,10,11,0.37037037037037035,False,raw_magnitude,category,CO,coverage_standard_deviation,0.028815150260925293
Qwen2.5-7B-Instruct,10,11,0.37037037037037035,False,raw_magnitude,category,CO,resultant_length,0.8305337429046631
Qwen2.5-7B-Instruct,10,11,0.37037037037037035,False,raw_magnitude,category,MG,mean_coverage,0.8332962989807129
Qwen2.5-7B-Instruct,10,11,0.37037037037037035,False,raw_magnitude,category,MG,minimum_coverage,0.7784441709518433
Qwen2.5-7B-Instruct,10,11,0.37037037037037035,False,raw_magnitude,category,MG,coverage_standard_deviation,0.052978869527578354
Qwen2.5-7B-Instruct,10,11,0.37037037037037035,False,raw_magnitude,category,MG,resultant_length,0.833486795425415
Qwen2.5-7B-Instruct,11,12,0.4074074074074074,False,unit_normalized,mechanism,prefix_injection,C_k,0.8409236073493958
Qwen2.5-7B-Instruct,11,12,0.4074074074074074,False,unit_normalized,mechanism,prefix_injection,parallel_energy_fraction,0.7071525133975207
Qwen2.5-7B-Instruct,11,12,0.4074074074074074,False,unit_normalized,mechanism,prefix_injection,residual_energy_fraction,0.2928474866024793
Qwen2.5-7B-Instruct,11,12,0.4074074074074074,False,unit_normalized,mechanism,refusal_suppression,C_k,0.8435297012329102
Qwen2.5-7B-Instruct,11,12,0.4074074074074074,False,unit_normalized,mechanism,refusal_suppression,parallel_energy_fraction,0.7115423568620827
Qwen2.5-7B-Instruct,11,12,0.4074074074074074,False,unit_normalized,mechanism,refusal_suppression,residual_energy_fraction,0.28845764313791733
Qwen2.5-7B-Instruct,11,12,0.4074074074074074,False,unit_normalized,mechanism,persona_roleplay,C_k,0.787764847278595
Qwen2.5-7B-Instruct,11,12,0.4074074074074074,False,unit_normalized,mechanism,persona_roleplay,parallel_energy_fraction,0.6205734546078681
Qwen2.5-7B-Instruct,11,12,0.4074074074074074,False,unit_normalized,mechanism,persona_roleplay,residual_energy_fraction,0.37942654539213194
Qwen2.5-7B-Instruct,11,12,0.4074074074074074,False,unit_normalized,mechanism,encoding_obfuscation,C_k,0.8201401829719543
Qwen2.5-7B-Instruct,11,12,0.4074074074074074,False,unit_normalized,mechanism,encoding_obfuscation,parallel_energy_fraction,0.6726299197252708
Qwen2.5-7B-Instruct,11,12,0.4074074074074074,False,unit_normalized,mechanism,encoding_obfuscation,residual_energy_fraction,0.32737008027472925
Qwen2.5-7B-Instruct,11,12,0.4074074074074074,False,unit_normalized,mechanism,payload_splitting,C_k,0.8596883416175842
Qwen2.5-7B-Instruct,11,12,0.4074074074074074,False,unit_normalized,mechanism,payload_splitting,parallel_energy_fraction,0.7390640447131922
Qwen2.5-7B-Instruct,11,12,0.4074074074074074,False,unit_normalized,mechanism,payload_splitting,residual_energy_fraction,0.2609359552868078
Qwen2.5-7B-Instruct,11,12,0.4074074074074074,False,unit_normalized,mechanism,distractors_negated,C_k,0.7383332252502441
Qwen2.5-7B-Instruct,11,12,0.4074074074074074,False,unit_normalized,mechanism,distractors_negated,parallel_energy_fraction,0.5451359515084278
Qwen2.5-7B-Instruct,11,12,0.4074074074074074,False,unit_normalized,mechanism,distractors_negated,residual_energy_fraction,0.45486404849157225
Qwen2.5-7B-Instruct,11,12,0.4074074074074074,False,unit_normalized,category,CO,mean_coverage,0.8240726590156555
Qwen2.5-7B-Instruct,11,12,0.4074074074074074,False,unit_normalized,category,CO,minimum_coverage,0.787764847278595
Qwen2.5-7B-Instruct,11,12,0.4074074074074074,False,unit_normalized,category,CO,coverage_standard_deviation,0.03147052600979805
Qwen2.5-7B-Instruct,11,12,0.4074074074074074,False,unit_normalized,category,CO,resultant_length,0.8240727186203003
Qwen2.5-7B-Instruct,11,12,0.4074074074074074,False,unit_normalized,category,MG,mean_coverage,0.8060539364814758
Qwen2.5-7B-Instruct,11,12,0.4074074074074074,False,unit_normalized,category,MG,minimum_coverage,0.7383332252502441
Qwen2.5-7B-Instruct,11,12,0.4074074074074074,False,unit_normalized,category,MG,coverage_standard_deviation,0.06189170479774475
Qwen2.5-7B-Instruct,11,12,0.4074074074074074,False,unit_normalized,category,MG,resultant_length,0.806053876876831
Qwen2.5-7B-Instruct,11,12,0.4074074074074074,False,raw_magnitude,mechanism,prefix_injection,C_k,0.8503739237785339
Qwen2.5-7B-Instruct,11,12,0.4074074074074074,False,raw_magnitude,mechanism,prefix_injection,parallel_energy_fraction,0.7231358102424998
Qwen2.5-7B-Instruct,11,12,0.4074074074074074,False,raw_magnitude,mechanism,prefix_injection,residual_energy_fraction,0.27686418975750016
Qwen2.5-7B-Instruct,11,12,0.4074074074074074,False,raw_magnitude,mechanism,refusal_suppression,C_k,0.8305490016937256
Qwen2.5-7B-Instruct,11,12,0.4074074074074074,False,raw_magnitude,mechanism,refusal_suppression,parallel_energy_fraction,0.6898116442144442
Qwen2.5-7B-Instruct,11,12,0.4074074074074074,False,raw_magnitude,mechanism,refusal_suppression,residual_energy_fraction,0.3101883557855558
Qwen2.5-7B-Instruct,11,12,0.4074074074074074,False,raw_magnitude,mechanism,persona_roleplay,C_k,0.7904700040817261
Qwen2.5-7B-Instruct,11,12,0.4074074074074074,False,raw_magnitude,mechanism,persona_roleplay,parallel_energy_fraction,0.624842827352964
Qwen2.5-7B-Instruct,11,12,0.4074074074074074,False,raw_magnitude,mechanism,persona_roleplay,residual_energy_fraction,0.37515717264703596
Qwen2.5-7B-Instruct,11,12,0.4074074074074074,False,raw_magnitude,mechanism,encoding_obfuscation,C_k,0.8384819626808167
Qwen2.5-7B-Instruct,11,12,0.4074074074074074,False,raw_magnitude,mechanism,encoding_obfuscation,parallel_energy_fraction,0.7030520017410744
Qwen2.5-7B-Instruct,11,12,0.4074074074074074,False,raw_magnitude,mechanism,encoding_obfuscation,residual_energy_fraction,0.2969479982589256
Qwen2.5-7B-Instruct,11,12,0.4074074074074074,False,raw_magnitude,mechanism,payload_splitting,C_k,0.8689866065979004
Qwen2.5-7B-Instruct,11,12,0.4074074074074074,False,raw_magnitude,mechanism,payload_splitting,parallel_energy_fraction,0.7551377224465341
Qwen2.5-7B-Instruct,11,12,0.4074074074074074,False,raw_magnitude,mechanism,payload_splitting,residual_energy_fraction,0.2448622775534659
Qwen2.5-7B-Instruct,11,12,0.4074074074074074,False,raw_magnitude,mechanism,distractors_negated,C_k,0.7083803415298462
Qwen2.5-7B-Instruct,11,12,0.4074074074074074,False,raw_magnitude,mechanism,distractors_negated,parallel_energy_fraction,0.5018027082659415
Qwen2.5-7B-Instruct,11,12,0.4074074074074074,False,raw_magnitude,mechanism,distractors_negated,residual_energy_fraction,0.49819729173405847
Qwen2.5-7B-Instruct,11,12,0.4074074074074074,False,raw_magnitude,category,CO,mean_coverage,0.8237977027893066
Qwen2.5-7B-Instruct,11,12,0.4074074074074074,False,raw_magnitude,category,CO,minimum_coverage,0.7904700040817261
Qwen2.5-7B-Instruct,11,12,0.4074074074074074,False,raw_magnitude,category,CO,coverage_standard_deviation,0.030517298728227615
Qwen2.5-7B-Instruct,11,12,0.4074074074074074,False,raw_magnitude,category,CO,resultant_length,0.8240727186203003
Qwen2.5-7B-Instruct,11,12,0.4074074074074074,False,raw_magnitude,category,MG,mean_coverage,0.8052828907966614
Qwen2.5-7B-Instruct,11,12,0.4074074074074074,False,raw_magnitude,category,MG,minimum_coverage,0.7083803415298462
Qwen2.5-7B-Instruct,11,12,0.4074074074074074,False,raw_magnitude,category,MG,coverage_standard_deviation,0.08529491722583771
Qwen2.5-7B-Instruct,11,12,0.4074074074074074,False,raw_magnitude,category,MG,resultant_length,0.806053876876831
Qwen2.5-7B-Instruct,12,13,0.4444444444444444,False,unit_normalized,mechanism,prefix_injection,C_k,0.8608037233352661
Qwen2.5-7B-Instruct,12,13,0.4444444444444444,False,unit_normalized,mechanism,prefix_injection,parallel_energy_fraction,0.7409830501078574
Qwen2.5-7B-Instruct,12,13,0.4444444444444444,False,unit_normalized,mechanism,prefix_injection,residual_energy_fraction,0.25901694989214263
Qwen2.5-7B-Instruct,12,13,0.4444444444444444,False,unit_normalized,mechanism,refusal_suppression,C_k,0.8726271390914917
Qwen2.5-7B-Instruct,12,13,0.4444444444444444,False,unit_normalized,mechanism,refusal_suppression,parallel_energy_fraction,0.7614781238790016
Qwen2.5-7B-Instruct,12,13,0.4444444444444444,False,unit_normalized,mechanism,refusal_suppression,residual_energy_fraction,0.2385218761209984
Qwen2.5-7B-Instruct,12,13,0.4444444444444444,False,unit_normalized,mechanism,persona_roleplay,C_k,0.8024678230285645
Qwen2.5-7B-Instruct,12,13,0.4444444444444444,False,unit_normalized,mechanism,persona_roleplay,parallel_energy_fraction,0.6439546069962034
Qwen2.5-7B-Instruct,12,13,0.4444444444444444,False,unit_normalized,mechanism,persona_roleplay,residual_energy_fraction,0.35604539300379656
Qwen2.5-7B-Instruct,12,13,0.4444444444444444,False,unit_normalized,mechanism,encoding_obfuscation,C_k,0.8224804997444153
Qwen2.5-7B-Instruct,12,13,0.4444444444444444,False,unit_normalized,mechanism,encoding_obfuscation,parallel_energy_fraction,0.6764741724598231
Qwen2.5-7B-Instruct,12,13,0.4444444444444444,False,unit_normalized,mechanism,encoding_obfuscation,residual_energy_fraction,0.3235258275401769
Qwen2.5-7B-Instruct,12,13,0.4444444444444444,False,unit_normalized,mechanism,payload_splitting,C_k,0.8592565059661865
Qwen2.5-7B-Instruct,12,13,0.4444444444444444,False,unit_normalized,mechanism,payload_splitting,parallel_energy_fraction,0.7383217430452191
Qwen2.5-7B-Instruct,12,13,0.4444444444444444,False,unit_normalized,mechanism,payload_splitting,residual_energy_fraction,0.26167825695478086
Qwen2.5-7B-Instruct,12,13,0.4444444444444444,False,unit_normalized,mechanism,distractors_negated,C_k,0.7353575229644775
Qwen2.5-7B-Instruct,12,13,0.4444444444444444,False,unit_normalized,mechanism,distractors_negated,parallel_energy_fraction,0.5407506865804521
Qwen2.5-7B-Instruct,12,13,0.4444444444444444,False,unit_normalized,mechanism,distractors_negated,residual_energy_fraction,0.4592493134195479
Qwen2.5-7B-Instruct,12,13,0.4444444444444444,False,unit_normalized,category,CO,mean_coverage,0.8452995419502258
Qwen2.5-7B-Instruct,12,13,0.4444444444444444,False,unit_normalized,category,CO,minimum_coverage,0.8024678230285645
Qwen2.5-7B-Instruct,12,13,0.4444444444444444,False,unit_normalized,category,CO,coverage_standard_deviation,0.037561506032943726
Qwen2.5-7B-Instruct,12,13,0.4444444444444444,False,unit_normalized,category,CO,resultant_length,0.8452994227409363
Qwen2.5-7B-Instruct,12,13,0.4444444444444444,False,unit_normalized,category,MG,mean_coverage,0.8056981563568115
Qwen2.5-7B-Instruct,12,13,0.4444444444444444,False,unit_normalized,category,MG,minimum_coverage,0.7353575229644775
Qwen2.5-7B-Instruct,12,13,0.4444444444444444,False,unit_normalized,category,MG,coverage_standard_deviation,0.06363154947757721
Qwen2.5-7B-Instruct,12,13,0.4444444444444444,False,unit_normalized,category,MG,resultant_length,0.8056981563568115
Qwen2.5-7B-Instruct,12,13,0.4444444444444444,False,raw_magnitude,mechanism,prefix_injection,C_k,0.8725038170814514
Qwen2.5-7B-Instruct,12,13,0.4444444444444444,False,raw_magnitude,mechanism,prefix_injection,parallel_energy_fraction,0.7612629108217028
Qwen2.5-7B-Instruct,12,13,0.4444444444444444,False,raw_magnitude,mechanism,prefix_injection,residual_energy_fraction,0.23873708917829717
Qwen2.5-7B-Instruct,12,13,0.4444444444444444,False,raw_magnitude,mechanism,refusal_suppression,C_k,0.865572452545166
Qwen2.5-7B-Instruct,12,13,0.4444444444444444,False,raw_magnitude,mechanism,refusal_suppression,parallel_energy_fraction,0.7492156706050537
Qwen2.5-7B-Instruct,12,13,0.4444444444444444,False,raw_magnitude,mechanism,refusal_suppression,residual_energy_fraction,0.2507843293949463
Qwen2.5-7B-Instruct,12,13,0.4444444444444444,False,raw_magnitude,mechanism,persona_roleplay,C_k,0.7970501780509949
Qwen2.5-7B-Instruct,12,13,0.4444444444444444,False,raw_magnitude,mechanism,persona_roleplay,parallel_energy_fraction,0.6352889863311226
Qwen2.5-7B-Instruct,12,13,0.4444444444444444,False,raw_magnitude,mechanism,persona_roleplay,residual_energy_fraction,0.36471101366887737
Qwen2.5-7B-Instruct,12,13,0.4444444444444444,False,raw_magnitude,mechanism,encoding_obfuscation,C_k,0.8419528603553772
Qwen2.5-7B-Instruct,12,13,0.4444444444444444,False,raw_magnitude,mechanism,encoding_obfuscation,parallel_energy_fraction,0.7088846190606013
Qwen2.5-7B-Instruct,12,13,0.4444444444444444,False,raw_magnitude,mechanism,encoding_obfuscation,residual_energy_fraction,0.2911153809393987
Qwen2.5-7B-Instruct,12,13,0.4444444444444444,False,raw_magnitude,mechanism,payload_splitting,C_k,0.864784836769104
Qwen2.5-7B-Instruct,12,13,0.4444444444444444,False,raw_magnitude,mechanism,payload_splitting,parallel_energy_fraction,0.7478528139057659
Qwen2.5-7B-Instruct,12,13,0.4444444444444444,False,raw_magnitude,mechanism,payload_splitting,residual_energy_fraction,0.25214718609423414
Qwen2.5-7B-Instruct,12,13,0.4444444444444444,False,raw_magnitude,mechanism,distractors_negated,C_k,0.7083365321159363
Qwen2.5-7B-Instruct,12,13,0.4444444444444444,False,raw_magnitude,mechanism,distractors_negated,parallel_energy_fraction,0.5017406427300308
Qwen2.5-7B-Instruct,12,13,0.4444444444444444,False,raw_magnitude,mechanism,distractors_negated,residual_energy_fraction,0.49825935726996917
Qwen2.5-7B-Instruct,12,13,0.4444444444444444,False,raw_magnitude,category,CO,mean_coverage,0.8450421690940857
Qwen2.5-7B-Instruct,12,13,0.4444444444444444,False,raw_magnitude,category,CO,minimum_coverage,0.7970501780509949
Qwen2.5-7B-Instruct,12,13,0.4444444444444444,False,raw_magnitude,category,CO,coverage_standard_deviation,0.04170650988817215
Qwen2.5-7B-Instruct,12,13,0.4444444444444444,False,raw_magnitude,category,CO,resultant_length,0.8452994227409363
Qwen2.5-7B-Instruct,12,13,0.4444444444444444,False,raw_magnitude,category,MG,mean_coverage,0.8050248026847839
Qwen2.5-7B-Instruct,12,13,0.4444444444444444,False,raw_magnitude,category,MG,minimum_coverage,0.7083365321159363
Qwen2.5-7B-Instruct,12,13,0.4444444444444444,False,raw_magnitude,category,MG,coverage_standard_deviation,0.08450906723737717
Qwen2.5-7B-Instruct,12,13,0.4444444444444444,False,raw_magnitude,category,MG,resultant_length,0.8056981563568115
Qwen2.5-7B-Instruct,13,14,0.48148148148148145,False,unit_normalized,mechanism,prefix_injection,C_k,0.8438782095909119
Qwen2.5-7B-Instruct,13,14,0.48148148148148145,False,unit_normalized,mechanism,prefix_injection,parallel_energy_fraction,0.712130432622363
Qwen2.5-7B-Instruct,13,14,0.48148148148148145,False,unit_normalized,mechanism,prefix_injection,residual_energy_fraction,0.287869567377637
Qwen2.5-7B-Instruct,13,14,0.48148148148148145,False,unit_normalized,mechanism,refusal_suppression,C_k,0.8571625351905823
Qwen2.5-7B-Instruct,13,14,0.48148148148148145,False,unit_normalized,mechanism,refusal_suppression,parallel_energy_fraction,0.7347276117343462
Qwen2.5-7B-Instruct,13,14,0.48148148148148145,False,unit_normalized,mechanism,refusal_suppression,residual_energy_fraction,0.2652723882656538
Qwen2.5-7B-Instruct,13,14,0.48148148148148145,False,unit_normalized,mechanism,persona_roleplay,C_k,0.765234112739563
Qwen2.5-7B-Instruct,13,14,0.48148148148148145,False,unit_normalized,mechanism,persona_roleplay,parallel_energy_fraction,0.5855832473003062
Qwen2.5-7B-Instruct,13,14,0.48148148148148145,False,unit_normalized,mechanism,persona_roleplay,residual_energy_fraction,0.4144167526996938
Qwen2.5-7B-Instruct,13,14,0.48148148148148145,False,unit_normalized,mechanism,encoding_obfuscation,C_k,0.8298094868659973
Qwen2.5-7B-Instruct,13,14,0.48148148148148145,False,unit_normalized,mechanism,encoding_obfuscation,parallel_energy_fraction,0.6885837844928098
Qwen2.5-7B-Instruct,13,14,0.48148148148148145,False,unit_normalized,mechanism,encoding_obfuscation,residual_energy_fraction,0.31141621550719023
Qwen2.5-7B-Instruct,13,14,0.48148148148148145,False,unit_normalized,mechanism,payload_splitting,C_k,0.8628037571907043
Qwen2.5-7B-Instruct,13,14,0.48148148148148145,False,unit_normalized,mechanism,payload_splitting,parallel_energy_fraction,0.7444303234223959
Qwen2.5-7B-Instruct,13,14,0.48148148148148145,False,unit_normalized,mechanism,payload_splitting,residual_energy_fraction,0.2555696765776041
Qwen2.5-7B-Instruct,13,14,0.48148148148148145,False,unit_normalized,mechanism,distractors_negated,C_k,0.7355976700782776
Qwen2.5-7B-Instruct,13,14,0.48148148148148145,False,unit_normalized,mechanism,distractors_negated,parallel_energy_fraction,0.5411039322245905
Qwen2.5-7B-Instruct,13,14,0.48148148148148145,False,unit_normalized,mechanism,distractors_negated,residual_energy_fraction,0.4588960677754095
Qwen2.5-7B-Instruct,13,14,0.48148148148148145,False,unit_normalized,category,CO,mean_coverage,0.8220915794372559
Qwen2.5-7B-Instruct,13,14,0.48148148148148145,False,unit_normalized,category,CO,minimum_coverage,0.765234112739563
Qwen2.5-7B-Instruct,13,14,0.48148148148148145,False,unit_normalized,category,CO,coverage_standard_deviation,0.049686018377542496
Qwen2.5-7B-Instruct,13,14,0.48148148148148145,False,unit_normalized,category,CO,resultant_length,0.8220915794372559
Qwen2.5-7B-Instruct,13,14,0.48148148148148145,False,unit_normalized,category,MG,mean_coverage,0.809403657913208
Qwen2.5-7B-Instruct,13,14,0.48148148148148145,False,unit_normalized,category,MG,minimum_coverage,0.7355976700782776
Qwen2.5-7B-Instruct,13,14,0.48148148148148145,False,unit_normalized,category,MG,coverage_standard_deviation,0.06601247191429138
Qwen2.5-7B-Instruct,13,14,0.48148148148148145,False,unit_normalized,category,MG,resultant_length,0.809403657913208
Qwen2.5-7B-Instruct,13,14,0.48148148148148145,False,raw_magnitude,mechanism,prefix_injection,C_k,0.8613690137863159
Qwen2.5-7B-Instruct,13,14,0.48148148148148145,False,raw_magnitude,mechanism,prefix_injection,parallel_energy_fraction,0.7419565779112105
Qwen2.5-7B-Instruct,13,14,0.48148148148148145,False,raw_magnitude,mechanism,prefix_injection,residual_energy_fraction,0.2580434220887895
Qwen2.5-7B-Instruct,13,14,0.48148148148148145,False,raw_magnitude,mechanism,refusal_suppression,C_k,0.8478103280067444
Qwen2.5-7B-Instruct,13,14,0.48148148148148145,False,raw_magnitude,mechanism,refusal_suppression,parallel_energy_fraction,0.7187823522749035
Qwen2.5-7B-Instruct,13,14,0.48148148148148145,False,raw_magnitude,mechanism,refusal_suppression,residual_energy_fraction,0.2812176477250965
Qwen2.5-7B-Instruct,13,14,0.48148148148148145,False,raw_magnitude,mechanism,persona_roleplay,C_k,0.7556064128875732
Qwen2.5-7B-Instruct,13,14,0.48148148148148145,False,raw_magnitude,mechanism,persona_roleplay,parallel_energy_fraction,0.5709410511968258
Qwen2.5-7B-Instruct,13,14,0.48148148148148145,False,raw_magnitude,mechanism,persona_roleplay,residual_energy_fraction,0.4290589488031742
Qwen2.5-7B-Instruct,13,14,0.48148148148148145,False,raw_magnitude,mechanism,encoding_obfuscation,C_k,0.8468344211578369
Qwen2.5-7B-Instruct,13,14,0.48148148148148145,False,raw_magnitude,mechanism,encoding_obfuscation,parallel_energy_fraction,0.7171285368577287
Qwen2.5-7B-Instruct,13,14,0.48148148148148145,False,raw_magnitude,mechanism,encoding_obfuscation,residual_energy_fraction,0.2828714631422713
Qwen2.5-7B-Instruct,13,14,0.48148148148148145,False,raw_magnitude,mechanism,payload_splitting,C_k,0.8651967644691467
Qwen2.5-7B-Instruct,13,14,0.48148148148148145,False,raw_magnitude,mechanism,payload_splitting,parallel_energy_fraction,0.7485654412478802
Qwen2.5-7B-Instruct,13,14,0.48148148148148145,False,raw_magnitude,mechanism,payload_splitting,residual_energy_fraction,0.25143455875211984
Qwen2.5-7B-Instruct,13,14,0.48148148148148145,False,raw_magnitude,mechanism,distractors_negated,C_k,0.7148139476776123
Qwen2.5-7B-Instruct,13,14,0.48148148148148145,False,raw_magnitude,mechanism,distractors_negated,parallel_energy_fraction,0.5109589797944523
Qwen2.5-7B-Instruct,13,14,0.48148148148148145,False,raw_magnitude,mechanism,distractors_negated,residual_energy_fraction,0.48904102020554774
Qwen2.5-7B-Instruct,13,14,0.48148148148148145,False,raw_magnitude,category,CO,mean_coverage,0.8215952515602112
Qwen2.5-7B-Instruct,13,14,0.48148148148148145,False,raw_magnitude,category,CO,minimum_coverage,0.7556064128875732
Qwen2.5-7B-Instruct,13,14,0.48148148148148145,False,raw_magnitude,category,CO,coverage_standard_deviation,0.05754871666431427
Qwen2.5-7B-Instruct,13,14,0.48148148148148145,False,raw_magnitude,category,CO,resultant_length,0.8220915794372559
Qwen2.5-7B-Instruct,13,14,0.48148148148148145,False,raw_magnitude,category,MG,mean_coverage,0.8089483380317688
Qwen2.5-7B-Instruct,13,14,0.48148148148148145,False,raw_magnitude,category,MG,minimum_coverage,0.7148139476776123
Qwen2.5-7B-Instruct,13,14,0.48148148148148145,False,raw_magnitude,category,MG,coverage_standard_deviation,0.08203817158937454
Qwen2.5-7B-Instruct,13,14,0.48148148148148145,False,raw_magnitude,category,MG,resultant_length,0.809403657913208
Qwen2.5-7B-Instruct,14,15,0.5185185185185185,False,unit_normalized,mechanism,prefix_injection,C_k,0.8126732110977173
Qwen2.5-7B-Instruct,14,15,0.5185185185185185,False,unit_normalized,mechanism,prefix_injection,parallel_energy_fraction,0.660437748035875
Qwen2.5-7B-Instruct,14,15,0.5185185185185185,False,unit_normalized,mechanism,prefix_injection,residual_energy_fraction,0.33956225196412504
Qwen2.5-7B-Instruct,14,15,0.5185185185185185,False,unit_normalized,mechanism,refusal_suppression,C_k,0.8630351424217224
Qwen2.5-7B-Instruct,14,15,0.5185185185185185,False,unit_normalized,mechanism,refusal_suppression,parallel_energy_fraction,0.7448296570548827
Qwen2.5-7B-Instruct,14,15,0.5185185185185185,False,unit_normalized,mechanism,refusal_suppression,residual_energy_fraction,0.2551703429451173
Qwen2.5-7B-Instruct,14,15,0.5185185185185185,False,unit_normalized,mechanism,persona_roleplay,C_k,0.762968897819519
Qwen2.5-7B-Instruct,14,15,0.5185185185185185,False,unit_normalized,mechanism,persona_roleplay,parallel_energy_fraction,0.5821215390399317
Qwen2.5-7B-Instruct,14,15,0.5185185185185185,False,unit_normalized,mechanism,persona_roleplay,residual_energy_fraction,0.4178784609600683
Qwen2.5-7B-Instruct,14,15,0.5185185185185185,False,unit_normalized,mechanism,encoding_obfuscation,C_k,0.8386089205741882
Qwen2.5-7B-Instruct,14,15,0.5185185185185185,False,unit_normalized,mechanism,encoding_obfuscation,parallel_energy_fraction,0.7032649216666051
Qwen2.5-7B-Instruct,14,15,0.5185185185185185,False,unit_normalized,mechanism,encoding_obfuscation,residual_energy_fraction,0.29673507833339485
Qwen2.5-7B-Instruct,14,15,0.5185185185185185,False,unit_normalized,mechanism,payload_splitting,C_k,0.8792979121208191
Qwen2.5-7B-Instruct,14,15,0.5185185185185185,False,unit_normalized,mechanism,payload_splitting,parallel_energy_fraction,0.7731648182600317
Qwen2.5-7B-Instruct,14,15,0.5185185185185185,False,unit_normalized,mechanism,payload_splitting,residual_energy_fraction,0.2268351817399683
Qwen2.5-7B-Instruct,14,15,0.5185185185185185,False,unit_normalized,mechanism,distractors_negated,C_k,0.742506206035614
Qwen2.5-7B-Instruct,14,15,0.5185185185185185,False,unit_normalized,mechanism,distractors_negated,parallel_energy_fraction,0.5513154660014017
Qwen2.5-7B-Instruct,14,15,0.5185185185185185,False,unit_normalized,mechanism,distractors_negated,residual_energy_fraction,0.4486845339985983
Qwen2.5-7B-Instruct,14,15,0.5185185185185185,False,unit_normalized,category,CO,mean_coverage,0.8128924369812012
Qwen2.5-7B-Instruct,14,15,0.5185185185185185,False,unit_normalized,category,CO,minimum_coverage,0.762968897819519
Qwen2.5-7B-Instruct,14,15,0.5185185185185185,False,unit_normalized,category,CO,coverage_standard_deviation,0.050033483654260635
Qwen2.5-7B-Instruct,14,15,0.5185185185185185,False,unit_normalized,category,CO,resultant_length,0.812892496585846
Qwen2.5-7B-Instruct,14,15,0.5185185185185185,False,unit_normalized,category,MG,mean_coverage,0.8201376795768738
Qwen2.5-7B-Instruct,14,15,0.5185185185185185,False,unit_normalized,category,MG,minimum_coverage,0.742506206035614
Qwen2.5-7B-Instruct,14,15,0.5185185185185185,False,unit_normalized,category,MG,coverage_standard_deviation,0.07024160027503967
Qwen2.5-7B-Instruct,14,15,0.5185185185185185,False,unit_normalized,category,MG,resultant_length,0.8201377391815186
Qwen2.5-7B-Instruct,14,15,0.5185185185185185,False,raw_magnitude,mechanism,prefix_injection,C_k,0.8577008247375488
Qwen2.5-7B-Instruct,14,15,0.5185185185185185,False,raw_magnitude,mechanism,prefix_injection,parallel_energy_fraction,0.7356507047554715
Qwen2.5-7B-Instruct,14,15,0.5185185185185185,False,raw_magnitude,mechanism,prefix_injection,residual_energy_fraction,0.26434929524452855
Qwen2.5-7B-Instruct,14,15,0.5185185185185185,False,raw_magnitude,mechanism,refusal_suppression,C_k,0.8531363010406494
Qwen2.5-7B-Instruct,14,15,0.5185185185185185,False,raw_magnitude,mechanism,refusal_suppression,parallel_energy_fraction,0.7278415481533216
Qwen2.5-7B-Instruct,14,15,0.5185185185185185,False,raw_magnitude,mechanism,refusal_suppression,residual_energy_fraction,0.2721584518466784
Qwen2.5-7B-Instruct,14,15,0.5185185185185185,False,raw_magnitude,mechanism,persona_roleplay,C_k,0.7194532752037048
Qwen2.5-7B-Instruct,14,15,0.5185185185185185,False,raw_magnitude,mechanism,persona_roleplay,parallel_energy_fraction,0.5176130152013378
Qwen2.5-7B-Instruct,14,15,0.5185185185185185,False,raw_magnitude,mechanism,persona_roleplay,residual_energy_fraction,0.48238698479866216
Qwen2.5-7B-Instruct,14,15,0.5185185185185185,False,raw_magnitude,mechanism,encoding_obfuscation,C_k,0.8562254905700684
Qwen2.5-7B-Instruct,14,15,0.5185185185185185,False,raw_magnitude,mechanism,encoding_obfuscation,parallel_energy_fraction,0.7331220907019542
Qwen2.5-7B-Instruct,14,15,0.5185185185185185,False,raw_magnitude,mechanism,encoding_obfuscation,residual_energy_fraction,0.2668779092980458
Qwen2.5-7B-Instruct,14,15,0.5185185185185185,False,raw_magnitude,mechanism,payload_splitting,C_k,0.8824119567871094
Qwen2.5-7B-Instruct,14,15,0.5185185185185185,False,raw_magnitude,mechanism,payload_splitting,parallel_energy_fraction,0.7786508614808554
Qwen2.5-7B-Instruct,14,15,0.5185185185185185,False,raw_magnitude,mechanism,payload_splitting,residual_energy_fraction,0.22134913851914462
Qwen2.5-7B-Instruct,14,15,0.5185185185185185,False,raw_magnitude,mechanism,distractors_negated,C_k,0.7202125787734985
Qwen2.5-7B-Instruct,14,15,0.5185185185185185,False,raw_magnitude,mechanism,distractors_negated,parallel_energy_fraction,0.5187061586235728
Qwen2.5-7B-Instruct,14,15,0.5185185185185185,False,raw_magnitude,mechanism,distractors_negated,residual_energy_fraction,0.48129384137642717
Qwen2.5-7B-Instruct,14,15,0.5185185185185185,False,raw_magnitude,category,CO,mean_coverage,0.810096800327301
Qwen2.5-7B-Instruct,14,15,0.5185185185185185,False,raw_magnitude,category,CO,minimum_coverage,0.7194532752037048
Qwen2.5-7B-Instruct,14,15,0.5185185185185185,False,raw_magnitude,category,CO,coverage_standard_deviation,0.07853276282548904
Qwen2.5-7B-Instruct,14,15,0.5185185185185185,False,raw_magnitude,category,CO,resultant_length,0.812892496585846
Qwen2.5-7B-Instruct,14,15,0.5185185185185185,False,raw_magnitude,category,MG,mean_coverage,0.8196166157722473
Qwen2.5-7B-Instruct,14,15,0.5185185185185185,False,raw_magnitude,category,MG,minimum_coverage,0.7202125787734985
Qwen2.5-7B-Instruct,14,15,0.5185185185185185,False,raw_magnitude,category,MG,coverage_standard_deviation,0.08707647770643234
Qwen2.5-7B-Instruct,14,15,0.5185185185185185,False,raw_magnitude,category,MG,resultant_length,0.8201377391815186
Qwen2.5-7B-Instruct,15,16,0.5555555555555556,False,unit_normalized,mechanism,prefix_injection,C_k,0.8109466433525085
Qwen2.5-7B-Instruct,15,16,0.5555555555555556,False,unit_normalized,mechanism,prefix_injection,parallel_energy_fraction,0.6576344583647007
Qwen2.5-7B-Instruct,15,16,0.5555555555555556,False,unit_normalized,mechanism,prefix_injection,residual_energy_fraction,0.3423655416352993
Qwen2.5-7B-Instruct,15,16,0.5555555555555556,False,unit_normalized,mechanism,refusal_suppression,C_k,0.866087019443512
Qwen2.5-7B-Instruct,15,16,0.5555555555555556,False,unit_normalized,mechanism,refusal_suppression,parallel_energy_fraction,0.7501067252485463
Qwen2.5-7B-Instruct,15,16,0.5555555555555556,False,unit_normalized,mechanism,refusal_suppression,residual_energy_fraction,0.24989327475145373
Qwen2.5-7B-Instruct,15,16,0.5555555555555556,False,unit_normalized,mechanism,persona_roleplay,C_k,0.7774057984352112
Qwen2.5-7B-Instruct,15,16,0.5555555555555556,False,unit_normalized,mechanism,persona_roleplay,parallel_energy_fraction,0.6043597754406882
Qwen2.5-7B-Instruct,15,16,0.5555555555555556,False,unit_normalized,mechanism,persona_roleplay,residual_energy_fraction,0.3956402245593118
Qwen2.5-7B-Instruct,15,16,0.5555555555555556,False,unit_normalized,mechanism,encoding_obfuscation,C_k,0.8345632553100586
Qwen2.5-7B-Instruct,15,16,0.5555555555555556,False,unit_normalized,mechanism,encoding_obfuscation,parallel_energy_fraction,0.696495827113722
Qwen2.5-7B-Instruct,15,16,0.5555555555555556,False,unit_normalized,mechanism,encoding_obfuscation,residual_energy_fraction,0.30350417288627796
Qwen2.5-7B-Instruct,15,16,0.5555555555555556,False,unit_normalized,mechanism,payload_splitting,C_k,0.8755585551261902
Qwen2.5-7B-Instruct,15,16,0.5555555555555556,False,unit_normalized,mechanism,payload_splitting,parallel_energy_fraction,0.7666027834546618
Qwen2.5-7B-Instruct,15,16,0.5555555555555556,False,unit_normalized,mechanism,payload_splitting,residual_energy_fraction,0.23339721654533818
Qwen2.5-7B-Instruct,15,16,0.5555555555555556,False,unit_normalized,mechanism,distractors_negated,C_k,0.7456114292144775
Qwen2.5-7B-Instruct,15,16,0.5555555555555556,False,unit_normalized,mechanism,distractors_negated,parallel_energy_fraction,0.5559364033752558
Qwen2.5-7B-Instruct,15,16,0.5555555555555556,False,unit_normalized,mechanism,distractors_negated,residual_energy_fraction,0.44406359662474415
Qwen2.5-7B-Instruct,15,16,0.5555555555555556,False,unit_normalized,category,CO,mean_coverage,0.8181464672088623
Qwen2.5-7B-Instruct,15,16,0.5555555555555556,False,unit_normalized,category,CO,minimum_coverage,0.7774057984352112
Qwen2.5-7B-Instruct,15,16,0.5555555555555556,False,unit_normalized,category,CO,coverage_standard_deviation,0.04477686807513237
Qwen2.5-7B-Instruct,15,16,0.5555555555555556,False,unit_normalized,category,CO,resultant_length,0.8181465864181519
Qwen2.5-7B-Instruct,15,16,0.5555555555555556,False,unit_normalized,category,MG,mean_coverage,0.818577766418457
Qwen2.5-7B-Instruct,15,16,0.5555555555555556,False,unit_normalized,category,MG,minimum_coverage,0.7456114292144775
Qwen2.5-7B-Instruct,15,16,0.5555555555555556,False,unit_normalized,category,MG,coverage_standard_deviation,0.06643204391002655
Qwen2.5-7B-Instruct,15,16,0.5555555555555556,False,unit_normalized,category,MG,resultant_length,0.8185778260231018
Qwen2.5-7B-Instruct,15,16,0.5555555555555556,False,raw_magnitude,mechanism,prefix_injection,C_k,0.8697474002838135
Qwen2.5-7B-Instruct,15,16,0.5555555555555556,False,raw_magnitude,mechanism,prefix_injection,parallel_energy_fraction,0.7564605403004521
Qwen2.5-7B-Instruct,15,16,0.5555555555555556,False,raw_magnitude,mechanism,prefix_injection,residual_energy_fraction,0.24353945969954793
Qwen2.5-7B-Instruct,15,16,0.5555555555555556,False,raw_magnitude,mechanism,refusal_suppression,C_k,0.8615498542785645
Qwen2.5-7B-Instruct,15,16,0.5555555555555556,False,raw_magnitude,mechanism,refusal_suppression,parallel_energy_fraction,0.7422681514074156
Qwen2.5-7B-Instruct,15,16,0.5555555555555556,False,raw_magnitude,mechanism,refusal_suppression,residual_energy_fraction,0.25773184859258436
Qwen2.5-7B-Instruct,15,16,0.5555555555555556,False,raw_magnitude,mechanism,persona_roleplay,C_k,0.7059552073478699
Qwen2.5-7B-Instruct,15,16,0.5555555555555556,False,raw_magnitude,mechanism,persona_roleplay,parallel_energy_fraction,0.49837275478157395
Qwen2.5-7B-Instruct,15,16,0.5555555555555556,False,raw_magnitude,mechanism,persona_roleplay,residual_energy_fraction,0.501627245218426
Qwen2.5-7B-Instruct,15,16,0.5555555555555556,False,raw_magnitude,mechanism,encoding_obfuscation,C_k,0.8501301407814026
Qwen2.5-7B-Instruct,15,16,0.5555555555555556,False,raw_magnitude,mechanism,encoding_obfuscation,parallel_energy_fraction,0.7227212562650074
Qwen2.5-7B-Instruct,15,16,0.5555555555555556,False,raw_magnitude,mechanism,encoding_obfuscation,residual_energy_fraction,0.2772787437349926
Qwen2.5-7B-Instruct,15,16,0.5555555555555556,False,raw_magnitude,mechanism,payload_splitting,C_k,0.8720767498016357
Qwen2.5-7B-Instruct,15,16,0.5555555555555556,False,raw_magnitude,mechanism,payload_splitting,parallel_energy_fraction,0.7605178575445848
Qwen2.5-7B-Instruct,15,16,0.5555555555555556,False,raw_magnitude,mechanism,payload_splitting,residual_energy_fraction,0.23948214245541521
Qwen2.5-7B-Instruct,15,16,0.5555555555555556,False,raw_magnitude,mechanism,distractors_negated,C_k,0.7324990034103394
Qwen2.5-7B-Instruct,15,16,0.5555555555555556,False,raw_magnitude,mechanism,distractors_negated,parallel_energy_fraction,0.5365547899971403
Qwen2.5-7B-Instruct,15,16,0.5555555555555556,False,raw_magnitude,mechanism,distractors_negated,residual_energy_fraction,0.46344521000285965
Qwen2.5-7B-Instruct,15,16,0.5555555555555556,False,raw_magnitude,category,CO,mean_coverage,0.8124175071716309
Qwen2.5-7B-Instruct,15,16,0.5555555555555556,False,raw_magnitude,category,CO,minimum_coverage,0.7059552073478699
Qwen2.5-7B-Instruct,15,16,0.5555555555555556,False,raw_magnitude,category,CO,coverage_standard_deviation,0.09229010343551636
Qwen2.5-7B-Instruct,15,16,0.5555555555555556,False,raw_magnitude,category,CO,resultant_length,0.8181465864181519
Qwen2.5-7B-Instruct,15,16,0.5555555555555556,False,raw_magnitude,category,MG,mean_coverage,0.8182352185249329
Qwen2.5-7B-Instruct,15,16,0.5555555555555556,False,raw_magnitude,category,MG,minimum_coverage,0.7324990034103394
Qwen2.5-7B-Instruct,15,16,0.5555555555555556,False,raw_magnitude,category,MG,coverage_standard_deviation,0.0750562995672226
Qwen2.5-7B-Instruct,15,16,0.5555555555555556,False,raw_magnitude,category,MG,resultant_length,0.8185778260231018
Qwen2.5-7B-Instruct,16,17,0.5925925925925926,True,unit_normalized,mechanism,prefix_injection,C_k,0.8090331554412842
Qwen2.5-7B-Instruct,16,17,0.5925925925925926,True,unit_normalized,mechanism,prefix_injection,parallel_energy_fraction,0.6545346466032811
Qwen2.5-7B-Instruct,16,17,0.5925925925925926,True,unit_normalized,mechanism,prefix_injection,residual_energy_fraction,0.3454653533967189
Qwen2.5-7B-Instruct,16,17,0.5925925925925926,True,unit_normalized,mechanism,refusal_suppression,C_k,0.8760632872581482
Qwen2.5-7B-Instruct,16,17,0.5925925925925926,True,unit_normalized,mechanism,refusal_suppression,parallel_energy_fraction,0.7674868832815527
Qwen2.5-7B-Instruct,16,17,0.5925925925925926,True,unit_normalized,mechanism,refusal_suppression,residual_energy_fraction,0.23251311671844732
Qwen2.5-7B-Instruct,16,17,0.5925925925925926,True,unit_normalized,mechanism,persona_roleplay,C_k,0.7797814607620239
Qwen2.5-7B-Instruct,16,17,0.5925925925925926,True,unit_normalized,mechanism,persona_roleplay,parallel_energy_fraction,0.6080591265481559
Qwen2.5-7B-Instruct,16,17,0.5925925925925926,True,unit_normalized,mechanism,persona_roleplay,residual_energy_fraction,0.39194087345184414
Qwen2.5-7B-Instruct,16,17,0.5925925925925926,True,unit_normalized,mechanism,encoding_obfuscation,C_k,0.8561857342720032
Qwen2.5-7B-Instruct,16,17,0.5925925925925926,True,unit_normalized,mechanism,encoding_obfuscation,parallel_energy_fraction,0.7330540115708892
Qwen2.5-7B-Instruct,16,17,0.5925925925925926,True,unit_normalized,mechanism,encoding_obfuscation,residual_energy_fraction,0.26694598842911077
Qwen2.5-7B-Instruct,16,17,0.5925925925925926,True,unit_normalized,mechanism,payload_splitting,C_k,0.895557165145874
Qwen2.5-7B-Instruct,16,17,0.5925925925925926,True,unit_normalized,mechanism,payload_splitting,parallel_energy_fraction,0.8020226360441143
Qwen2.5-7B-Instruct,16,17,0.5925925925925926,True,unit_normalized,mechanism,payload_splitting,residual_energy_fraction,0.19797736395588572
Qwen2.5-7B-Instruct,16,17,0.5925925925925926,True,unit_normalized,mechanism,distractors_negated,C_k,0.7785159349441528
Qwen2.5-7B-Instruct,16,17,0.5925925925925926,True,unit_normalized,mechanism,distractors_negated,parallel_energy_fraction,0.6060870609619684
Qwen2.5-7B-Instruct,16,17,0.5925925925925926,True,unit_normalized,mechanism,distractors_negated,residual_energy_fraction,0.3939129390380316
Qwen2.5-7B-Instruct,16,17,0.5925925925925926,True,unit_normalized,category,CO,mean_coverage,0.8216260075569153
Qwen2.5-7B-Instruct,16,17,0.5925925925925926,True,unit_normalized,category,CO,minimum_coverage,0.7797814607620239
Qwen2.5-7B-Instruct,16,17,0.5925925925925926,True,unit_normalized,category,CO,coverage_standard_deviation,0.0493607297539711
Qwen2.5-7B-Instruct,16,17,0.5925925925925926,True,unit_normalized,category,CO,resultant_length,0.8216260075569153
Qwen2.5-7B-Instruct,16,17,0.5925925925925926,True,unit_normalized,category,MG,mean_coverage,0.8434195518493652
Qwen2.5-7B-Instruct,16,17,0.5925925925925926,True,unit_normalized,category,MG,minimum_coverage,0.7785159349441528
Qwen2.5-7B-Instruct,16,17,0.5925925925925926,True,unit_normalized,category,MG,coverage_standard_deviation,0.059555795043706894
Qwen2.5-7B-Instruct,16,17,0.5925925925925926,True,unit_normalized,category,MG,resultant_length,0.8434194922447205
Qwen2.5-7B-Instruct,16,17,0.5925925925925926,True,raw_magnitude,mechanism,prefix_injection,C_k,0.8711749315261841
Qwen2.5-7B-Instruct,16,17,0.5925925925925926,True,raw_magnitude,mechanism,prefix_injection,parallel_energy_fraction,0.7589457613196515
Qwen2.5-7B-Instruct,16,17,0.5925925925925926,True,raw_magnitude,mechanism,prefix_injection,residual_energy_fraction,0.24105423868034848
Qwen2.5-7B-Instruct,16,17,0.5925925925925926,True,raw_magnitude,mechanism,refusal_suppression,C_k,0.8728995323181152
Qwen2.5-7B-Instruct,16,17,0.5925925925925926,True,raw_magnitude,mechanism,refusal_suppression,parallel_energy_fraction,0.7619535935211843
Qwen2.5-7B-Instruct,16,17,0.5925925925925926,True,raw_magnitude,mechanism,refusal_suppression,residual_energy_fraction,0.2380464064788157
Qwen2.5-7B-Instruct,16,17,0.5925925925925926,True,raw_magnitude,mechanism,persona_roleplay,C_k,0.7009247541427612
Qwen2.5-7B-Instruct,16,17,0.5925925925925926,True,raw_magnitude,mechanism,persona_roleplay,parallel_energy_fraction,0.4912955109700903
Qwen2.5-7B-Instruct,16,17,0.5925925925925926,True,raw_magnitude,mechanism,persona_roleplay,residual_energy_fraction,0.5087044890299097
Qwen2.5-7B-Instruct,16,17,0.5925925925925926,True,raw_magnitude,mechanism,encoding_obfuscation,C_k,0.8727622032165527
Qwen2.5-7B-Instruct,16,17,0.5925925925925926,True,raw_magnitude,mechanism,encoding_obfuscation,parallel_energy_fraction,0.7617138633634113
Qwen2.5-7B-Instruct,16,17,0.5925925925925926,True,raw_magnitude,mechanism,encoding_obfuscation,residual_energy_fraction,0.2382861366365887
Qwen2.5-7B-Instruct,16,17,0.5925925925925926,True,raw_magnitude,mechanism,payload_splitting,C_k,0.894614577293396
Qwen2.5-7B-Instruct,16,17,0.5925925925925926,True,raw_magnitude,mechanism,payload_splitting,parallel_energy_fraction,0.8003352419058416
Qwen2.5-7B-Instruct,16,17,0.5925925925925926,True,raw_magnitude,mechanism,payload_splitting,residual_energy_fraction,0.1996647580941584
Qwen2.5-7B-Instruct,16,17,0.5925925925925926,True,raw_magnitude,mechanism,distractors_negated,C_k,0.7614821195602417
Qwen2.5-7B-Instruct,16,17,0.5925925925925926,True,raw_magnitude,mechanism,distractors_negated,parallel_energy_fraction,0.5798550184099582
Qwen2.5-7B-Instruct,16,17,0.5925925925925926,True,raw_magnitude,mechanism,distractors_negated,residual_energy_fraction,0.42014498159004177
Qwen2.5-7B-Instruct,16,17,0.5925925925925926,True,raw_magnitude,category,CO,mean_coverage,0.8149997591972351
Qwen2.5-7B-Instruct,16,17,0.5925925925925926,True,raw_magnitude,category,CO,minimum_coverage,0.7009247541427612
Qwen2.5-7B-Instruct,16,17,0.5925925925925926,True,raw_magnitude,category,CO,coverage_standard_deviation,0.09879560023546219
Qwen2.5-7B-Instruct,16,17,0.5925925925925926,True,raw_magnitude,category,CO,resultant_length,0.8216260075569153
Qwen2.5-7B-Instruct,16,17,0.5925925925925926,True,raw_magnitude,category,MG,mean_coverage,0.8429529666900635
Qwen2.5-7B-Instruct,16,17,0.5925925925925926,True,raw_magnitude,category,MG,minimum_coverage,0.7614821195602417
Qwen2.5-7B-Instruct,16,17,0.5925925925925926,True,raw_magnitude,category,MG,coverage_standard_deviation,0.07139682024717331
Qwen2.5-7B-Instruct,16,17,0.5925925925925926,True,raw_magnitude,category,MG,resultant_length,0.8434194922447205
Qwen2.5-7B-Instruct,17,18,0.6296296296296297,False,unit_normalized,mechanism,prefix_injection,C_k,0.7478089332580566
Qwen2.5-7B-Instruct,17,18,0.6296296296296297,False,unit_normalized,mechanism,prefix_injection,parallel_energy_fraction,0.5592182006605526
Qwen2.5-7B-Instruct,17,18,0.6296296296296297,False,unit_normalized,mechanism,prefix_injection,residual_energy_fraction,0.4407817993394474
Qwen2.5-7B-Instruct,17,18,0.6296296296296297,False,unit_normalized,mechanism,refusal_suppression,C_k,0.8693239688873291
Qwen2.5-7B-Instruct,17,18,0.6296296296296297,False,unit_normalized,mechanism,refusal_suppression,parallel_energy_fraction,0.7557241628820179
Qwen2.5-7B-Instruct,17,18,0.6296296296296297,False,unit_normalized,mechanism,refusal_suppression,residual_energy_fraction,0.24427583711798206
Qwen2.5-7B-Instruct,17,18,0.6296296296296297,False,unit_normalized,mechanism,persona_roleplay,C_k,0.7543886303901672
Qwen2.5-7B-Instruct,17,18,0.6296296296296297,False,unit_normalized,mechanism,persona_roleplay,parallel_energy_fraction,0.5691022056619524
Qwen2.5-7B-Instruct,17,18,0.6296296296296297,False,unit_normalized,mechanism,persona_roleplay,residual_energy_fraction,0.43089779433804765
Qwen2.5-7B-Instruct,17,18,0.6296296296296297,False,unit_normalized,mechanism,encoding_obfuscation,C_k,0.8513191938400269
Qwen2.5-7B-Instruct,17,18,0.6296296296296297,False,unit_normalized,mechanism,encoding_obfuscation,parallel_energy_fraction,0.7247443698004332
Qwen2.5-7B-Instruct,17,18,0.6296296296296297,False,unit_normalized,mechanism,encoding_obfuscation,residual_energy_fraction,0.2752556301995668
Qwen2.5-7B-Instruct,17,18,0.6296296296296297,False,unit_normalized,mechanism,payload_splitting,C_k,0.887566328048706
Qwen2.5-7B-Instruct,17,18,0.6296296296296297,False,unit_normalized,mechanism,payload_splitting,parallel_energy_fraction,0.7877739866858633
Qwen2.5-7B-Instruct,17,18,0.6296296296296297,False,unit_normalized,mechanism,payload_splitting,residual_energy_fraction,0.2122260133141367
Qwen2.5-7B-Instruct,17,18,0.6296296296296297,False,unit_normalized,mechanism,distractors_negated,C_k,0.7648425698280334
Qwen2.5-7B-Instruct,17,18,0.6296296296296297,False,unit_normalized,mechanism,distractors_negated,parallel_energy_fraction,0.5849841566211502
Qwen2.5-7B-Instruct,17,18,0.6296296296296297,False,unit_normalized,mechanism,distractors_negated,residual_energy_fraction,0.4150158433788498
Qwen2.5-7B-Instruct,17,18,0.6296296296296297,False,unit_normalized,category,CO,mean_coverage,0.7905071377754211
Qwen2.5-7B-Instruct,17,18,0.6296296296296297,False,unit_normalized,category,CO,minimum_coverage,0.7478089332580566
Qwen2.5-7B-Instruct,17,18,0.6296296296296297,False,unit_normalized,category,CO,coverage_standard_deviation,0.06833657622337341
Qwen2.5-7B-Instruct,17,18,0.6296296296296297,False,unit_normalized,category,CO,resultant_length,0.7905071377754211
Qwen2.5-7B-Instruct,17,18,0.6296296296296297,False,unit_normalized,category,MG,mean_coverage,0.8345760703086853
Qwen2.5-7B-Instruct,17,18,0.6296296296296297,False,unit_normalized,category,MG,minimum_coverage,0.7648425698280334
Qwen2.5-7B-Instruct,17,18,0.6296296296296297,False,unit_normalized,category,MG,coverage_standard_deviation,0.06305180490016937
Qwen2.5-7B-Instruct,17,18,0.6296296296296297,False,unit_normalized,category,MG,resultant_length,0.8345760703086853
Qwen2.5-7B-Instruct,17,18,0.6296296296296297,False,raw_magnitude,mechanism,prefix_injection,C_k,0.8434451818466187
Qwen2.5-7B-Instruct,17,18,0.6296296296296297,False,raw_magnitude,mechanism,prefix_injection,parallel_energy_fraction,0.7113997747802756
Qwen2.5-7B-Instruct,17,18,0.6296296296296297,False,raw_magnitude,mechanism,prefix_injection,residual_energy_fraction,0.2886002252197244
Qwen2.5-7B-Instruct,17,18,0.6296296296296297,False,raw_magnitude,mechanism,refusal_suppression,C_k,0.8467593789100647
Qwen2.5-7B-Instruct,17,18,0.6296296296296297,False,raw_magnitude,mechanism,refusal_suppression,parallel_energy_fraction,0.7170014457721585
Qwen2.5-7B-Instruct,17,18,0.6296296296296297,False,raw_magnitude,mechanism,refusal_suppression,residual_energy_fraction,0.2829985542278415
Qwen2.5-7B-Instruct,17,18,0.6296296296296297,False,raw_magnitude,mechanism,persona_roleplay,C_k,0.6486184000968933
Qwen2.5-7B-Instruct,17,18,0.6296296296296297,False,raw_magnitude,mechanism,persona_roleplay,parallel_energy_fraction,0.42070582894425357
Qwen2.5-7B-Instruct,17,18,0.6296296296296297,False,raw_magnitude,mechanism,persona_roleplay,residual_energy_fraction,0.5792941710557464
Qwen2.5-7B-Instruct,17,18,0.6296296296296297,False,raw_magnitude,mechanism,encoding_obfuscation,C_k,0.8667811751365662
Qwen2.5-7B-Instruct,17,18,0.6296296296296297,False,raw_magnitude,mechanism,encoding_obfuscation,parallel_energy_fraction,0.7513096055711266
Qwen2.5-7B-Instruct,17,18,0.6296296296296297,False,raw_magnitude,mechanism,encoding_obfuscation,residual_energy_fraction,0.24869039442887342
Qwen2.5-7B-Instruct,17,18,0.6296296296296297,False,raw_magnitude,mechanism,payload_splitting,C_k,0.8838603496551514
Qwen2.5-7B-Instruct,17,18,0.6296296296296297,False,raw_magnitude,mechanism,payload_splitting,parallel_energy_fraction,0.7812091176925264
Qwen2.5-7B-Instruct,17,18,0.6296296296296297,False,raw_magnitude,mechanism,payload_splitting,residual_energy_fraction,0.21879088230747357
Qwen2.5-7B-Instruct,17,18,0.6296296296296297,False,raw_magnitude,mechanism,distractors_negated,C_k,0.751934289932251
Qwen2.5-7B-Instruct,17,18,0.6296296296296297,False,raw_magnitude,mechanism,distractors_negated,parallel_energy_fraction,0.5654051763759185
Qwen2.5-7B-Instruct,17,18,0.6296296296296297,False,raw_magnitude,mechanism,distractors_negated,residual_energy_fraction,0.4345948236240815
Qwen2.5-7B-Instruct,17,18,0.6296296296296297,False,raw_magnitude,category,CO,mean_coverage,0.7796077132225037
Qwen2.5-7B-Instruct,17,18,0.6296296296296297,False,raw_magnitude,category,CO,minimum_coverage,0.6486184000968933
Qwen2.5-7B-Instruct,17,18,0.6296296296296297,False,raw_magnitude,category,CO,coverage_standard_deviation,0.11345212161540985
Qwen2.5-7B-Instruct,17,18,0.6296296296296297,False,raw_magnitude,category,CO,resultant_length,0.7905071377754211
Qwen2.5-7B-Instruct,17,18,0.6296296296296297,False,raw_magnitude,category,MG,mean_coverage,0.8341919779777527
Qwen2.5-7B-Instruct,17,18,0.6296296296296297,False,raw_magnitude,category,MG,minimum_coverage,0.751934289932251
Qwen2.5-7B-Instruct,17,18,0.6296296296296297,False,raw_magnitude,category,MG,coverage_standard_deviation,0.07174722850322723
Qwen2.5-7B-Instruct,17,18,0.6296296296296297,False,raw_magnitude,category,MG,resultant_length,0.8345760703086853
Qwen2.5-7B-Instruct,18,19,0.6666666666666666,False,unit_normalized,mechanism,prefix_injection,C_k,0.74141526222229
Qwen2.5-7B-Instruct,18,19,0.6666666666666666,False,unit_normalized,mechanism,prefix_injection,parallel_energy_fraction,0.5496965910561471
Qwen2.5-7B-Instruct,18,19,0.6666666666666666,False,unit_normalized,mechanism,prefix_injection,residual_energy_fraction,0.4503034089438529
Qwen2.5-7B-Instruct,18,19,0.6666666666666666,False,unit_normalized,mechanism,refusal_suppression,C_k,0.8568180203437805
Qwen2.5-7B-Instruct,18,19,0.6666666666666666,False,unit_normalized,mechanism,refusal_suppression,parallel_energy_fraction,0.7341371199858351
Qwen2.5-7B-Instruct,18,19,0.6666666666666666,False,unit_normalized,mechanism,refusal_suppression,residual_energy_fraction,0.2658628800141649
Qwen2.5-7B-Instruct,18,19,0.6666666666666666,False,unit_normalized,mechanism,persona_roleplay,C_k,0.7379775643348694
Qwen2.5-7B-Instruct,18,19,0.6666666666666666,False,unit_normalized,mechanism,persona_roleplay,parallel_energy_fraction,0.5446108854616263
Qwen2.5-7B-Instruct,18,19,0.6666666666666666,False,unit_normalized,mechanism,persona_roleplay,residual_energy_fraction,0.4553891145383737
Qwen2.5-7B-Instruct,18,19,0.6666666666666666,False,unit_normalized,mechanism,encoding_obfuscation,C_k,0.8499632477760315
Qwen2.5-7B-Instruct,18,19,0.6666666666666666,False,unit_normalized,mechanism,encoding_obfuscation,parallel_energy_fraction,0.7224375225699795
Qwen2.5-7B-Instruct,18,19,0.6666666666666666,False,unit_normalized,mechanism,encoding_obfuscation,residual_energy_fraction,0.2775624774300205
Qwen2.5-7B-Instruct,18,19,0.6666666666666666,False,unit_normalized,mechanism,payload_splitting,C_k,0.8865085244178772
Qwen2.5-7B-Instruct,18,19,0.6666666666666666,False,unit_normalized,mechanism,payload_splitting,parallel_energy_fraction,0.785897363865562
Qwen2.5-7B-Instruct,18,19,0.6666666666666666,False,unit_normalized,mechanism,payload_splitting,residual_energy_fraction,0.21410263613443803
Qwen2.5-7B-Instruct,18,19,0.6666666666666666,False,unit_normalized,mechanism,distractors_negated,C_k,0.7898683547973633
Qwen2.5-7B-Instruct,18,19,0.6666666666666666,False,unit_normalized,mechanism,distractors_negated,parallel_energy_fraction,0.6238920179102934
Qwen2.5-7B-Instruct,18,19,0.6666666666666666,False,unit_normalized,mechanism,distractors_negated,residual_energy_fraction,0.37610798208970664
Qwen2.5-7B-Instruct,18,19,0.6666666666666666,False,unit_normalized,category,CO,mean_coverage,0.7787368893623352
Qwen2.5-7B-Instruct,18,19,0.6666666666666666,False,unit_normalized,category,CO,minimum_coverage,0.7379775643348694
Qwen2.5-7B-Instruct,18,19,0.6666666666666666,False,unit_normalized,category,CO,coverage_standard_deviation,0.06764203310012817
Qwen2.5-7B-Instruct,18,19,0.6666666666666666,False,unit_normalized,category,CO,resultant_length,0.7787368297576904
Qwen2.5-7B-Instruct,18,19,0.6666666666666666,False,unit_normalized,category,MG,mean_coverage,0.8421133160591125
Qwen2.5-7B-Instruct,18,19,0.6666666666666666,False,unit_normalized,category,MG,minimum_coverage,0.7898683547973633
Qwen2.5-7B-Instruct,18,19,0.6666666666666666,False,unit_normalized,category,MG,coverage_standard_deviation,0.04879596084356308
Qwen2.5-7B-Instruct,18,19,0.6666666666666666,False,unit_normalized,category,MG,resultant_length,0.8421134352684021
Qwen2.5-7B-Instruct,18,19,0.6666666666666666,False,raw_magnitude,mechanism,prefix_injection,C_k,0.8540481328964233
Qwen2.5-7B-Instruct,18,19,0.6666666666666666,False,raw_magnitude,mechanism,prefix_injection,parallel_energy_fraction,0.7293982133038668
Qwen2.5-7B-Instruct,18,19,0.6666666666666666,False,raw_magnitude,mechanism,prefix_injection,residual_energy_fraction,0.2706017866961332
Qwen2.5-7B-Instruct,18,19,0.6666666666666666,False,raw_magnitude,mechanism,refusal_suppression,C_k,0.8275460004806519
Qwen2.5-7B-Instruct,18,19,0.6666666666666666,False,raw_magnitude,mechanism,refusal_suppression,parallel_energy_fraction,0.684832382911523
Qwen2.5-7B-Instruct,18,19,0.6666666666666666,False,raw_magnitude,mechanism,refusal_suppression,residual_energy_fraction,0.31516761708847696
Qwen2.5-7B-Instruct,18,19,0.6666666666666666,False,raw_magnitude,mechanism,persona_roleplay,C_k,0.6093723773956299
Qwen2.5-7B-Instruct,18,19,0.6666666666666666,False,raw_magnitude,mechanism,persona_roleplay,parallel_energy_fraction,0.371334694332802
Qwen2.5-7B-Instruct,18,19,0.6666666666666666,False,raw_magnitude,mechanism,persona_roleplay,residual_energy_fraction,0.628665305667198
Qwen2.5-7B-Instruct,18,19,0.6666666666666666,False,raw_magnitude,mechanism,encoding_obfuscation,C_k,0.8670375943183899
Qwen2.5-7B-Instruct,18,19,0.6666666666666666,False,raw_magnitude,mechanism,encoding_obfuscation,parallel_energy_fraction,0.7517541899614208
Qwen2.5-7B-Instruct,18,19,0.6666666666666666,False,raw_magnitude,mechanism,encoding_obfuscation,residual_energy_fraction,0.24824581003857915
Qwen2.5-7B-Instruct,18,19,0.6666666666666666,False,raw_magnitude,mechanism,payload_splitting,C_k,0.8821292519569397
Qwen2.5-7B-Instruct,18,19,0.6666666666666666,False,raw_magnitude,mechanism,payload_splitting,parallel_energy_fraction,0.77815201715811
Qwen2.5-7B-Instruct,18,19,0.6666666666666666,False,raw_magnitude,mechanism,payload_splitting,residual_energy_fraction,0.22184798284189
Qwen2.5-7B-Instruct,18,19,0.6666666666666666,False,raw_magnitude,mechanism,distractors_negated,C_k,0.7757717967033386
Qwen2.5-7B-Instruct,18,19,0.6666666666666666,False,raw_magnitude,mechanism,distractors_negated,parallel_energy_fraction,0.6018218805603262
Qwen2.5-7B-Instruct,18,19,0.6666666666666666,False,raw_magnitude,mechanism,distractors_negated,residual_energy_fraction,0.39817811943967385
Qwen2.5-7B-Instruct,18,19,0.6666666666666666,False,raw_magnitude,category,CO,mean_coverage,0.7636554837226868
Qwen2.5-7B-Instruct,18,19,0.6666666666666666,False,raw_magnitude,category,CO,minimum_coverage,0.6093723773956299
Qwen2.5-7B-Instruct,18,19,0.6666666666666666,False,raw_magnitude,category,CO,coverage_standard_deviation,0.13426858186721802
Qwen2.5-7B-Instruct,18,19,0.6666666666666666,False,raw_magnitude,category,CO,resultant_length,0.7787368297576904
Qwen2.5-7B-Instruct,18,19,0.6666666666666666,False,raw_magnitude,category,MG,mean_coverage,0.8416461944580078
Qwen2.5-7B-Instruct,18,19,0.6666666666666666,False,raw_magnitude,category,MG,minimum_coverage,0.7757717967033386
Qwen2.5-7B-Instruct,18,19,0.6666666666666666,False,raw_magnitude,category,MG,coverage_standard_deviation,0.057545796036720276
Qwen2.5-7B-Instruct,18,19,0.6666666666666666,False,raw_magnitude,category,MG,resultant_length,0.8421134352684021
Qwen2.5-7B-Instruct,19,20,0.7037037037037037,False,unit_normalized,mechanism,prefix_injection,C_k,0.7483049035072327
Qwen2.5-7B-Instruct,19,20,0.7037037037037037,False,unit_normalized,mechanism,prefix_injection,parallel_energy_fraction,0.5599602286129688
Qwen2.5-7B-Instruct,19,20,0.7037037037037037,False,unit_normalized,mechanism,prefix_injection,residual_energy_fraction,0.4400397713870312
Qwen2.5-7B-Instruct,19,20,0.7037037037037037,False,unit_normalized,mechanism,refusal_suppression,C_k,0.8612809181213379
Qwen2.5-7B-Instruct,19,20,0.7037037037037037,False,unit_normalized,mechanism,refusal_suppression,parallel_energy_fraction,0.7418048199199347
Qwen2.5-7B-Instruct,19,20,0.7037037037037037,False,unit_normalized,mechanism,refusal_suppression,residual_energy_fraction,0.25819518008006526
Qwen2.5-7B-Instruct,19,20,0.7037037037037037,False,unit_normalized,mechanism,persona_roleplay,C_k,0.7610695362091064
Qwen2.5-7B-Instruct,19,20,0.7037037037037037,False,unit_normalized,mechanism,persona_roleplay,parallel_energy_fraction,0.5792268389455444
Qwen2.5-7B-Instruct,19,20,0.7037037037037037,False,unit_normalized,mechanism,persona_roleplay,residual_energy_fraction,0.4207731610544556
Qwen2.5-7B-Instruct,19,20,0.7037037037037037,False,unit_normalized,mechanism,encoding_obfuscation,C_k,0.878718912601471
Qwen2.5-7B-Instruct,19,20,0.7037037037037037,False,unit_normalized,mechanism,encoding_obfuscation,parallel_energy_fraction,0.7721469273635115
Qwen2.5-7B-Instruct,19,20,0.7037037037037037,False,unit_normalized,mechanism,encoding_obfuscation,residual_energy_fraction,0.22785307263648846
Qwen2.5-7B-Instruct,19,20,0.7037037037037037,False,unit_normalized,mechanism,payload_splitting,C_k,0.9049480557441711
Qwen2.5-7B-Instruct,19,20,0.7037037037037037,False,unit_normalized,mechanism,payload_splitting,parallel_energy_fraction,0.8189309835951555
Qwen2.5-7B-Instruct,19,20,0.7037037037037037,False,unit_normalized,mechanism,payload_splitting,residual_energy_fraction,0.18106901640484452
Qwen2.5-7B-Instruct,19,20,0.7037037037037037,False,unit_normalized,mechanism,distractors_negated,C_k,0.8432450890541077
Qwen2.5-7B-Instruct,19,20,0.7037037037037037,False,unit_normalized,mechanism,distractors_negated,parallel_energy_fraction,0.71106228021387
Qwen2.5-7B-Instruct,19,20,0.7037037037037037,False,unit_normalized,mechanism,distractors_negated,residual_energy_fraction,0.28893771978613003
Qwen2.5-7B-Instruct,19,20,0.7037037037037037,False,unit_normalized,category,CO,mean_coverage,0.7902184128761292
Qwen2.5-7B-Instruct,19,20,0.7037037037037037,False,unit_normalized,category,CO,minimum_coverage,0.7483049035072327
Qwen2.5-7B-Instruct,19,20,0.7037037037037037,False,unit_normalized,category,CO,coverage_standard_deviation,0.0618719607591629
Qwen2.5-7B-Instruct,19,20,0.7037037037037037,False,unit_normalized,category,CO,resultant_length,0.7902184724807739
Qwen2.5-7B-Instruct,19,20,0.7037037037037037,False,unit_normalized,category,MG,mean_coverage,0.8756373524665833
Qwen2.5-7B-Instruct,19,20,0.7037037037037037,False,unit_normalized,category,MG,minimum_coverage,0.8432450890541077
Qwen2.5-7B-Instruct,19,20,0.7037037037037037,False,unit_normalized,category,MG,coverage_standard_deviation,0.03096669167280197
Qwen2.5-7B-Instruct,19,20,0.7037037037037037,False,unit_normalized,category,MG,resultant_length,0.8756373524665833
Qwen2.5-7B-Instruct,19,20,0.7037037037037037,False,raw_magnitude,mechanism,prefix_injection,C_k,0.8574717044830322
Qwen2.5-7B-Instruct,19,20,0.7037037037037037,False,raw_magnitude,mechanism,prefix_injection,parallel_energy_fraction,0.7352577239890365
Qwen2.5-7B-Instruct,19,20,0.7037037037037037,False,raw_magnitude,mechanism,prefix_injection,residual_energy_fraction,0.26474227601096345
Qwen2.5-7B-Instruct,19,20,0.7037037037037037,False,raw_magnitude,mechanism,refusal_suppression,C_k,0.8320248126983643
Qwen2.5-7B-Instruct,19,20,0.7037037037037037,False,raw_magnitude,mechanism,refusal_suppression,parallel_energy_fraction,0.6922652889457481
Qwen2.5-7B-Instruct,19,20,0.7037037037037037,False,raw_magnitude,mechanism,refusal_suppression,residual_energy_fraction,0.3077347110542519
Qwen2.5-7B-Instruct,19,20,0.7037037037037037,False,raw_magnitude,mechanism,persona_roleplay,C_k,0.6359094977378845
Qwen2.5-7B-Instruct,19,20,0.7037037037037037,False,raw_magnitude,mechanism,persona_roleplay,parallel_energy_fraction,0.40438088931324856
Qwen2.5-7B-Instruct,19,20,0.7037037037037037,False,raw_magnitude,mechanism,persona_roleplay,residual_energy_fraction,0.5956191106867514
Qwen2.5-7B-Instruct,19,20,0.7037037037037037,False,raw_magnitude,mechanism,encoding_obfuscation,C_k,0.8956816792488098
Qwen2.5-7B-Instruct,19,20,0.7037037037037037,False,raw_magnitude,mechanism,encoding_obfuscation,parallel_energy_fraction,0.8022456705419678
Qwen2.5-7B-Instruct,19,20,0.7037037037037037,False,raw_magnitude,mechanism,encoding_obfuscation,residual_energy_fraction,0.19775432945803217
Qwen2.5-7B-Instruct,19,20,0.7037037037037037,False,raw_magnitude,mechanism,payload_splitting,C_k,0.8967212438583374
Qwen2.5-7B-Instruct,19,20,0.7037037037037037,False,raw_magnitude,mechanism,payload_splitting,parallel_energy_fraction,0.8041089891868438
Qwen2.5-7B-Instruct,19,20,0.7037037037037037,False,raw_magnitude,mechanism,payload_splitting,residual_energy_fraction,0.19589101081315619
Qwen2.5-7B-Instruct,19,20,0.7037037037037037,False,raw_magnitude,mechanism,distractors_negated,C_k,0.8326569199562073
Qwen2.5-7B-Instruct,19,20,0.7037037037037037,False,raw_magnitude,mechanism,distractors_negated,parallel_energy_fraction,0.6933175463509578
Qwen2.5-7B-Instruct,19,20,0.7037037037037037,False,raw_magnitude,mechanism,distractors_negated,residual_energy_fraction,0.30668245364904223
Qwen2.5-7B-Instruct,19,20,0.7037037037037037,False,raw_magnitude,category,CO,mean_coverage,0.775135338306427
Qwen2.5-7B-Instruct,19,20,0.7037037037037037,False,raw_magnitude,category,CO,minimum_coverage,0.6359094977378845
Qwen2.5-7B-Instruct,19,20,0.7037037037037037,False,raw_magnitude,category,CO,coverage_standard_deviation,0.12124257534742355
Qwen2.5-7B-Instruct,19,20,0.7037037037037037,False,raw_magnitude,category,CO,resultant_length,0.7902184724807739
Qwen2.5-7B-Instruct,19,20,0.7037037037037037,False,raw_magnitude,category,MG,mean_coverage,0.8750199675559998
Qwen2.5-7B-Instruct,19,20,0.7037037037037037,False,raw_magnitude,category,MG,minimum_coverage,0.8326569199562073
Qwen2.5-7B-Instruct,19,20,0.7037037037037037,False,raw_magnitude,category,MG,coverage_standard_deviation,0.03669114038348198
Qwen2.5-7B-Instruct,19,20,0.7037037037037037,False,raw_magnitude,category,MG,resultant_length,0.8756373524665833
Qwen2.5-7B-Instruct,20,21,0.7407407407407407,False,unit_normalized,mechanism,prefix_injection,C_k,0.7511309385299683
Qwen2.5-7B-Instruct,20,21,0.7407407407407407,False,unit_normalized,mechanism,prefix_injection,parallel_energy_fraction,0.564197686816911
Qwen2.5-7B-Instruct,20,21,0.7407407407407407,False,unit_normalized,mechanism,prefix_injection,residual_energy_fraction,0.43580231318308904
Qwen2.5-7B-Instruct,20,21,0.7407407407407407,False,unit_normalized,mechanism,refusal_suppression,C_k,0.8547219038009644
Qwen2.5-7B-Instruct,20,21,0.7407407407407407,False,unit_normalized,mechanism,refusal_suppression,parallel_energy_fraction,0.730549532837145
Qwen2.5-7B-Instruct,20,21,0.7407407407407407,False,unit_normalized,mechanism,refusal_suppression,residual_energy_fraction,0.26945046716285503
Qwen2.5-7B-Instruct,20,21,0.7407407407407407,False,unit_normalized,mechanism,persona_roleplay,C_k,0.7834255695343018
Qwen2.5-7B-Instruct,20,21,0.7407407407407407,False,unit_normalized,mechanism,persona_roleplay,parallel_energy_fraction,0.6137556230001451
Qwen2.5-7B-Instruct,20,21,0.7407407407407407,False,unit_normalized,mechanism,persona_roleplay,residual_energy_fraction,0.3862443769998549
Qwen2.5-7B-Instruct,20,21,0.7407407407407407,False,unit_normalized,mechanism,encoding_obfuscation,C_k,0.8800012469291687
Qwen2.5-7B-Instruct,20,21,0.7407407407407407,False,unit_normalized,mechanism,encoding_obfuscation,parallel_energy_fraction,0.7744021945968917
Qwen2.5-7B-Instruct,20,21,0.7407407407407407,False,unit_normalized,mechanism,encoding_obfuscation,residual_energy_fraction,0.22559780540310825
Qwen2.5-7B-Instruct,20,21,0.7407407407407407,False,unit_normalized,mechanism,payload_splitting,C_k,0.9095162153244019
Qwen2.5-7B-Instruct,20,21,0.7407407407407407,False,unit_normalized,mechanism,payload_splitting,parallel_energy_fraction,0.8272197459380237
Qwen2.5-7B-Instruct,20,21,0.7407407407407407,False,unit_normalized,mechanism,payload_splitting,residual_energy_fraction,0.17278025406197628
Qwen2.5-7B-Instruct,20,21,0.7407407407407407,False,unit_normalized,mechanism,distractors_negated,C_k,0.8612661361694336
Qwen2.5-7B-Instruct,20,21,0.7407407407407407,False,unit_normalized,mechanism,distractors_negated,parallel_energy_fraction,0.7417793573122253
Qwen2.5-7B-Instruct,20,21,0.7407407407407407,False,unit_normalized,mechanism,distractors_negated,residual_energy_fraction,0.25822064268777467
Qwen2.5-7B-Instruct,20,21,0.7407407407407407,False,unit_normalized,category,CO,mean_coverage,0.7964261174201965
Qwen2.5-7B-Instruct,20,21,0.7407407407407407,False,unit_normalized,category,CO,minimum_coverage,0.7511309385299683
Qwen2.5-7B-Instruct,20,21,0.7407407407407407,False,unit_normalized,category,CO,coverage_standard_deviation,0.05300502851605415
Qwen2.5-7B-Instruct,20,21,0.7407407407407407,False,unit_normalized,category,CO,resultant_length,0.7964261770248413
Qwen2.5-7B-Instruct,20,21,0.7407407407407407,False,unit_normalized,category,MG,mean_coverage,0.8835945129394531
Qwen2.5-7B-Instruct,20,21,0.7407407407407407,False,unit_normalized,category,MG,minimum_coverage,0.8612661361694336
Qwen2.5-7B-Instruct,20,21,0.7407407407407407,False,unit_normalized,category,MG,coverage_standard_deviation,0.02432491071522236
Qwen2.5-7B-Instruct,20,21,0.7407407407407407,False,unit_normalized,category,MG,resultant_length,0.8835945725440979
Qwen2.5-7B-Instruct,20,21,0.7407407407407407,False,raw_magnitude,mechanism,prefix_injection,C_k,0.8757854700088501
Qwen2.5-7B-Instruct,20,21,0.7407407407407407,False,raw_magnitude,mechanism,prefix_injection,parallel_energy_fraction,0.7670001894786225
Qwen2.5-7B-Instruct,20,21,0.7407407407407407,False,raw_magnitude,mechanism,prefix_injection,residual_energy_fraction,0.23299981052137753
Qwen2.5-7B-Instruct,20,21,0.7407407407407407,False,raw_magnitude,mechanism,refusal_suppression,C_k,0.8038133382797241
Qwen2.5-7B-Instruct,20,21,0.7407407407407407,False,raw_magnitude,mechanism,refusal_suppression,parallel_energy_fraction,0.6461158827963942
Qwen2.5-7B-Instruct,20,21,0.7407407407407407,False,raw_magnitude,mechanism,refusal_suppression,residual_energy_fraction,0.3538841172036058
Qwen2.5-7B-Instruct,20,21,0.7407407407407407,False,raw_magnitude,mechanism,persona_roleplay,C_k,0.6492969989776611
Qwen2.5-7B-Instruct,20,21,0.7407407407407407,False,raw_magnitude,mechanism,persona_roleplay,parallel_energy_fraction,0.4215865928813969
Qwen2.5-7B-Instruct,20,21,0.7407407407407407,False,raw_magnitude,mechanism,persona_roleplay,residual_energy_fraction,0.5784134071186031
Qwen2.5-7B-Instruct,20,21,0.7407407407407407,False,raw_magnitude,mechanism,encoding_obfuscation,C_k,0.9000985622406006
Qwen2.5-7B-Instruct,20,21,0.7407407407407407,False,raw_magnitude,mechanism,encoding_obfuscation,parallel_energy_fraction,0.8101774217475963
Qwen2.5-7B-Instruct,20,21,0.7407407407407407,False,raw_magnitude,mechanism,encoding_obfuscation,residual_energy_fraction,0.18982257825240367
Qwen2.5-7B-Instruct,20,21,0.7407407407407407,False,raw_magnitude,mechanism,payload_splitting,C_k,0.900815486907959
Qwen2.5-7B-Instruct,20,21,0.7407407407407407,False,raw_magnitude,mechanism,payload_splitting,parallel_energy_fraction,0.8114685414532232
Qwen2.5-7B-Instruct,20,21,0.7407407407407407,False,raw_magnitude,mechanism,payload_splitting,residual_energy_fraction,0.18853145854677678
Qwen2.5-7B-Instruct,20,21,0.7407407407407407,False,raw_magnitude,mechanism,distractors_negated,C_k,0.8472727537155151
Qwen2.5-7B-Instruct,20,21,0.7407407407407407,False,raw_magnitude,mechanism,distractors_negated,parallel_energy_fraction,0.717871119188672
Qwen2.5-7B-Instruct,20,21,0.7407407407407407,False,raw_magnitude,mechanism,distractors_negated,residual_energy_fraction,0.28212888081132803
Qwen2.5-7B-Instruct,20,21,0.7407407407407407,False,raw_magnitude,category,CO,mean_coverage,0.7762985825538635
Qwen2.5-7B-Instruct,20,21,0.7407407407407407,False,raw_magnitude,category,CO,minimum_coverage,0.6492969989776611
Qwen2.5-7B-Instruct,20,21,0.7407407407407407,False,raw_magnitude,category,CO,coverage_standard_deviation,0.11572403460741043
Qwen2.5-7B-Instruct,20,21,0.7407407407407407,False,raw_magnitude,category,CO,resultant_length,0.7964261770248413
Qwen2.5-7B-Instruct,20,21,0.7407407407407407,False,raw_magnitude,category,MG,mean_coverage,0.8827288746833801
Qwen2.5-7B-Instruct,20,21,0.7407407407407407,False,raw_magnitude,category,MG,minimum_coverage,0.8472727537155151
Qwen2.5-7B-Instruct,20,21,0.7407407407407407,False,raw_magnitude,category,MG,coverage_standard_deviation,0.03070804476737976
Qwen2.5-7B-Instruct,20,21,0.7407407407407407,False,raw_magnitude,category,MG,resultant_length,0.8835945725440979
Qwen2.5-7B-Instruct,21,22,0.7777777777777778,False,unit_normalized,mechanism,prefix_injection,C_k,0.7477954626083374
Qwen2.5-7B-Instruct,21,22,0.7777777777777778,False,unit_normalized,mechanism,prefix_injection,parallel_energy_fraction,0.5591980538976173
Qwen2.5-7B-Instruct,21,22,0.7777777777777778,False,unit_normalized,mechanism,prefix_injection,residual_energy_fraction,0.44080194610238266
Qwen2.5-7B-Instruct,21,22,0.7777777777777778,False,unit_normalized,mechanism,refusal_suppression,C_k,0.8461963534355164
Qwen2.5-7B-Instruct,21,22,0.7777777777777778,False,unit_normalized,mechanism,refusal_suppression,parallel_energy_fraction,0.7160482685675653
Qwen2.5-7B-Instruct,21,22,0.7777777777777778,False,unit_normalized,mechanism,refusal_suppression,residual_energy_fraction,0.2839517314324347
Qwen2.5-7B-Instruct,21,22,0.7777777777777778,False,unit_normalized,mechanism,persona_roleplay,C_k,0.7679129242897034
Qwen2.5-7B-Instruct,21,22,0.7777777777777778,False,unit_normalized,mechanism,persona_roleplay,parallel_energy_fraction,0.5896902592911637
Qwen2.5-7B-Instruct,21,22,0.7777777777777778,False,unit_normalized,mechanism,persona_roleplay,residual_energy_fraction,0.4103097407088363
Qwen2.5-7B-Instruct,21,22,0.7777777777777778,False,unit_normalized,mechanism,encoding_obfuscation,C_k,0.8881640434265137
Qwen2.5-7B-Instruct,21,22,0.7777777777777778,False,unit_normalized,mechanism,encoding_obfuscation,parallel_energy_fraction,0.7888353680357341
Qwen2.5-7B-Instruct,21,22,0.7777777777777778,False,unit_normalized,mechanism,encoding_obfuscation,residual_energy_fraction,0.21116463196426594
Qwen2.5-7B-Instruct,21,22,0.7777777777777778,False,unit_normalized,mechanism,payload_splitting,C_k,0.9090791344642639
Qwen2.5-7B-Instruct,21,22,0.7777777777777778,False,unit_normalized,mechanism,payload_splitting,parallel_energy_fraction,0.8264248727182952
Qwen2.5-7B-Instruct,21,22,0.7777777777777778,False,unit_normalized,mechanism,payload_splitting,residual_energy_fraction,0.17357512728170477
Qwen2.5-7B-Instruct,21,22,0.7777777777777778,False,unit_normalized,mechanism,distractors_negated,C_k,0.8788488507270813
Qwen2.5-7B-Instruct,21,22,0.7777777777777778,False,unit_normalized,mechanism,distractors_negated,parallel_energy_fraction,0.7723753024243116
Qwen2.5-7B-Instruct,21,22,0.7777777777777778,False,unit_normalized,mechanism,distractors_negated,residual_energy_fraction,0.22762469757568837
Qwen2.5-7B-Instruct,21,22,0.7777777777777778,False,unit_normalized,category,CO,mean_coverage,0.7873015403747559
Qwen2.5-7B-Instruct,21,22,0.7777777777777778,False,unit_normalized,category,CO,minimum_coverage,0.7477954626083374
Qwen2.5-7B-Instruct,21,22,0.7777777777777778,False,unit_normalized,category,CO,coverage_standard_deviation,0.05198676511645317
Qwen2.5-7B-Instruct,21,22,0.7777777777777778,False,unit_normalized,category,CO,resultant_length,0.7873014211654663
Qwen2.5-7B-Instruct,21,22,0.7777777777777778,False,unit_normalized,category,MG,mean_coverage,0.892030656337738
Qwen2.5-7B-Instruct,21,22,0.7777777777777778,False,unit_normalized,category,MG,minimum_coverage,0.8788488507270813
Qwen2.5-7B-Instruct,21,22,0.7777777777777778,False,unit_normalized,category,MG,coverage_standard_deviation,0.015481622889637947
Qwen2.5-7B-Instruct,21,22,0.7777777777777778,False,unit_normalized,category,MG,resultant_length,0.8920307159423828
Qwen2.5-7B-Instruct,21,22,0.7777777777777778,False,raw_magnitude,mechanism,prefix_injection,C_k,0.8680732846260071
Qwen2.5-7B-Instruct,21,22,0.7777777777777778,False,raw_magnitude,mechanism,prefix_injection,parallel_energy_fraction,0.7535512274813847
Qwen2.5-7B-Instruct,21,22,0.7777777777777778,False,raw_magnitude,mechanism,prefix_injection,residual_energy_fraction,0.2464487725186153
Qwen2.5-7B-Instruct,21,22,0.7777777777777778,False,raw_magnitude,mechanism,refusal_suppression,C_k,0.7984520792961121
Qwen2.5-7B-Instruct,21,22,0.7777777777777778,False,raw_magnitude,mechanism,refusal_suppression,parallel_energy_fraction,0.6375257229322848
Qwen2.5-7B-Instruct,21,22,0.7777777777777778,False,raw_magnitude,mechanism,refusal_suppression,residual_energy_fraction,0.3624742770677152
Qwen2.5-7B-Instruct,21,22,0.7777777777777778,False,raw_magnitude,mechanism,persona_roleplay,C_k,0.6423462629318237
Qwen2.5-7B-Instruct,21,22,0.7777777777777778,False,raw_magnitude,mechanism,persona_roleplay,parallel_energy_fraction,0.4126087215024796
Qwen2.5-7B-Instruct,21,22,0.7777777777777778,False,raw_magnitude,mechanism,persona_roleplay,residual_energy_fraction,0.5873912784975204
Qwen2.5-7B-Instruct,21,22,0.7777777777777778,False,raw_magnitude,mechanism,encoding_obfuscation,C_k,0.9064942598342896
Qwen2.5-7B-Instruct,21,22,0.7777777777777778,False,raw_magnitude,mechanism,encoding_obfuscation,parallel_energy_fraction,0.8217318431125165
Qwen2.5-7B-Instruct,21,22,0.7777777777777778,False,raw_magnitude,mechanism,encoding_obfuscation,residual_energy_fraction,0.17826815688748354
Qwen2.5-7B-Instruct,21,22,0.7777777777777778,False,raw_magnitude,mechanism,payload_splitting,C_k,0.9023858308792114
Qwen2.5-7B-Instruct,21,22,0.7777777777777778,False,raw_magnitude,mechanism,payload_splitting,parallel_energy_fraction,0.8143001877715648
Qwen2.5-7B-Instruct,21,22,0.7777777777777778,False,raw_magnitude,mechanism,payload_splitting,residual_energy_fraction,0.18569981222843523
Qwen2.5-7B-Instruct,21,22,0.7777777777777778,False,raw_magnitude,mechanism,distractors_negated,C_k,0.8648852705955505
Qwen2.5-7B-Instruct,21,22,0.7777777777777778,False,raw_magnitude,mechanism,distractors_negated,parallel_energy_fraction,0.7480265312931387
Qwen2.5-7B-Instruct,21,22,0.7777777777777778,False,raw_magnitude,mechanism,distractors_negated,residual_energy_fraction,0.2519734687068613
Qwen2.5-7B-Instruct,21,22,0.7777777777777778,False,raw_magnitude,category,CO,mean_coverage,0.7696239352226257
Qwen2.5-7B-Instruct,21,22,0.7777777777777778,False,raw_magnitude,category,CO,minimum_coverage,0.6423462629318237
Qwen2.5-7B-Instruct,21,22,0.7777777777777778,False,raw_magnitude,category,CO,coverage_standard_deviation,0.11559183150529861
Qwen2.5-7B-Instruct,21,22,0.7777777777777778,False,raw_magnitude,category,CO,resultant_length,0.7873014211654663
Qwen2.5-7B-Instruct,21,22,0.7777777777777778,False,raw_magnitude,category,MG,mean_coverage,0.8912551403045654
Qwen2.5-7B-Instruct,21,22,0.7777777777777778,False,raw_magnitude,category,MG,minimum_coverage,0.8648852705955505
Qwen2.5-7B-Instruct,21,22,0.7777777777777778,False,raw_magnitude,category,MG,coverage_standard_deviation,0.02292916364967823
Qwen2.5-7B-Instruct,21,22,0.7777777777777778,False,raw_magnitude,category,MG,resultant_length,0.8920307159423828
Qwen2.5-7B-Instruct,22,23,0.8148148148148148,False,unit_normalized,mechanism,prefix_injection,C_k,0.7685047388076782
Qwen2.5-7B-Instruct,22,23,0.8148148148148148,False,unit_normalized,mechanism,prefix_injection,parallel_energy_fraction,0.5905995335698577
Qwen2.5-7B-Instruct,22,23,0.8148148148148148,False,unit_normalized,mechanism,prefix_injection,residual_energy_fraction,0.4094004664301423
Qwen2.5-7B-Instruct,22,23,0.8148148148148148,False,unit_normalized,mechanism,refusal_suppression,C_k,0.8449098467826843
Qwen2.5-7B-Instruct,22,23,0.8148148148148148,False,unit_normalized,mechanism,refusal_suppression,parallel_energy_fraction,0.7138726491903391
Qwen2.5-7B-Instruct,22,23,0.8148148148148148,False,unit_normalized,mechanism,refusal_suppression,residual_energy_fraction,0.2861273508096609
Qwen2.5-7B-Instruct,22,23,0.8148148148148148,False,unit_normalized,mechanism,persona_roleplay,C_k,0.7562193870544434
Qwen2.5-7B-Instruct,22,23,0.8148148148148148,False,unit_normalized,mechanism,persona_roleplay,parallel_energy_fraction,0.571867761356998
Qwen2.5-7B-Instruct,22,23,0.8148148148148148,False,unit_normalized,mechanism,persona_roleplay,residual_energy_fraction,0.428132238643002
Qwen2.5-7B-Instruct,22,23,0.8148148148148148,False,unit_normalized,mechanism,encoding_obfuscation,C_k,0.8890336155891418
Qwen2.5-7B-Instruct,22,23,0.8148148148148148,False,unit_normalized,mechanism,encoding_obfuscation,parallel_energy_fraction,0.790380769647502
Qwen2.5-7B-Instruct,22,23,0.8148148148148148,False,unit_normalized,mechanism,encoding_obfuscation,residual_energy_fraction,0.20961923035249796
Qwen2.5-7B-Instruct,22,23,0.8148148148148148,False,unit_normalized,mechanism,payload_splitting,C_k,0.903914213180542
Qwen2.5-7B-Instruct,22,23,0.8148148148148148,False,unit_normalized,mechanism,payload_splitting,parallel_energy_fraction,0.8170609047897983
Qwen2.5-7B-Instruct,22,23,0.8148148148148148,False,unit_normalized,mechanism,payload_splitting,residual_energy_fraction,0.18293909521020169
Qwen2.5-7B-Instruct,22,23,0.8148148148148148,False,unit_normalized,mechanism,distractors_negated,C_k,0.8685381412506104
Qwen2.5-7B-Instruct,22,23,0.8148148148148148,False,unit_normalized,mechanism,distractors_negated,parallel_energy_fraction,0.7543585028070652
Qwen2.5-7B-Instruct,22,23,0.8148148148148148,False,unit_normalized,mechanism,distractors_negated,residual_energy_fraction,0.24564149719293482
Qwen2.5-7B-Instruct,22,23,0.8148148148148148,False,unit_normalized,category,CO,mean_coverage,0.7898779511451721
Qwen2.5-7B-Instruct,22,23,0.8148148148148148,False,unit_normalized,category,CO,minimum_coverage,0.7562193870544434
Qwen2.5-7B-Instruct,22,23,0.8148148148148148,False,unit_normalized,category,CO,coverage_standard_deviation,0.04805321246385574
Qwen2.5-7B-Instruct,22,23,0.8148148148148148,False,unit_normalized,category,CO,resultant_length,0.7898779511451721
Qwen2.5-7B-Instruct,22,23,0.8148148148148148,False,unit_normalized,category,MG,mean_coverage,0.8871619701385498
Qwen2.5-7B-Instruct,22,23,0.8148148148148148,False,unit_normalized,category,MG,minimum_coverage,0.8685381412506104
Qwen2.5-7B-Instruct,22,23,0.8148148148148148,False,unit_normalized,category,MG,coverage_standard_deviation,0.01776214689016342
Qwen2.5-7B-Instruct,22,23,0.8148148148148148,False,unit_normalized,category,MG,resultant_length,0.8871619701385498
Qwen2.5-7B-Instruct,22,23,0.8148148148148148,False,raw_magnitude,mechanism,prefix_injection,C_k,0.8691469430923462
Qwen2.5-7B-Instruct,22,23,0.8148148148148148,False,raw_magnitude,mechanism,prefix_injection,parallel_energy_fraction,0.7554164086867701
Qwen2.5-7B-Instruct,22,23,0.8148148148148148,False,raw_magnitude,mechanism,prefix_injection,residual_energy_fraction,0.24458359131322993
Qwen2.5-7B-Instruct,22,23,0.8148148148148148,False,raw_magnitude,mechanism,refusal_suppression,C_k,0.806759238243103
Qwen2.5-7B-Instruct,22,23,0.8148148148148148,False,raw_magnitude,mechanism,refusal_suppression,parallel_energy_fraction,0.6508604684905919
Qwen2.5-7B-Instruct,22,23,0.8148148148148148,False,raw_magnitude,mechanism,refusal_suppression,residual_energy_fraction,0.34913953150940813
Qwen2.5-7B-Instruct,22,23,0.8148148148148148,False,raw_magnitude,mechanism,persona_roleplay,C_k,0.6557635068893433
Qwen2.5-7B-Instruct,22,23,0.8148148148148148,False,raw_magnitude,mechanism,persona_roleplay,parallel_energy_fraction,0.43002577696780975
Qwen2.5-7B-Instruct,22,23,0.8148148148148148,False,raw_magnitude,mechanism,persona_roleplay,residual_energy_fraction,0.5699742230321903
Qwen2.5-7B-Instruct,22,23,0.8148148148148148,False,raw_magnitude,mechanism,encoding_obfuscation,C_k,0.9055575728416443
Qwen2.5-7B-Instruct,22,23,0.8148148148148148,False,raw_magnitude,mechanism,encoding_obfuscation,parallel_energy_fraction,0.8200345177308499
Qwen2.5-7B-Instruct,22,23,0.8148148148148148,False,raw_magnitude,mechanism,encoding_obfuscation,residual_energy_fraction,0.1799654822691501
Qwen2.5-7B-Instruct,22,23,0.8148148148148148,False,raw_magnitude,mechanism,payload_splitting,C_k,0.9001719951629639
Qwen2.5-7B-Instruct,22,23,0.8148148148148148,False,raw_magnitude,mechanism,payload_splitting,parallel_energy_fraction,0.810309620875671
Qwen2.5-7B-Instruct,22,23,0.8148148148148148,False,raw_magnitude,mechanism,payload_splitting,residual_energy_fraction,0.18969037912432896
Qwen2.5-7B-Instruct,22,23,0.8148148148148148,False,raw_magnitude,mechanism,distractors_negated,C_k,0.85381019115448
Qwen2.5-7B-Instruct,22,23,0.8148148148148148,False,raw_magnitude,mechanism,distractors_negated,parallel_energy_fraction,0.7289918425192496
Qwen2.5-7B-Instruct,22,23,0.8148148148148148,False,raw_magnitude,mechanism,distractors_negated,residual_energy_fraction,0.27100815748075036
Qwen2.5-7B-Instruct,22,23,0.8148148148148148,False,raw_magnitude,category,CO,mean_coverage,0.7772232890129089
Qwen2.5-7B-Instruct,22,23,0.8148148148148148,False,raw_magnitude,category,CO,minimum_coverage,0.6557635068893433
Qwen2.5-7B-Instruct,22,23,0.8148148148148148,False,raw_magnitude,category,CO,coverage_standard_deviation,0.10971510410308838
Qwen2.5-7B-Instruct,22,23,0.8148148148148148,False,raw_magnitude,category,CO,resultant_length,0.7898779511451721
Qwen2.5-7B-Instruct,22,23,0.8148148148148148,False,raw_magnitude,category,MG,mean_coverage,0.8865132331848145
Qwen2.5-7B-Instruct,22,23,0.8148148148148148,False,raw_magnitude,category,MG,minimum_coverage,0.85381019115448
Qwen2.5-7B-Instruct,22,23,0.8148148148148148,False,raw_magnitude,category,MG,coverage_standard_deviation,0.0284494087100029
Qwen2.5-7B-Instruct,22,23,0.8148148148148148,False,raw_magnitude,category,MG,resultant_length,0.8871619701385498
Qwen2.5-7B-Instruct,23,24,0.8518518518518519,False,unit_normalized,mechanism,prefix_injection,C_k,0.7715421915054321
Qwen2.5-7B-Instruct,23,24,0.8518518518518519,False,unit_normalized,mechanism,prefix_injection,parallel_energy_fraction,0.5952773532730049
Qwen2.5-7B-Instruct,23,24,0.8518518518518519,False,unit_normalized,mechanism,prefix_injection,residual_energy_fraction,0.4047226467269951
Qwen2.5-7B-Instruct,23,24,0.8518518518518519,False,unit_normalized,mechanism,refusal_suppression,C_k,0.8509543538093567
Qwen2.5-7B-Instruct,23,24,0.8518518518518519,False,unit_normalized,mechanism,refusal_suppression,parallel_energy_fraction,0.7241233122670998
Qwen2.5-7B-Instruct,23,24,0.8518518518518519,False,unit_normalized,mechanism,refusal_suppression,residual_energy_fraction,0.2758766877329002
Qwen2.5-7B-Instruct,23,24,0.8518518518518519,False,unit_normalized,mechanism,persona_roleplay,C_k,0.7469687461853027
Qwen2.5-7B-Instruct,23,24,0.8518518518518519,False,unit_normalized,mechanism,persona_roleplay,parallel_energy_fraction,0.5579623077776432
Qwen2.5-7B-Instruct,23,24,0.8518518518518519,False,unit_normalized,mechanism,persona_roleplay,residual_energy_fraction,0.4420376922223568
Qwen2.5-7B-Instruct,23,24,0.8518518518518519,False,unit_normalized,mechanism,encoding_obfuscation,C_k,0.8886404633522034
Qwen2.5-7B-Instruct,23,24,0.8518518518518519,False,unit_normalized,mechanism,encoding_obfuscation,parallel_energy_fraction,0.7896818731068187
Qwen2.5-7B-Instruct,23,24,0.8518518518518519,False,unit_normalized,mechanism,encoding_obfuscation,residual_energy_fraction,0.2103181268931813
Qwen2.5-7B-Instruct,23,24,0.8518518518518519,False,unit_normalized,mechanism,payload_splitting,C_k,0.8957175612449646
Qwen2.5-7B-Instruct,23,24,0.8518518518518519,False,unit_normalized,mechanism,payload_splitting,parallel_energy_fraction,0.8023099495226269
Qwen2.5-7B-Instruct,23,24,0.8518518518518519,False,unit_normalized,mechanism,payload_splitting,residual_energy_fraction,0.1976900504773731
Qwen2.5-7B-Instruct,23,24,0.8518518518518519,False,unit_normalized,mechanism,distractors_negated,C_k,0.8705114722251892
Qwen2.5-7B-Instruct,23,24,0.8518518518518519,False,unit_normalized,mechanism,distractors_negated,parallel_energy_fraction,0.7577902232756664
Qwen2.5-7B-Instruct,23,24,0.8518518518518519,False,unit_normalized,mechanism,distractors_negated,residual_energy_fraction,0.24220977672433364
Qwen2.5-7B-Instruct,23,24,0.8518518518518519,False,unit_normalized,category,CO,mean_coverage,0.7898218035697937
Qwen2.5-7B-Instruct,23,24,0.8518518518518519,False,unit_normalized,category,CO,minimum_coverage,0.7469687461853027
Qwen2.5-7B-Instruct,23,24,0.8518518518518519,False,unit_normalized,category,CO,coverage_standard_deviation,0.05434941500425339
Qwen2.5-7B-Instruct,23,24,0.8518518518518519,False,unit_normalized,category,CO,resultant_length,0.7898216843605042
Qwen2.5-7B-Instruct,23,24,0.8518518518518519,False,unit_normalized,category,MG,mean_coverage,0.8849565386772156
Qwen2.5-7B-Instruct,23,24,0.8518518518518519,False,unit_normalized,category,MG,minimum_coverage,0.8705114722251892
Qwen2.5-7B-Instruct,23,24,0.8518518518518519,False,unit_normalized,category,MG,coverage_standard_deviation,0.013000593520700932
Qwen2.5-7B-Instruct,23,24,0.8518518518518519,False,unit_normalized,category,MG,resultant_length,0.8849564790725708
Qwen2.5-7B-Instruct,23,24,0.8518518518518519,False,raw_magnitude,mechanism,prefix_injection,C_k,0.8679155111312866
Qwen2.5-7B-Instruct,23,24,0.8518518518518519,False,raw_magnitude,mechanism,prefix_injection,parallel_energy_fraction,0.7532773344622825
Qwen2.5-7B-Instruct,23,24,0.8518518518518519,False,raw_magnitude,mechanism,prefix_injection,residual_energy_fraction,0.2467226655377175
Qwen2.5-7B-Instruct,23,24,0.8518518518518519,False,raw_magnitude,mechanism,refusal_suppression,C_k,0.8119766712188721
Qwen2.5-7B-Instruct,23,24,0.8518518518518519,False,raw_magnitude,mechanism,refusal_suppression,parallel_energy_fraction,0.6593061146036803
Qwen2.5-7B-Instruct,23,24,0.8518518518518519,False,raw_magnitude,mechanism,refusal_suppression,residual_energy_fraction,0.34069388539631973
Qwen2.5-7B-Instruct,23,24,0.8518518518518519,False,raw_magnitude,mechanism,persona_roleplay,C_k,0.655368447303772
Qwen2.5-7B-Instruct,23,24,0.8518518518518519,False,raw_magnitude,mechanism,persona_roleplay,parallel_energy_fraction,0.42950780172135694
Qwen2.5-7B-Instruct,23,24,0.8518518518518519,False,raw_magnitude,mechanism,persona_roleplay,residual_energy_fraction,0.5704921982786431
Qwen2.5-7B-Instruct,23,24,0.8518518518518519,False,raw_magnitude,mechanism,encoding_obfuscation,C_k,0.9045251607894897
Qwen2.5-7B-Instruct,23,24,0.8518518518518519,False,raw_magnitude,mechanism,encoding_obfuscation,parallel_energy_fraction,0.8181657665012523
Qwen2.5-7B-Instruct,23,24,0.8518518518518519,False,raw_magnitude,mechanism,encoding_obfuscation,residual_energy_fraction,0.18183423349874772
Qwen2.5-7B-Instruct,23,24,0.8518518518518519,False,raw_magnitude,mechanism,payload_splitting,C_k,0.8945155739784241
Qwen2.5-7B-Instruct,23,24,0.8518518518518519,False,raw_magnitude,mechanism,payload_splitting,parallel_energy_fraction,0.8001581120899495
Qwen2.5-7B-Instruct,23,24,0.8518518518518519,False,raw_magnitude,mechanism,payload_splitting,residual_energy_fraction,0.19984188791005053
Qwen2.5-7B-Instruct,23,24,0.8518518518518519,False,raw_magnitude,mechanism,distractors_negated,C_k,0.8538064956665039
Qwen2.5-7B-Instruct,23,24,0.8518518518518519,False,raw_magnitude,mechanism,distractors_negated,parallel_energy_fraction,0.7289855320423158
Qwen2.5-7B-Instruct,23,24,0.8518518518518519,False,raw_magnitude,mechanism,distractors_negated,residual_energy_fraction,0.27101446795768425
Qwen2.5-7B-Instruct,23,24,0.8518518518518519,False,raw_magnitude,category,CO,mean_coverage,0.7784202098846436
Qwen2.5-7B-Instruct,23,24,0.8518518518518519,False,raw_magnitude,category,CO,minimum_coverage,0.655368447303772
Qwen2.5-7B-Instruct,23,24,0.8518518518518519,False,raw_magnitude,category,CO,coverage_standard_deviation,0.11017527431249619
Qwen2.5-7B-Instruct,23,24,0.8518518518518519,False,raw_magnitude,category,CO,resultant_length,0.7898216843605042
Qwen2.5-7B-Instruct,23,24,0.8518518518518519,False,raw_magnitude,category,MG,mean_coverage,0.8842824101448059
Qwen2.5-7B-Instruct,23,24,0.8518518518518519,False,raw_magnitude,category,MG,minimum_coverage,0.8538064956665039
Qwen2.5-7B-Instruct,23,24,0.8518518518518519,False,raw_magnitude,category,MG,coverage_standard_deviation,0.02686324529349804
Qwen2.5-7B-Instruct,23,24,0.8518518518518519,False,raw_magnitude,category,MG,resultant_length,0.8849564790725708
Qwen2.5-7B-Instruct,24,25,0.8888888888888888,False,unit_normalized,mechanism,prefix_injection,C_k,0.7473286986351013
Qwen2.5-7B-Instruct,24,25,0.8888888888888888,False,unit_normalized,mechanism,prefix_injection,parallel_energy_fraction,0.5585001838036341
Qwen2.5-7B-Instruct,24,25,0.8888888888888888,False,unit_normalized,mechanism,prefix_injection,residual_energy_fraction,0.4414998161963659
Qwen2.5-7B-Instruct,24,25,0.8888888888888888,False,unit_normalized,mechanism,refusal_suppression,C_k,0.85256028175354
Qwen2.5-7B-Instruct,24,25,0.8888888888888888,False,unit_normalized,mechanism,refusal_suppression,parallel_energy_fraction,0.7268590340236756
Qwen2.5-7B-Instruct,24,25,0.8888888888888888,False,unit_normalized,mechanism,refusal_suppression,residual_energy_fraction,0.2731409659763244
Qwen2.5-7B-Instruct,24,25,0.8888888888888888,False,unit_normalized,mechanism,persona_roleplay,C_k,0.7498093843460083
Qwen2.5-7B-Instruct,24,25,0.8888888888888888,False,unit_normalized,mechanism,persona_roleplay,parallel_energy_fraction,0.56221411285334
Qwen2.5-7B-Instruct,24,25,0.8888888888888888,False,unit_normalized,mechanism,persona_roleplay,residual_energy_fraction,0.43778588714666
Qwen2.5-7B-Instruct,24,25,0.8888888888888888,False,unit_normalized,mechanism,encoding_obfuscation,C_k,0.8887102603912354
Qwen2.5-7B-Instruct,24,25,0.8888888888888888,False,unit_normalized,mechanism,encoding_obfuscation,parallel_energy_fraction,0.7898059269246573
Qwen2.5-7B-Instruct,24,25,0.8888888888888888,False,unit_normalized,mechanism,encoding_obfuscation,residual_energy_fraction,0.21019407307534266
Qwen2.5-7B-Instruct,24,25,0.8888888888888888,False,unit_normalized,mechanism,payload_splitting,C_k,0.8883278369903564
Qwen2.5-7B-Instruct,24,25,0.8888888888888888,False,unit_normalized,mechanism,payload_splitting,parallel_energy_fraction,0.7891263459719653
Qwen2.5-7B-Instruct,24,25,0.8888888888888888,False,unit_normalized,mechanism,payload_splitting,residual_energy_fraction,0.2108736540280347
Qwen2.5-7B-Instruct,24,25,0.8888888888888888,False,unit_normalized,mechanism,distractors_negated,C_k,0.8660883903503418
Qwen2.5-7B-Instruct,24,25,0.8888888888888888,False,unit_normalized,mechanism,distractors_negated,parallel_energy_fraction,0.750109099899646
Qwen2.5-7B-Instruct,24,25,0.8888888888888888,False,unit_normalized,mechanism,distractors_negated,residual_energy_fraction,0.24989090010035397
Qwen2.5-7B-Instruct,24,25,0.8888888888888888,False,unit_normalized,category,CO,mean_coverage,0.7832328677177429
Qwen2.5-7B-Instruct,24,25,0.8888888888888888,False,unit_normalized,category,CO,minimum_coverage,0.7473286986351013
Qwen2.5-7B-Instruct,24,25,0.8888888888888888,False,unit_normalized,category,CO,coverage_standard_deviation,0.06005218252539635
Qwen2.5-7B-Instruct,24,25,0.8888888888888888,False,unit_normalized,category,CO,resultant_length,0.7832327485084534
Qwen2.5-7B-Instruct,24,25,0.8888888888888888,False,unit_normalized,category,MG,mean_coverage,0.8810421824455261
Qwen2.5-7B-Instruct,24,25,0.8888888888888888,False,unit_normalized,category,MG,minimum_coverage,0.8660883903503418
Qwen2.5-7B-Instruct,24,25,0.8888888888888888,False,unit_normalized,category,MG,coverage_standard_deviation,0.01295175775885582
Qwen2.5-7B-Instruct,24,25,0.8888888888888888,False,unit_normalized,category,MG,resultant_length,0.8810420036315918
Qwen2.5-7B-Instruct,24,25,0.8888888888888888,False,raw_magnitude,mechanism,prefix_injection,C_k,0.8442007899284363
Qwen2.5-7B-Instruct,24,25,0.8888888888888888,False,raw_magnitude,mechanism,prefix_injection,parallel_energy_fraction,0.7126749737157958
Qwen2.5-7B-Instruct,24,25,0.8888888888888888,False,raw_magnitude,mechanism,prefix_injection,residual_energy_fraction,0.2873250262842042
Qwen2.5-7B-Instruct,24,25,0.8888888888888888,False,raw_magnitude,mechanism,refusal_suppression,C_k,0.8041032552719116
Qwen2.5-7B-Instruct,24,25,0.8888888888888888,False,raw_magnitude,mechanism,refusal_suppression,parallel_energy_fraction,0.6465820451388851
Qwen2.5-7B-Instruct,24,25,0.8888888888888888,False,raw_magnitude,mechanism,refusal_suppression,residual_energy_fraction,0.35341795486111494
Qwen2.5-7B-Instruct,24,25,0.8888888888888888,False,raw_magnitude,mechanism,persona_roleplay,C_k,0.6708917021751404
Qwen2.5-7B-Instruct,24,25,0.8888888888888888,False,raw_magnitude,mechanism,persona_roleplay,parallel_energy_fraction,0.45009567604745726
Qwen2.5-7B-Instruct,24,25,0.8888888888888888,False,raw_magnitude,mechanism,persona_roleplay,residual_energy_fraction,0.5499043239525427
Qwen2.5-7B-Instruct,24,25,0.8888888888888888,False,raw_magnitude,mechanism,encoding_obfuscation,C_k,0.9026088714599609
Qwen2.5-7B-Instruct,24,25,0.8888888888888888,False,raw_magnitude,mechanism,encoding_obfuscation,parallel_energy_fraction,0.8147027748382243
Qwen2.5-7B-Instruct,24,25,0.8888888888888888,False,raw_magnitude,mechanism,encoding_obfuscation,residual_energy_fraction,0.1852972251617757
Qwen2.5-7B-Instruct,24,25,0.8888888888888888,False,raw_magnitude,mechanism,payload_splitting,C_k,0.8900846838951111
Qwen2.5-7B-Instruct,24,25,0.8888888888888888,False,raw_magnitude,mechanism,payload_splitting,parallel_energy_fraction,0.7922507445046598
Qwen2.5-7B-Instruct,24,25,0.8888888888888888,False,raw_magnitude,mechanism,payload_splitting,residual_energy_fraction,0.20774925549534018
Qwen2.5-7B-Instruct,24,25,0.8888888888888888,False,raw_magnitude,mechanism,distractors_negated,C_k,0.8485912680625916
Qwen2.5-7B-Instruct,24,25,0.8888888888888888,False,raw_magnitude,mechanism,distractors_negated,parallel_energy_fraction,0.7201071402320771
Qwen2.5-7B-Instruct,24,25,0.8888888888888888,False,raw_magnitude,mechanism,distractors_negated,residual_energy_fraction,0.2798928597679229
Qwen2.5-7B-Instruct,24,25,0.8888888888888888,False,raw_magnitude,category,CO,mean_coverage,0.7730652689933777
Qwen2.5-7B-Instruct,24,25,0.8888888888888888,False,raw_magnitude,category,CO,minimum_coverage,0.6708917021751404
Qwen2.5-7B-Instruct,24,25,0.8888888888888888,False,raw_magnitude,category,CO,coverage_standard_deviation,0.09072776883840561
Qwen2.5-7B-Instruct,24,25,0.8888888888888888,False,raw_magnitude,category,CO,resultant_length,0.7832327485084534
Qwen2.5-7B-Instruct,24,25,0.8888888888888888,False,raw_magnitude,category,MG,mean_coverage,0.8804283142089844
Qwen2.5-7B-Instruct,24,25,0.8888888888888888,False,raw_magnitude,category,MG,minimum_coverage,0.8485912680625916
Qwen2.5-7B-Instruct,24,25,0.8888888888888888,False,raw_magnitude,category,MG,coverage_standard_deviation,0.028273839503526688
Qwen2.5-7B-Instruct,24,25,0.8888888888888888,False,raw_magnitude,category,MG,resultant_length,0.8810420036315918
Qwen2.5-7B-Instruct,25,26,0.9259259259259259,False,unit_normalized,mechanism,prefix_injection,C_k,0.7367725372314453
Qwen2.5-7B-Instruct,25,26,0.9259259259259259,False,unit_normalized,mechanism,prefix_injection,parallel_energy_fraction,0.5428337716184615
Qwen2.5-7B-Instruct,25,26,0.9259259259259259,False,unit_normalized,mechanism,prefix_injection,residual_energy_fraction,0.45716622838153853
Qwen2.5-7B-Instruct,25,26,0.9259259259259259,False,unit_normalized,mechanism,refusal_suppression,C_k,0.8486120700836182
Qwen2.5-7B-Instruct,25,26,0.9259259259259259,False,unit_normalized,mechanism,refusal_suppression,parallel_energy_fraction,0.7201424454916037
Qwen2.5-7B-Instruct,25,26,0.9259259259259259,False,unit_normalized,mechanism,refusal_suppression,residual_energy_fraction,0.27985755450839633
Qwen2.5-7B-Instruct,25,26,0.9259259259259259,False,unit_normalized,mechanism,persona_roleplay,C_k,0.7487303018569946
Qwen2.5-7B-Instruct,25,26,0.9259259259259259,False,unit_normalized,mechanism,persona_roleplay,parallel_energy_fraction,0.5605970649188663
Qwen2.5-7B-Instruct,25,26,0.9259259259259259,False,unit_normalized,mechanism,persona_roleplay,residual_energy_fraction,0.4394029350811337
Qwen2.5-7B-Instruct,25,26,0.9259259259259259,False,unit_normalized,mechanism,encoding_obfuscation,C_k,0.8813855648040771
Qwen2.5-7B-Instruct,25,26,0.9259259259259259,False,unit_normalized,mechanism,encoding_obfuscation,parallel_energy_fraction,0.7768405138450021
Qwen2.5-7B-Instruct,25,26,0.9259259259259259,False,unit_normalized,mechanism,encoding_obfuscation,residual_energy_fraction,0.22315948615499792
Qwen2.5-7B-Instruct,25,26,0.9259259259259259,False,unit_normalized,mechanism,payload_splitting,C_k,0.8853147625923157
Qwen2.5-7B-Instruct,25,26,0.9259259259259259,False,unit_normalized,mechanism,payload_splitting,parallel_energy_fraction,0.7837822288638883
Qwen2.5-7B-Instruct,25,26,0.9259259259259259,False,unit_normalized,mechanism,payload_splitting,residual_energy_fraction,0.21621777113611174
Qwen2.5-7B-Instruct,25,26,0.9259259259259259,False,unit_normalized,mechanism,distractors_negated,C_k,0.8590090870857239
Qwen2.5-7B-Instruct,25,26,0.9259259259259259,False,unit_normalized,mechanism,distractors_negated,parallel_energy_fraction,0.7378966116958487
Qwen2.5-7B-Instruct,25,26,0.9259259259259259,False,unit_normalized,mechanism,distractors_negated,residual_energy_fraction,0.26210338830415125
Qwen2.5-7B-Instruct,25,26,0.9259259259259259,False,unit_normalized,category,CO,mean_coverage,0.7780383229255676
Qwen2.5-7B-Instruct,25,26,0.9259259259259259,False,unit_normalized,category,CO,minimum_coverage,0.7367725372314453
Qwen2.5-7B-Instruct,25,26,0.9259259259259259,False,unit_normalized,category,CO,coverage_standard_deviation,0.06141041964292526
Qwen2.5-7B-Instruct,25,26,0.9259259259259259,False,unit_normalized,category,CO,resultant_length,0.7780383229255676
Qwen2.5-7B-Instruct,25,26,0.9259259259259259,False,unit_normalized,category,MG,mean_coverage,0.875236451625824
Qwen2.5-7B-Instruct,25,26,0.9259259259259259,False,unit_normalized,category,MG,minimum_coverage,0.8590090870857239
Qwen2.5-7B-Instruct,25,26,0.9259259259259259,False,unit_normalized,category,MG,coverage_standard_deviation,0.014189984649419785
Qwen2.5-7B-Instruct,25,26,0.9259259259259259,False,unit_normalized,category,MG,resultant_length,0.8752363324165344
Qwen2.5-7B-Instruct,25,26,0.9259259259259259,False,raw_magnitude,mechanism,prefix_injection,C_k,0.832271158695221
Qwen2.5-7B-Instruct,25,26,0.9259259259259259,False,raw_magnitude,mechanism,prefix_injection,parallel_energy_fraction,0.6926752815958857
Qwen2.5-7B-Instruct,25,26,0.9259259259259259,False,raw_magnitude,mechanism,prefix_injection,residual_energy_fraction,0.30732471840411435
Qwen2.5-7B-Instruct,25,26,0.9259259259259259,False,raw_magnitude,mechanism,refusal_suppression,C_k,0.7910600900650024
Qwen2.5-7B-Instruct,25,26,0.9259259259259259,False,raw_magnitude,mechanism,refusal_suppression,parallel_energy_fraction,0.6257760660936498
Qwen2.5-7B-Instruct,25,26,0.9259259259259259,False,raw_magnitude,mechanism,refusal_suppression,residual_energy_fraction,0.3742239339063502
Qwen2.5-7B-Instruct,25,26,0.9259259259259259,False,raw_magnitude,mechanism,persona_roleplay,C_k,0.6818024516105652
Qwen2.5-7B-Instruct,25,26,0.9259259259259259,False,raw_magnitude,mechanism,persona_roleplay,parallel_energy_fraction,0.4648545830221771
Qwen2.5-7B-Instruct,25,26,0.9259259259259259,False,raw_magnitude,mechanism,persona_roleplay,residual_energy_fraction,0.5351454169778229
Qwen2.5-7B-Instruct,25,26,0.9259259259259259,False,raw_magnitude,mechanism,encoding_obfuscation,C_k,0.8973680734634399
Qwen2.5-7B-Instruct,25,26,0.9259259259259259,False,raw_magnitude,mechanism,encoding_obfuscation,parallel_energy_fraction,0.8052694592714857
Qwen2.5-7B-Instruct,25,26,0.9259259259259259,False,raw_magnitude,mechanism,encoding_obfuscation,residual_energy_fraction,0.19473054072851426
Qwen2.5-7B-Instruct,25,26,0.9259259259259259,False,raw_magnitude,mechanism,payload_splitting,C_k,0.8875308632850647
Qwen2.5-7B-Instruct,25,26,0.9259259259259259,False,raw_magnitude,mechanism,payload_splitting,parallel_energy_fraction,0.7877110332835322
Qwen2.5-7B-Instruct,25,26,0.9259259259259259,False,raw_magnitude,mechanism,payload_splitting,residual_energy_fraction,0.2122889667164678
Qwen2.5-7B-Instruct,25,26,0.9259259259259259,False,raw_magnitude,mechanism,distractors_negated,C_k,0.8384785056114197
Qwen2.5-7B-Instruct,25,26,0.9259259259259259,False,raw_magnitude,mechanism,distractors_negated,parallel_energy_fraction,0.7030462043723595
Qwen2.5-7B-Instruct,25,26,0.9259259259259259,False,raw_magnitude,mechanism,distractors_negated,residual_energy_fraction,0.29695379562764046
Qwen2.5-7B-Instruct,25,26,0.9259259259259259,False,raw_magnitude,category,CO,mean_coverage,0.768377959728241
Qwen2.5-7B-Instruct,25,26,0.9259259259259259,False,raw_magnitude,category,CO,minimum_coverage,0.6818024516105652
Qwen2.5-7B-Instruct,25,26,0.9259259259259259,False,raw_magnitude,category,CO,coverage_standard_deviation,0.07775647193193436
Qwen2.5-7B-Instruct,25,26,0.9259259259259259,False,raw_magnitude,category,CO,resultant_length,0.7780383229255676
Qwen2.5-7B-Instruct,25,26,0.9259259259259259,False,raw_magnitude,category,MG,mean_coverage,0.8744592070579529
Qwen2.5-7B-Instruct,25,26,0.9259259259259259,False,raw_magnitude,category,MG,minimum_coverage,0.8384785056114197
Qwen2.5-7B-Instruct,25,26,0.9259259259259259,False,raw_magnitude,category,MG,coverage_standard_deviation,0.031545959413051605
Qwen2.5-7B-Instruct,25,26,0.9259259259259259,False,raw_magnitude,category,MG,resultant_length,0.8752363324165344
Qwen2.5-7B-Instruct,26,27,0.9629629629629629,False,unit_normalized,mechanism,prefix_injection,C_k,0.7398141026496887
Qwen2.5-7B-Instruct,26,27,0.9629629629629629,False,unit_normalized,mechanism,prefix_injection,parallel_energy_fraction,0.5473249064793642
Qwen2.5-7B-Instruct,26,27,0.9629629629629629,False,unit_normalized,mechanism,prefix_injection,residual_energy_fraction,0.45267509352063584
Qwen2.5-7B-Instruct,26,27,0.9629629629629629,False,unit_normalized,mechanism,refusal_suppression,C_k,0.8512421250343323
Qwen2.5-7B-Instruct,26,27,0.9629629629629629,False,unit_normalized,mechanism,refusal_suppression,parallel_energy_fraction,0.7246131554329658
Qwen2.5-7B-Instruct,26,27,0.9629629629629629,False,unit_normalized,mechanism,refusal_suppression,residual_energy_fraction,0.2753868445670342
Qwen2.5-7B-Instruct,26,27,0.9629629629629629,False,unit_normalized,mechanism,persona_roleplay,C_k,0.7619011402130127
Qwen2.5-7B-Instruct,26,27,0.9629629629629629,False,unit_normalized,mechanism,persona_roleplay,parallel_energy_fraction,0.5804933474578888
Qwen2.5-7B-Instruct,26,27,0.9629629629629629,False,unit_normalized,mechanism,persona_roleplay,residual_energy_fraction,0.41950665254211117
Qwen2.5-7B-Instruct,26,27,0.9629629629629629,False,unit_normalized,mechanism,encoding_obfuscation,C_k,0.8811396956443787
Qwen2.5-7B-Instruct,26,27,0.9629629629629629,False,unit_normalized,mechanism,encoding_obfuscation,parallel_energy_fraction,0.7764071632402683
Qwen2.5-7B-Instruct,26,27,0.9629629629629629,False,unit_normalized,mechanism,encoding_obfuscation,residual_energy_fraction,0.22359283675973174
Qwen2.5-7B-Instruct,26,27,0.9629629629629629,False,unit_normalized,mechanism,payload_splitting,C_k,0.8817701935768127
Qwen2.5-7B-Instruct,26,27,0.9629629629629629,False,unit_normalized,mechanism,payload_splitting,parallel_energy_fraction,0.7775186742804898
Qwen2.5-7B-Instruct,26,27,0.9629629629629629,False,unit_normalized,mechanism,payload_splitting,residual_energy_fraction,0.22248132571951018
Qwen2.5-7B-Instruct,26,27,0.9629629629629629,False,unit_normalized,mechanism,distractors_negated,C_k,0.8611197471618652
Qwen2.5-7B-Instruct,26,27,0.9629629629629629,False,unit_normalized,mechanism,distractors_negated,parallel_energy_fraction,0.7415272189521147
Qwen2.5-7B-Instruct,26,27,0.9629629629629629,False,unit_normalized,mechanism,distractors_negated,residual_energy_fraction,0.2584727810478853
Qwen2.5-7B-Instruct,26,27,0.9629629629629629,False,unit_normalized,category,CO,mean_coverage,0.7843191027641296
Qwen2.5-7B-Instruct,26,27,0.9629629629629629,False,unit_normalized,category,CO,minimum_coverage,0.7398141026496887
Qwen2.5-7B-Instruct,26,27,0.9629629629629629,False,unit_normalized,category,CO,coverage_standard_deviation,0.058999791741371155
Qwen2.5-7B-Instruct,26,27,0.9629629629629629,False,unit_normalized,category,CO,resultant_length,0.784319281578064
Qwen2.5-7B-Instruct,26,27,0.9629629629629629,False,unit_normalized,category,MG,mean_coverage,0.874676525592804
Qwen2.5-7B-Instruct,26,27,0.9629629629629629,False,unit_normalized,category,MG,minimum_coverage,0.8611197471618652
Qwen2.5-7B-Instruct,26,27,0.9629629629629629,False,unit_normalized,category,MG,coverage_standard_deviation,0.01174476370215416
Qwen2.5-7B-Instruct,26,27,0.9629629629629629,False,unit_normalized,category,MG,resultant_length,0.874676525592804
Qwen2.5-7B-Instruct,26,27,0.9629629629629629,False,raw_magnitude,mechanism,prefix_injection,C_k,0.8436968922615051
Qwen2.5-7B-Instruct,26,27,0.9629629629629629,False,raw_magnitude,mechanism,prefix_injection,parallel_energy_fraction,0.7118244460117218
Qwen2.5-7B-Instruct,26,27,0.9629629629629629,False,raw_magnitude,mechanism,prefix_injection,residual_energy_fraction,0.2881755539882782
Qwen2.5-7B-Instruct,26,27,0.9629629629629629,False,raw_magnitude,mechanism,refusal_suppression,C_k,0.7894763946533203
Qwen2.5-7B-Instruct,26,27,0.9629629629629629,False,raw_magnitude,mechanism,refusal_suppression,parallel_energy_fraction,0.6232729777148052
Qwen2.5-7B-Instruct,26,27,0.9629629629629629,False,raw_magnitude,mechanism,refusal_suppression,residual_energy_fraction,0.37672702228519483
Qwen2.5-7B-Instruct,26,27,0.9629629629629629,False,raw_magnitude,mechanism,persona_roleplay,C_k,0.6846820712089539
Qwen2.5-7B-Instruct,26,27,0.9629629629629629,False,raw_magnitude,mechanism,persona_roleplay,parallel_energy_fraction,0.46878953863498296
Qwen2.5-7B-Instruct,26,27,0.9629629629629629,False,raw_magnitude,mechanism,persona_roleplay,residual_energy_fraction,0.531210461365017
Qwen2.5-7B-Instruct,26,27,0.9629629629629629,False,raw_magnitude,mechanism,encoding_obfuscation,C_k,0.8976238965988159
Qwen2.5-7B-Instruct,26,27,0.9629629629629629,False,raw_magnitude,mechanism,encoding_obfuscation,parallel_energy_fraction,0.8057286597452418
Qwen2.5-7B-Instruct,26,27,0.9629629629629629,False,raw_magnitude,mechanism,encoding_obfuscation,residual_energy_fraction,0.19427134025475823
Qwen2.5-7B-Instruct,26,27,0.9629629629629629,False,raw_magnitude,mechanism,payload_splitting,C_k,0.8844482898712158
Qwen2.5-7B-Instruct,26,27,0.9629629629629629,False,raw_magnitude,mechanism,payload_splitting,parallel_energy_fraction,0.7822487774561182
Qwen2.5-7B-Instruct,26,27,0.9629629629629629,False,raw_magnitude,mechanism,payload_splitting,residual_energy_fraction,0.2177512225438818
Qwen2.5-7B-Instruct,26,27,0.9629629629629629,False,raw_magnitude,mechanism,distractors_negated,C_k,0.8393459916114807
Qwen2.5-7B-Instruct,26,27,0.9629629629629629,False,raw_magnitude,mechanism,distractors_negated,parallel_energy_fraction,0.7045016936342599
Qwen2.5-7B-Instruct,26,27,0.9629629629629629,False,raw_magnitude,mechanism,distractors_negated,residual_energy_fraction,0.29549830636574015
Qwen2.5-7B-Instruct,26,27,0.9629629629629629,False,raw_magnitude,category,CO,mean_coverage,0.7726184725761414
Qwen2.5-7B-Instruct,26,27,0.9629629629629629,False,raw_magnitude,category,CO,minimum_coverage,0.6846820712089539
Qwen2.5-7B-Instruct,26,27,0.9629629629629629,False,raw_magnitude,category,CO,coverage_standard_deviation,0.0808366909623146
Qwen2.5-7B-Instruct,26,27,0.9629629629629629,False,raw_magnitude,category,CO,resultant_length,0.784319281578064
Qwen2.5-7B-Instruct,26,27,0.9629629629629629,False,raw_magnitude,category,MG,mean_coverage,0.8738060593605042
Qwen2.5-7B-Instruct,26,27,0.9629629629629629,False,raw_magnitude,category,MG,minimum_coverage,0.8393459916114807
Qwen2.5-7B-Instruct,26,27,0.9629629629629629,False,raw_magnitude,category,MG,coverage_standard_deviation,0.030561763793230057
Qwen2.5-7B-Instruct,26,27,0.9629629629629629,False,raw_magnitude,category,MG,resultant_length,0.874676525592804
Qwen2.5-7B-Instruct,27,28,1.0,False,unit_normalized,mechanism,prefix_injection,C_k,0.73526930809021
Qwen2.5-7B-Instruct,27,28,1.0,False,unit_normalized,mechanism,prefix_injection,parallel_energy_fraction,0.5406209554194561
Qwen2.5-7B-Instruct,27,28,1.0,False,unit_normalized,mechanism,prefix_injection,residual_energy_fraction,0.4593790445805439
Qwen2.5-7B-Instruct,27,28,1.0,False,unit_normalized,mechanism,refusal_suppression,C_k,0.8400429487228394
Qwen2.5-7B-Instruct,27,28,1.0,False,unit_normalized,mechanism,refusal_suppression,parallel_energy_fraction,0.7056721556989629
Qwen2.5-7B-Instruct,27,28,1.0,False,unit_normalized,mechanism,refusal_suppression,residual_energy_fraction,0.2943278443010371
Qwen2.5-7B-Instruct,27,28,1.0,False,unit_normalized,mechanism,persona_roleplay,C_k,0.7745873928070068
Qwen2.5-7B-Instruct,27,28,1.0,False,unit_normalized,mechanism,persona_roleplay,parallel_energy_fraction,0.5999856290955563
Qwen2.5-7B-Instruct,27,28,1.0,False,unit_normalized,mechanism,persona_roleplay,residual_energy_fraction,0.4000143709044437
Qwen2.5-7B-Instruct,27,28,1.0,False,unit_normalized,mechanism,encoding_obfuscation,C_k,0.8818929195404053
Qwen2.5-7B-Instruct,27,28,1.0,False,unit_normalized,mechanism,encoding_obfuscation,parallel_energy_fraction,0.7777351215354997
Qwen2.5-7B-Instruct,27,28,1.0,False,unit_normalized,mechanism,encoding_obfuscation,residual_energy_fraction,0.22226487846450027
Qwen2.5-7B-Instruct,27,28,1.0,False,unit_normalized,mechanism,payload_splitting,C_k,0.8774975538253784
Qwen2.5-7B-Instruct,27,28,1.0,False,unit_normalized,mechanism,payload_splitting,parallel_energy_fraction,0.7700019569695229
Qwen2.5-7B-Instruct,27,28,1.0,False,unit_normalized,mechanism,payload_splitting,residual_energy_fraction,0.2299980430304771
Qwen2.5-7B-Instruct,27,28,1.0,False,unit_normalized,mechanism,distractors_negated,C_k,0.8612634539604187
Qwen2.5-7B-Instruct,27,28,1.0,False,unit_normalized,mechanism,distractors_negated,parallel_energy_fraction,0.7417747371278303
Qwen2.5-7B-Instruct,27,28,1.0,False,unit_normalized,mechanism,distractors_negated,residual_energy_fraction,0.25822526287216974
Qwen2.5-7B-Instruct,27,28,1.0,False,unit_normalized,category,CO,mean_coverage,0.7832999229431152
Qwen2.5-7B-Instruct,27,28,1.0,False,unit_normalized,category,CO,minimum_coverage,0.73526930809021
Qwen2.5-7B-Instruct,27,28,1.0,False,unit_normalized,category,CO,coverage_standard_deviation,0.052927397191524506
Qwen2.5-7B-Instruct,27,28,1.0,False,unit_normalized,category,CO,resultant_length,0.7832998633384705
Qwen2.5-7B-Instruct,27,28,1.0,False,unit_normalized,category,MG,mean_coverage,0.8735513091087341
Qwen2.5-7B-Instruct,27,28,1.0,False,unit_normalized,category,MG,minimum_coverage,0.8612634539604187
Qwen2.5-7B-Instruct,27,28,1.0,False,unit_normalized,category,MG,coverage_standard_deviation,0.010866155847907066
Qwen2.5-7B-Instruct,27,28,1.0,False,unit_normalized,category,MG,resultant_length,0.8735511302947998
Qwen2.5-7B-Instruct,27,28,1.0,False,raw_magnitude,mechanism,prefix_injection,C_k,0.8586736917495728
Qwen2.5-7B-Instruct,27,28,1.0,False,raw_magnitude,mechanism,prefix_injection,parallel_energy_fraction,0.7373205089028403
Qwen2.5-7B-Instruct,27,28,1.0,False,raw_magnitude,mechanism,prefix_injection,residual_energy_fraction,0.2626794910971597
Qwen2.5-7B-Instruct,27,28,1.0,False,raw_magnitude,mechanism,refusal_suppression,C_k,0.7571533918380737
Qwen2.5-7B-Instruct,27,28,1.0,False,raw_magnitude,mechanism,refusal_suppression,parallel_energy_fraction,0.5732812587718996
Qwen2.5-7B-Instruct,27,28,1.0,False,raw_magnitude,mechanism,refusal_suppression,residual_energy_fraction,0.4267187412281004
Qwen2.5-7B-Instruct,27,28,1.0,False,raw_magnitude,mechanism,persona_roleplay,C_k,0.6832483410835266
Qwen2.5-7B-Instruct,27,28,1.0,False,raw_magnitude,mechanism,persona_roleplay,parallel_energy_fraction,0.4668282955933911
Qwen2.5-7B-Instruct,27,28,1.0,False,raw_magnitude,mechanism,persona_roleplay,residual_energy_fraction,0.5331717044066089
Qwen2.5-7B-Instruct,27,28,1.0,False,raw_magnitude,mechanism,encoding_obfuscation,C_k,0.8986655473709106
Qwen2.5-7B-Instruct,27,28,1.0,False,raw_magnitude,mechanism,encoding_obfuscation,parallel_energy_fraction,0.8075997660314584
Qwen2.5-7B-Instruct,27,28,1.0,False,raw_magnitude,mechanism,encoding_obfuscation,residual_energy_fraction,0.19240023396854156
Qwen2.5-7B-Instruct,27,28,1.0,False,raw_magnitude,mechanism,payload_splitting,C_k,0.8824090957641602
Qwen2.5-7B-Instruct,27,28,1.0,False,raw_magnitude,mechanism,payload_splitting,parallel_energy_fraction,0.7786458122873228
Qwen2.5-7B-Instruct,27,28,1.0,False,raw_magnitude,mechanism,payload_splitting,residual_energy_fraction,0.22135418771267723
Qwen2.5-7B-Instruct,27,28,1.0,False,raw_magnitude,mechanism,distractors_negated,C_k,0.8363726139068604
Qwen2.5-7B-Instruct,27,28,1.0,False,raw_magnitude,mechanism,distractors_negated,parallel_energy_fraction,0.6995191492933941
Qwen2.5-7B-Instruct,27,28,1.0,False,raw_magnitude,mechanism,distractors_negated,residual_energy_fraction,0.3004808507066059
Qwen2.5-7B-Instruct,27,28,1.0,False,raw_magnitude,category,CO,mean_coverage,0.7663584351539612
Qwen2.5-7B-Instruct,27,28,1.0,False,raw_magnitude,category,CO,minimum_coverage,0.6832483410835266
Qwen2.5-7B-Instruct,27,28,1.0,False,raw_magnitude,category,CO,coverage_standard_deviation,0.08807419240474701
Qwen2.5-7B-Instruct,27,28,1.0,False,raw_magnitude,category,CO,resultant_length,0.7832998633384705
Qwen2.5-7B-Instruct,27,28,1.0,False,raw_magnitude,category,MG,mean_coverage,0.8724824786186218
Qwen2.5-7B-Instruct,27,28,1.0,False,raw_magnitude,category,MG,minimum_coverage,0.8363726139068604
Qwen2.5-7B-Instruct,27,28,1.0,False,raw_magnitude,category,MG,coverage_standard_deviation,0.0323110893368721
Qwen2.5-7B-Instruct,27,28,1.0,False,raw_magnitude,category,MG,resultant_length,0.8735511302947998
Meta-Llama-3.1-8B-Instruct,0,1,0.0,False,unit_normalized,mechanism,prefix_injection,C_k,0.0
Meta-Llama-3.1-8B-Instruct,0,1,0.0,False,unit_normalized,mechanism,prefix_injection,parallel_energy_fraction,0.0
Meta-Llama-3.1-8B-Instruct,0,1,0.0,False,unit_normalized,mechanism,prefix_injection,residual_energy_fraction,1.0
Meta-Llama-3.1-8B-Instruct,0,1,0.0,False,unit_normalized,mechanism,refusal_suppression,C_k,0.0
Meta-Llama-3.1-8B-Instruct,0,1,0.0,False,unit_normalized,mechanism,refusal_suppression,parallel_energy_fraction,0.0
Meta-Llama-3.1-8B-Instruct,0,1,0.0,False,unit_normalized,mechanism,refusal_suppression,residual_energy_fraction,1.0
Meta-Llama-3.1-8B-Instruct,0,1,0.0,False,unit_normalized,mechanism,persona_roleplay,C_k,0.0
Meta-Llama-3.1-8B-Instruct,0,1,0.0,False,unit_normalized,mechanism,persona_roleplay,parallel_energy_fraction,0.0
Meta-Llama-3.1-8B-Instruct,0,1,0.0,False,unit_normalized,mechanism,persona_roleplay,residual_energy_fraction,1.0
Meta-Llama-3.1-8B-Instruct,0,1,0.0,False,unit_normalized,mechanism,encoding_obfuscation,C_k,0.0
Meta-Llama-3.1-8B-Instruct,0,1,0.0,False,unit_normalized,mechanism,encoding_obfuscation,parallel_energy_fraction,0.0
Meta-Llama-3.1-8B-Instruct,0,1,0.0,False,unit_normalized,mechanism,encoding_obfuscation,residual_energy_fraction,1.0
Meta-Llama-3.1-8B-Instruct,0,1,0.0,False,unit_normalized,mechanism,payload_splitting,C_k,0.0
Meta-Llama-3.1-8B-Instruct,0,1,0.0,False,unit_normalized,mechanism,payload_splitting,parallel_energy_fraction,0.0
Meta-Llama-3.1-8B-Instruct,0,1,0.0,False,unit_normalized,mechanism,payload_splitting,residual_energy_fraction,1.0
Meta-Llama-3.1-8B-Instruct,0,1,0.0,False,unit_normalized,mechanism,distractors_negated,C_k,0.0
Meta-Llama-3.1-8B-Instruct,0,1,0.0,False,unit_normalized,mechanism,distractors_negated,parallel_energy_fraction,0.0
Meta-Llama-3.1-8B-Instruct,0,1,0.0,False,unit_normalized,mechanism,distractors_negated,residual_energy_fraction,1.0
Meta-Llama-3.1-8B-Instruct,0,1,0.0,False,unit_normalized,category,CO,mean_coverage,0.0
Meta-Llama-3.1-8B-Instruct,0,1,0.0,False,unit_normalized,category,CO,minimum_coverage,0.0
Meta-Llama-3.1-8B-Instruct,0,1,0.0,False,unit_normalized,category,CO,coverage_standard_deviation,0.0
Meta-Llama-3.1-8B-Instruct,0,1,0.0,False,unit_normalized,category,CO,resultant_length,0.0
Meta-Llama-3.1-8B-Instruct,0,1,0.0,False,unit_normalized,category,MG,mean_coverage,0.0
Meta-Llama-3.1-8B-Instruct,0,1,0.0,False,unit_normalized,category,MG,minimum_coverage,0.0
Meta-Llama-3.1-8B-Instruct,0,1,0.0,False,unit_normalized,category,MG,coverage_standard_deviation,0.0
Meta-Llama-3.1-8B-Instruct,0,1,0.0,False,unit_normalized,category,MG,resultant_length,0.0
Meta-Llama-3.1-8B-Instruct,0,1,0.0,False,raw_magnitude,mechanism,prefix_injection,C_k,0.0
Meta-Llama-3.1-8B-Instruct,0,1,0.0,False,raw_magnitude,mechanism,prefix_injection,parallel_energy_fraction,0.0
Meta-Llama-3.1-8B-Instruct,0,1,0.0,False,raw_magnitude,mechanism,prefix_injection,residual_energy_fraction,1.0
Meta-Llama-3.1-8B-Instruct,0,1,0.0,False,raw_magnitude,mechanism,refusal_suppression,C_k,0.0
Meta-Llama-3.1-8B-Instruct,0,1,0.0,False,raw_magnitude,mechanism,refusal_suppression,parallel_energy_fraction,0.0
Meta-Llama-3.1-8B-Instruct,0,1,0.0,False,raw_magnitude,mechanism,refusal_suppression,residual_energy_fraction,1.0
Meta-Llama-3.1-8B-Instruct,0,1,0.0,False,raw_magnitude,mechanism,persona_roleplay,C_k,0.0
Meta-Llama-3.1-8B-Instruct,0,1,0.0,False,raw_magnitude,mechanism,persona_roleplay,parallel_energy_fraction,0.0
Meta-Llama-3.1-8B-Instruct,0,1,0.0,False,raw_magnitude,mechanism,persona_roleplay,residual_energy_fraction,1.0
Meta-Llama-3.1-8B-Instruct,0,1,0.0,False,raw_magnitude,mechanism,encoding_obfuscation,C_k,0.0
Meta-Llama-3.1-8B-Instruct,0,1,0.0,False,raw_magnitude,mechanism,encoding_obfuscation,parallel_energy_fraction,0.0
Meta-Llama-3.1-8B-Instruct,0,1,0.0,False,raw_magnitude,mechanism,encoding_obfuscation,residual_energy_fraction,1.0
Meta-Llama-3.1-8B-Instruct,0,1,0.0,False,raw_magnitude,mechanism,payload_splitting,C_k,0.0
Meta-Llama-3.1-8B-Instruct,0,1,0.0,False,raw_magnitude,mechanism,payload_splitting,parallel_energy_fraction,0.0
Meta-Llama-3.1-8B-Instruct,0,1,0.0,False,raw_magnitude,mechanism,payload_splitting,residual_energy_fraction,1.0
Meta-Llama-3.1-8B-Instruct,0,1,0.0,False,raw_magnitude,mechanism,distractors_negated,C_k,0.0
Meta-Llama-3.1-8B-Instruct,0,1,0.0,False,raw_magnitude,mechanism,distractors_negated,parallel_energy_fraction,0.0
Meta-Llama-3.1-8B-Instruct,0,1,0.0,False,raw_magnitude,mechanism,distractors_negated,residual_energy_fraction,1.0
Meta-Llama-3.1-8B-Instruct,0,1,0.0,False,raw_magnitude,category,CO,mean_coverage,0.0
Meta-Llama-3.1-8B-Instruct,0,1,0.0,False,raw_magnitude,category,CO,minimum_coverage,0.0
Meta-Llama-3.1-8B-Instruct,0,1,0.0,False,raw_magnitude,category,CO,coverage_standard_deviation,0.0
Meta-Llama-3.1-8B-Instruct,0,1,0.0,False,raw_magnitude,category,CO,resultant_length,0.0
Meta-Llama-3.1-8B-Instruct,0,1,0.0,False,raw_magnitude,category,MG,mean_coverage,0.0
Meta-Llama-3.1-8B-Instruct,0,1,0.0,False,raw_magnitude,category,MG,minimum_coverage,0.0
Meta-Llama-3.1-8B-Instruct,0,1,0.0,False,raw_magnitude,category,MG,coverage_standard_deviation,0.0
Meta-Llama-3.1-8B-Instruct,0,1,0.0,False,raw_magnitude,category,MG,resultant_length,0.0
Meta-Llama-3.1-8B-Instruct,1,2,0.03225806451612903,False,unit_normalized,mechanism,prefix_injection,C_k,0.7839682102203369
Meta-Llama-3.1-8B-Instruct,1,2,0.03225806451612903,False,unit_normalized,mechanism,prefix_injection,parallel_energy_fraction,0.6146061546360784
Meta-Llama-3.1-8B-Instruct,1,2,0.03225806451612903,False,unit_normalized,mechanism,prefix_injection,residual_energy_fraction,0.3853938453639216
Meta-Llama-3.1-8B-Instruct,1,2,0.03225806451612903,False,unit_normalized,mechanism,refusal_suppression,C_k,0.8793729543685913
Meta-Llama-3.1-8B-Instruct,1,2,0.03225806451612903,False,unit_normalized,mechanism,refusal_suppression,parallel_energy_fraction,0.7732967928749446
Meta-Llama-3.1-8B-Instruct,1,2,0.03225806451612903,False,unit_normalized,mechanism,refusal_suppression,residual_energy_fraction,0.22670320712505543
Meta-Llama-3.1-8B-Instruct,1,2,0.03225806451612903,False,unit_normalized,mechanism,persona_roleplay,C_k,0.6528714299201965
Meta-Llama-3.1-8B-Instruct,1,2,0.03225806451612903,False,unit_normalized,mechanism,persona_roleplay,parallel_energy_fraction,0.4262411040060421
Meta-Llama-3.1-8B-Instruct,1,2,0.03225806451612903,False,unit_normalized,mechanism,persona_roleplay,residual_energy_fraction,0.5737588959939579
Meta-Llama-3.1-8B-Instruct,1,2,0.03225806451612903,False,unit_normalized,mechanism,encoding_obfuscation,C_k,0.584884524345398
Meta-Llama-3.1-8B-Instruct,1,2,0.03225806451612903,False,unit_normalized,mechanism,encoding_obfuscation,parallel_energy_fraction,0.3420899068187424
Meta-Llama-3.1-8B-Instruct,1,2,0.03225806451612903,False,unit_normalized,mechanism,encoding_obfuscation,residual_energy_fraction,0.6579100931812576
Meta-Llama-3.1-8B-Instruct,1,2,0.03225806451612903,False,unit_normalized,mechanism,payload_splitting,C_k,0.8486247658729553
Meta-Llama-3.1-8B-Instruct,1,2,0.03225806451612903,False,unit_normalized,mechanism,payload_splitting,parallel_energy_fraction,0.7201639932529282
Meta-Llama-3.1-8B-Instruct,1,2,0.03225806451612903,False,unit_normalized,mechanism,payload_splitting,residual_energy_fraction,0.27983600674707176
Meta-Llama-3.1-8B-Instruct,1,2,0.03225806451612903,False,unit_normalized,mechanism,distractors_negated,C_k,0.8270286321640015
Meta-Llama-3.1-8B-Instruct,1,2,0.03225806451612903,False,unit_normalized,mechanism,distractors_negated,parallel_energy_fraction,0.6839763584190592
Meta-Llama-3.1-8B-Instruct,1,2,0.03225806451612903,False,unit_normalized,mechanism,distractors_negated,residual_energy_fraction,0.31602364158094076
Meta-Llama-3.1-8B-Instruct,1,2,0.03225806451612903,False,unit_normalized,category,CO,mean_coverage,0.7720708847045898
Meta-Llama-3.1-8B-Instruct,1,2,0.03225806451612903,False,unit_normalized,category,CO,minimum_coverage,0.6528714299201965
Meta-Llama-3.1-8B-Instruct,1,2,0.03225806451612903,False,unit_normalized,category,CO,coverage_standard_deviation,0.11371849477291107
Meta-Llama-3.1-8B-Instruct,1,2,0.03225806451612903,False,unit_normalized,category,CO,resultant_length,0.7720708250999451
Meta-Llama-3.1-8B-Instruct,1,2,0.03225806451612903,False,unit_normalized,category,MG,mean_coverage,0.7535126805305481
Meta-Llama-3.1-8B-Instruct,1,2,0.03225806451612903,False,unit_normalized,category,MG,minimum_coverage,0.584884524345398
Meta-Llama-3.1-8B-Instruct,1,2,0.03225806451612903,False,unit_normalized,category,MG,coverage_standard_deviation,0.14643490314483643
Meta-Llama-3.1-8B-Instruct,1,2,0.03225806451612903,False,unit_normalized,category,MG,resultant_length,0.7535127401351929
Meta-Llama-3.1-8B-Instruct,1,2,0.03225806451612903,False,raw_magnitude,mechanism,prefix_injection,C_k,0.8365858793258667
Meta-Llama-3.1-8B-Instruct,1,2,0.03225806451612903,False,raw_magnitude,mechanism,prefix_injection,parallel_energy_fraction,0.6998759334874336
Meta-Llama-3.1-8B-Instruct,1,2,0.03225806451612903,False,raw_magnitude,mechanism,prefix_injection,residual_energy_fraction,0.3001240665125664
Meta-Llama-3.1-8B-Instruct,1,2,0.03225806451612903,False,raw_magnitude,mechanism,refusal_suppression,C_k,0.912894606590271
Meta-Llama-3.1-8B-Instruct,1,2,0.03225806451612903,False,raw_magnitude,mechanism,refusal_suppression,parallel_energy_fraction,0.8333765627416057
Meta-Llama-3.1-8B-Instruct,1,2,0.03225806451612903,False,raw_magnitude,mechanism,refusal_suppression,residual_energy_fraction,0.16662343725839435
Meta-Llama-3.1-8B-Instruct,1,2,0.03225806451612903,False,raw_magnitude,mechanism,persona_roleplay,C_k,0.5457939505577087
Meta-Llama-3.1-8B-Instruct,1,2,0.03225806451612903,False,raw_magnitude,mechanism,persona_roleplay,parallel_energy_fraction,0.2978910364653906
Meta-Llama-3.1-8B-Instruct,1,2,0.03225806451612903,False,raw_magnitude,mechanism,persona_roleplay,residual_energy_fraction,0.7021089635346094
Meta-Llama-3.1-8B-Instruct,1,2,0.03225806451612903,False,raw_magnitude,mechanism,encoding_obfuscation,C_k,0.6723520755767822
Meta-Llama-3.1-8B-Instruct,1,2,0.03225806451612903,False,raw_magnitude,mechanism,encoding_obfuscation,parallel_energy_fraction,0.4520573135324071
Meta-Llama-3.1-8B-Instruct,1,2,0.03225806451612903,False,raw_magnitude,mechanism,encoding_obfuscation,residual_energy_fraction,0.5479426864675929
Meta-Llama-3.1-8B-Instruct,1,2,0.03225806451612903,False,raw_magnitude,mechanism,payload_splitting,C_k,0.7902066111564636
Meta-Llama-3.1-8B-Instruct,1,2,0.03225806451612903,False,raw_magnitude,mechanism,payload_splitting,parallel_energy_fraction,0.6244264883153825
Meta-Llama-3.1-8B-Instruct,1,2,0.03225806451612903,False,raw_magnitude,mechanism,payload_splitting,residual_energy_fraction,0.3755735116846175
Meta-Llama-3.1-8B-Instruct,1,2,0.03225806451612903,False,raw_magnitude,mechanism,distractors_negated,C_k,0.782805323600769
Meta-Llama-3.1-8B-Instruct,1,2,0.03225806451612903,False,raw_magnitude,mechanism,distractors_negated,parallel_energy_fraction,0.6127841746577047
Meta-Llama-3.1-8B-Instruct,1,2,0.03225806451612903,False,raw_magnitude,mechanism,distractors_negated,residual_energy_fraction,0.38721582534229526
Meta-Llama-3.1-8B-Instruct,1,2,0.03225806451612903,False,raw_magnitude,category,CO,mean_coverage,0.7650914788246155
Meta-Llama-3.1-8B-Instruct,1,2,0.03225806451612903,False,raw_magnitude,category,CO,minimum_coverage,0.5457939505577087
Meta-Llama-3.1-8B-Instruct,1,2,0.03225806451612903,False,raw_magnitude,category,CO,coverage_standard_deviation,0.19371192157268524
Meta-Llama-3.1-8B-Instruct,1,2,0.03225806451612903,False,raw_magnitude,category,CO,resultant_length,0.7720708250999451
Meta-Llama-3.1-8B-Instruct,1,2,0.03225806451612903,False,raw_magnitude,category,MG,mean_coverage,0.748454749584198
Meta-Llama-3.1-8B-Instruct,1,2,0.03225806451612903,False,raw_magnitude,category,MG,minimum_coverage,0.6723520755767822
Meta-Llama-3.1-8B-Instruct,1,2,0.03225806451612903,False,raw_magnitude,category,MG,coverage_standard_deviation,0.06601059436798096
Meta-Llama-3.1-8B-Instruct,1,2,0.03225806451612903,False,raw_magnitude,category,MG,resultant_length,0.7535127401351929
Meta-Llama-3.1-8B-Instruct,2,3,0.06451612903225806,False,unit_normalized,mechanism,prefix_injection,C_k,0.7931812405586243
Meta-Llama-3.1-8B-Instruct,2,3,0.06451612903225806,False,unit_normalized,mechanism,prefix_injection,parallel_energy_fraction,0.6291364803741182
Meta-Llama-3.1-8B-Instruct,2,3,0.06451612903225806,False,unit_normalized,mechanism,prefix_injection,residual_energy_fraction,0.3708635196258818
Meta-Llama-3.1-8B-Instruct,2,3,0.06451612903225806,False,unit_normalized,mechanism,refusal_suppression,C_k,0.8257538080215454
Meta-Llama-3.1-8B-Instruct,2,3,0.06451612903225806,False,unit_normalized,mechanism,refusal_suppression,parallel_energy_fraction,0.6818693514620833
Meta-Llama-3.1-8B-Instruct,2,3,0.06451612903225806,False,unit_normalized,mechanism,refusal_suppression,residual_energy_fraction,0.3181306485379167
Meta-Llama-3.1-8B-Instruct,2,3,0.06451612903225806,False,unit_normalized,mechanism,persona_roleplay,C_k,0.7319386601448059
Meta-Llama-3.1-8B-Instruct,2,3,0.06451612903225806,False,unit_normalized,mechanism,persona_roleplay,parallel_energy_fraction,0.5357342022145737
Meta-Llama-3.1-8B-Instruct,2,3,0.06451612903225806,False,unit_normalized,mechanism,persona_roleplay,residual_energy_fraction,0.4642657977854263
Meta-Llama-3.1-8B-Instruct,2,3,0.06451612903225806,False,unit_normalized,mechanism,encoding_obfuscation,C_k,0.6429018974304199
Meta-Llama-3.1-8B-Instruct,2,3,0.06451612903225806,False,unit_normalized,mechanism,encoding_obfuscation,parallel_energy_fraction,0.4133228497196342
Meta-Llama-3.1-8B-Instruct,2,3,0.06451612903225806,False,unit_normalized,mechanism,encoding_obfuscation,residual_energy_fraction,0.5866771502803658
Meta-Llama-3.1-8B-Instruct,2,3,0.06451612903225806,False,unit_normalized,mechanism,payload_splitting,C_k,0.8757838606834412
Meta-Llama-3.1-8B-Instruct,2,3,0.06451612903225806,False,unit_normalized,mechanism,payload_splitting,parallel_energy_fraction,0.7669973706335931
Meta-Llama-3.1-8B-Instruct,2,3,0.06451612903225806,False,unit_normalized,mechanism,payload_splitting,residual_energy_fraction,0.23300262936640692
Meta-Llama-3.1-8B-Instruct,2,3,0.06451612903225806,False,unit_normalized,mechanism,distractors_negated,C_k,0.8407625555992126
Meta-Llama-3.1-8B-Instruct,2,3,0.06451612903225806,False,unit_normalized,mechanism,distractors_negated,parallel_energy_fraction,0.7068816748977191
Meta-Llama-3.1-8B-Instruct,2,3,0.06451612903225806,False,unit_normalized,mechanism,distractors_negated,residual_energy_fraction,0.29311832510228086
Meta-Llama-3.1-8B-Instruct,2,3,0.06451612903225806,False,unit_normalized,category,CO,mean_coverage,0.7836245894432068
Meta-Llama-3.1-8B-Instruct,2,3,0.06451612903225806,False,unit_normalized,category,CO,minimum_coverage,0.7319386601448059
Meta-Llama-3.1-8B-Instruct,2,3,0.06451612903225806,False,unit_normalized,category,CO,coverage_standard_deviation,0.04763210937380791
Meta-Llama-3.1-8B-Instruct,2,3,0.06451612903225806,False,unit_normalized,category,CO,resultant_length,0.783624529838562
Meta-Llama-3.1-8B-Instruct,2,3,0.06451612903225806,False,unit_normalized,category,MG,mean_coverage,0.7864828109741211
Meta-Llama-3.1-8B-Instruct,2,3,0.06451612903225806,False,unit_normalized,category,MG,minimum_coverage,0.6429018974304199
Meta-Llama-3.1-8B-Instruct,2,3,0.06451612903225806,False,unit_normalized,category,MG,coverage_standard_deviation,0.1255715936422348
Meta-Llama-3.1-8B-Instruct,2,3,0.06451612903225806,False,unit_normalized,category,MG,resultant_length,0.7864827513694763
Meta-Llama-3.1-8B-Instruct,2,3,0.06451612903225806,False,raw_magnitude,mechanism,prefix_injection,C_k,0.8045034408569336
Meta-Llama-3.1-8B-Instruct,2,3,0.06451612903225806,False,raw_magnitude,mechanism,prefix_injection,parallel_energy_fraction,0.6472257863506456
Meta-Llama-3.1-8B-Instruct,2,3,0.06451612903225806,False,raw_magnitude,mechanism,prefix_injection,residual_energy_fraction,0.35277421364935435
Meta-Llama-3.1-8B-Instruct,2,3,0.06451612903225806,False,raw_magnitude,mechanism,refusal_suppression,C_k,0.8394196033477783
Meta-Llama-3.1-8B-Instruct,2,3,0.06451612903225806,False,raw_magnitude,mechanism,refusal_suppression,parallel_energy_fraction,0.7046252704845415
Meta-Llama-3.1-8B-Instruct,2,3,0.06451612903225806,False,raw_magnitude,mechanism,refusal_suppression,residual_energy_fraction,0.2953747295154585
Meta-Llama-3.1-8B-Instruct,2,3,0.06451612903225806,False,raw_magnitude,mechanism,persona_roleplay,C_k,0.7051733136177063
Meta-Llama-3.1-8B-Instruct,2,3,0.06451612903225806,False,raw_magnitude,mechanism,persona_roleplay,parallel_energy_fraction,0.49726940223857596
Meta-Llama-3.1-8B-Instruct,2,3,0.06451612903225806,False,raw_magnitude,mechanism,persona_roleplay,residual_energy_fraction,0.502730597761424
Meta-Llama-3.1-8B-Instruct,2,3,0.06451612903225806,False,raw_magnitude,mechanism,encoding_obfuscation,C_k,0.7218579053878784
Meta-Llama-3.1-8B-Instruct,2,3,0.06451612903225806,False,raw_magnitude,mechanism,encoding_obfuscation,parallel_energy_fraction,0.5210788355709752
Meta-Llama-3.1-8B-Instruct,2,3,0.06451612903225806,False,raw_magnitude,mechanism,encoding_obfuscation,residual_energy_fraction,0.47892116442902477
Meta-Llama-3.1-8B-Instruct,2,3,0.06451612903225806,False,raw_magnitude,mechanism,payload_splitting,C_k,0.8289456367492676
Meta-Llama-3.1-8B-Instruct,2,3,0.06451612903225806,False,raw_magnitude,mechanism,payload_splitting,parallel_energy_fraction,0.6871508686856487
Meta-Llama-3.1-8B-Instruct,2,3,0.06451612903225806,False,raw_magnitude,mechanism,payload_splitting,residual_energy_fraction,0.3128491313143513
Meta-Llama-3.1-8B-Instruct,2,3,0.06451612903225806,False,raw_magnitude,mechanism,distractors_negated,C_k,0.7946176528930664
Meta-Llama-3.1-8B-Instruct,2,3,0.06451612903225806,False,raw_magnitude,mechanism,distractors_negated,parallel_energy_fraction,0.6314172142892858
Meta-Llama-3.1-8B-Instruct,2,3,0.06451612903225806,False,raw_magnitude,mechanism,distractors_negated,residual_energy_fraction,0.36858278571071423
Meta-Llama-3.1-8B-Instruct,2,3,0.06451612903225806,False,raw_magnitude,category,CO,mean_coverage,0.7830321192741394
Meta-Llama-3.1-8B-Instruct,2,3,0.06451612903225806,False,raw_magnitude,category,CO,minimum_coverage,0.7051733136177063
Meta-Llama-3.1-8B-Instruct,2,3,0.06451612903225806,False,raw_magnitude,category,CO,coverage_standard_deviation,0.06965112686157227
Meta-Llama-3.1-8B-Instruct,2,3,0.06451612903225806,False,raw_magnitude,category,CO,resultant_length,0.783624529838562
Meta-Llama-3.1-8B-Instruct,2,3,0.06451612903225806,False,raw_magnitude,category,MG,mean_coverage,0.7818071246147156
Meta-Llama-3.1-8B-Instruct,2,3,0.06451612903225806,False,raw_magnitude,category,MG,minimum_coverage,0.7218579053878784
Meta-Llama-3.1-8B-Instruct,2,3,0.06451612903225806,False,raw_magnitude,category,MG,coverage_standard_deviation,0.05468115583062172
Meta-Llama-3.1-8B-Instruct,2,3,0.06451612903225806,False,raw_magnitude,category,MG,resultant_length,0.7864827513694763
Meta-Llama-3.1-8B-Instruct,3,4,0.0967741935483871,False,unit_normalized,mechanism,prefix_injection,C_k,0.8472463488578796
Meta-Llama-3.1-8B-Instruct,3,4,0.0967741935483871,False,unit_normalized,mechanism,prefix_injection,parallel_energy_fraction,0.7178263756530079
Meta-Llama-3.1-8B-Instruct,3,4,0.0967741935483871,False,unit_normalized,mechanism,prefix_injection,residual_energy_fraction,0.2821736243469921
Meta-Llama-3.1-8B-Instruct,3,4,0.0967741935483871,False,unit_normalized,mechanism,refusal_suppression,C_k,0.8494441509246826
Meta-Llama-3.1-8B-Instruct,3,4,0.0967741935483871,False,unit_normalized,mechanism,refusal_suppression,parallel_energy_fraction,0.721555365540155
Meta-Llama-3.1-8B-Instruct,3,4,0.0967741935483871,False,unit_normalized,mechanism,refusal_suppression,residual_energy_fraction,0.278444634459845
Meta-Llama-3.1-8B-Instruct,3,4,0.0967741935483871,False,unit_normalized,mechanism,persona_roleplay,C_k,0.7921307682991028
Meta-Llama-3.1-8B-Instruct,3,4,0.0967741935483871,False,unit_normalized,mechanism,persona_roleplay,parallel_energy_fraction,0.6274711540861269
Meta-Llama-3.1-8B-Instruct,3,4,0.0967741935483871,False,unit_normalized,mechanism,persona_roleplay,residual_energy_fraction,0.37252884591387314
Meta-Llama-3.1-8B-Instruct,3,4,0.0967741935483871,False,unit_normalized,mechanism,encoding_obfuscation,C_k,0.6511602401733398
Meta-Llama-3.1-8B-Instruct,3,4,0.0967741935483871,False,unit_normalized,mechanism,encoding_obfuscation,parallel_energy_fraction,0.42400965838260163
Meta-Llama-3.1-8B-Instruct,3,4,0.0967741935483871,False,unit_normalized,mechanism,encoding_obfuscation,residual_energy_fraction,0.5759903416173984
Meta-Llama-3.1-8B-Instruct,3,4,0.0967741935483871,False,unit_normalized,mechanism,payload_splitting,C_k,0.8746245503425598
Meta-Llama-3.1-8B-Instruct,3,4,0.0967741935483871,False,unit_normalized,mechanism,payload_splitting,parallel_energy_fraction,0.764968104061925
Meta-Llama-3.1-8B-Instruct,3,4,0.0967741935483871,False,unit_normalized,mechanism,payload_splitting,residual_energy_fraction,0.23503189593807505
Meta-Llama-3.1-8B-Instruct,3,4,0.0967741935483871,False,unit_normalized,mechanism,distractors_negated,C_k,0.8248981237411499
Meta-Llama-3.1-8B-Instruct,3,4,0.0967741935483871,False,unit_normalized,mechanism,distractors_negated,parallel_energy_fraction,0.6804569145516695
Meta-Llama-3.1-8B-Instruct,3,4,0.0967741935483871,False,unit_normalized,mechanism,distractors_negated,residual_energy_fraction,0.31954308544833054
Meta-Llama-3.1-8B-Instruct,3,4,0.0967741935483871,False,unit_normalized,category,CO,mean_coverage,0.8296070694923401
Meta-Llama-3.1-8B-Instruct,3,4,0.0967741935483871,False,unit_normalized,category,CO,minimum_coverage,0.7921307682991028
Meta-Llama-3.1-8B-Instruct,3,4,0.0967741935483871,False,unit_normalized,category,CO,coverage_standard_deviation,0.03247404471039772
Meta-Llama-3.1-8B-Instruct,3,4,0.0967741935483871,False,unit_normalized,category,CO,resultant_length,0.8296068906784058
Meta-Llama-3.1-8B-Instruct,3,4,0.0967741935483871,False,unit_normalized,category,MG,mean_coverage,0.7835609316825867
Meta-Llama-3.1-8B-Instruct,3,4,0.0967741935483871,False,unit_normalized,category,MG,minimum_coverage,0.6511602401733398
Meta-Llama-3.1-8B-Instruct,3,4,0.0967741935483871,False,unit_normalized,category,MG,coverage_standard_deviation,0.11732708662748337
Meta-Llama-3.1-8B-Instruct,3,4,0.0967741935483871,False,unit_normalized,category,MG,resultant_length,0.7835608720779419
Meta-Llama-3.1-8B-Instruct,3,4,0.0967741935483871,False,raw_magnitude,mechanism,prefix_injection,C_k,0.8480529189109802
Meta-Llama-3.1-8B-Instruct,3,4,0.0967741935483871,False,raw_magnitude,mechanism,prefix_injection,parallel_energy_fraction,0.7191937532734336
Meta-Llama-3.1-8B-Instruct,3,4,0.0967741935483871,False,raw_magnitude,mechanism,prefix_injection,residual_energy_fraction,0.2808062467265664
Meta-Llama-3.1-8B-Instruct,3,4,0.0967741935483871,False,raw_magnitude,mechanism,refusal_suppression,C_k,0.8484918475151062
Meta-Llama-3.1-8B-Instruct,3,4,0.0967741935483871,False,raw_magnitude,mechanism,refusal_suppression,parallel_energy_fraction,0.7199384152995982
Meta-Llama-3.1-8B-Instruct,3,4,0.0967741935483871,False,raw_magnitude,mechanism,refusal_suppression,residual_energy_fraction,0.28006158470040177
Meta-Llama-3.1-8B-Instruct,3,4,0.0967741935483871,False,raw_magnitude,mechanism,persona_roleplay,C_k,0.7922712564468384
Meta-Llama-3.1-8B-Instruct,3,4,0.0967741935483871,False,raw_magnitude,mechanism,persona_roleplay,parallel_energy_fraction,0.6276937437918519
Meta-Llama-3.1-8B-Instruct,3,4,0.0967741935483871,False,raw_magnitude,mechanism,persona_roleplay,residual_energy_fraction,0.37230625620814806
Meta-Llama-3.1-8B-Instruct,3,4,0.0967741935483871,False,raw_magnitude,mechanism,encoding_obfuscation,C_k,0.7578994035720825
Meta-Llama-3.1-8B-Instruct,3,4,0.0967741935483871,False,raw_magnitude,mechanism,encoding_obfuscation,parallel_energy_fraction,0.5744115059349184
Meta-Llama-3.1-8B-Instruct,3,4,0.0967741935483871,False,raw_magnitude,mechanism,encoding_obfuscation,residual_energy_fraction,0.4255884940650816
Meta-Llama-3.1-8B-Instruct,3,4,0.0967741935483871,False,raw_magnitude,mechanism,payload_splitting,C_k,0.814567506313324
Meta-Llama-3.1-8B-Instruct,3,4,0.0967741935483871,False,raw_magnitude,mechanism,payload_splitting,parallel_energy_fraction,0.6635202223415071
Meta-Llama-3.1-8B-Instruct,3,4,0.0967741935483871,False,raw_magnitude,mechanism,payload_splitting,residual_energy_fraction,0.3364797776584929
Meta-Llama-3.1-8B-Instruct,3,4,0.0967741935483871,False,raw_magnitude,mechanism,distractors_negated,C_k,0.7514559626579285
Meta-Llama-3.1-8B-Instruct,3,4,0.0967741935483871,False,raw_magnitude,mechanism,distractors_negated,parallel_energy_fraction,0.564686063814154
Meta-Llama-3.1-8B-Instruct,3,4,0.0967741935483871,False,raw_magnitude,mechanism,distractors_negated,residual_energy_fraction,0.435313936185846
Meta-Llama-3.1-8B-Instruct,3,4,0.0967741935483871,False,raw_magnitude,category,CO,mean_coverage,0.8296053409576416
Meta-Llama-3.1-8B-Instruct,3,4,0.0967741935483871,False,raw_magnitude,category,CO,minimum_coverage,0.7922712564468384
Meta-Llama-3.1-8B-Instruct,3,4,0.0967741935483871,False,raw_magnitude,category,CO,coverage_standard_deviation,0.03233300894498825
Meta-Llama-3.1-8B-Instruct,3,4,0.0967741935483871,False,raw_magnitude,category,CO,resultant_length,0.8296068906784058
Meta-Llama-3.1-8B-Instruct,3,4,0.0967741935483871,False,raw_magnitude,category,MG,mean_coverage,0.7746409773826599
Meta-Llama-3.1-8B-Instruct,3,4,0.0967741935483871,False,raw_magnitude,category,MG,minimum_coverage,0.7514559626579285
Meta-Llama-3.1-8B-Instruct,3,4,0.0967741935483871,False,raw_magnitude,category,MG,coverage_standard_deviation,0.03472717106342316
Meta-Llama-3.1-8B-Instruct,3,4,0.0967741935483871,False,raw_magnitude,category,MG,resultant_length,0.7835608720779419
Meta-Llama-3.1-8B-Instruct,4,5,0.12903225806451613,False,unit_normalized,mechanism,prefix_injection,C_k,0.8444945812225342
Meta-Llama-3.1-8B-Instruct,4,5,0.12903225806451613,False,unit_normalized,mechanism,prefix_injection,parallel_energy_fraction,0.7131710977142234
Meta-Llama-3.1-8B-Instruct,4,5,0.12903225806451613,False,unit_normalized,mechanism,prefix_injection,residual_energy_fraction,0.2868289022857766
Meta-Llama-3.1-8B-Instruct,4,5,0.12903225806451613,False,unit_normalized,mechanism,refusal_suppression,C_k,0.8553518056869507
Meta-Llama-3.1-8B-Instruct,4,5,0.12903225806451613,False,unit_normalized,mechanism,refusal_suppression,parallel_energy_fraction,0.731626711491927
Meta-Llama-3.1-8B-Instruct,4,5,0.12903225806451613,False,unit_normalized,mechanism,refusal_suppression,residual_energy_fraction,0.26837328850807296
Meta-Llama-3.1-8B-Instruct,4,5,0.12903225806451613,False,unit_normalized,mechanism,persona_roleplay,C_k,0.8002747893333435
Meta-Llama-3.1-8B-Instruct,4,5,0.12903225806451613,False,unit_normalized,mechanism,persona_roleplay,parallel_energy_fraction,0.6404397384425273
Meta-Llama-3.1-8B-Instruct,4,5,0.12903225806451613,False,unit_normalized,mechanism,persona_roleplay,residual_energy_fraction,0.35956026155747267
Meta-Llama-3.1-8B-Instruct,4,5,0.12903225806451613,False,unit_normalized,mechanism,encoding_obfuscation,C_k,0.6460561752319336
Meta-Llama-3.1-8B-Instruct,4,5,0.12903225806451613,False,unit_normalized,mechanism,encoding_obfuscation,parallel_energy_fraction,0.4173885815553149
Meta-Llama-3.1-8B-Instruct,4,5,0.12903225806451613,False,unit_normalized,mechanism,encoding_obfuscation,residual_energy_fraction,0.5826114184446851
Meta-Llama-3.1-8B-Instruct,4,5,0.12903225806451613,False,unit_normalized,mechanism,payload_splitting,C_k,0.8477334380149841
Meta-Llama-3.1-8B-Instruct,4,5,0.12903225806451613,False,unit_normalized,mechanism,payload_splitting,parallel_energy_fraction,0.7186519819287049
Meta-Llama-3.1-8B-Instruct,4,5,0.12903225806451613,False,unit_normalized,mechanism,payload_splitting,residual_energy_fraction,0.28134801807129506
Meta-Llama-3.1-8B-Instruct,4,5,0.12903225806451613,False,unit_normalized,mechanism,distractors_negated,C_k,0.7803599834442139
Meta-Llama-3.1-8B-Instruct,4,5,0.12903225806451613,False,unit_normalized,mechanism,distractors_negated,parallel_energy_fraction,0.6089617037610537
Meta-Llama-3.1-8B-Instruct,4,5,0.12903225806451613,False,unit_normalized,mechanism,distractors_negated,residual_energy_fraction,0.39103829623894626
Meta-Llama-3.1-8B-Instruct,4,5,0.12903225806451613,False,unit_normalized,category,CO,mean_coverage,0.8333737254142761
Meta-Llama-3.1-8B-Instruct,4,5,0.12903225806451613,False,unit_normalized,category,CO,minimum_coverage,0.8002747893333435
Meta-Llama-3.1-8B-Instruct,4,5,0.12903225806451613,False,unit_normalized,category,CO,coverage_standard_deviation,0.029174039140343666
Meta-Llama-3.1-8B-Instruct,4,5,0.12903225806451613,False,unit_normalized,category,CO,resultant_length,0.8333737850189209
Meta-Llama-3.1-8B-Instruct,4,5,0.12903225806451613,False,unit_normalized,category,MG,mean_coverage,0.7580499053001404
Meta-Llama-3.1-8B-Instruct,4,5,0.12903225806451613,False,unit_normalized,category,MG,minimum_coverage,0.6460561752319336
Meta-Llama-3.1-8B-Instruct,4,5,0.12903225806451613,False,unit_normalized,category,MG,coverage_standard_deviation,0.10267295688390732
Meta-Llama-3.1-8B-Instruct,4,5,0.12903225806451613,False,unit_normalized,category,MG,resultant_length,0.7580499649047852
Meta-Llama-3.1-8B-Instruct,4,5,0.12903225806451613,False,raw_magnitude,mechanism,prefix_injection,C_k,0.8388100266456604
Meta-Llama-3.1-8B-Instruct,4,5,0.12903225806451613,False,raw_magnitude,mechanism,prefix_injection,parallel_energy_fraction,0.7036022608012935
Meta-Llama-3.1-8B-Instruct,4,5,0.12903225806451613,False,raw_magnitude,mechanism,prefix_injection,residual_energy_fraction,0.2963977391987065
Meta-Llama-3.1-8B-Instruct,4,5,0.12903225806451613,False,raw_magnitude,mechanism,refusal_suppression,C_k,0.8464480638504028
Meta-Llama-3.1-8B-Instruct,4,5,0.12903225806451613,False,raw_magnitude,mechanism,refusal_suppression,parallel_energy_fraction,0.7164743247960956
Meta-Llama-3.1-8B-Instruct,4,5,0.12903225806451613,False,raw_magnitude,mechanism,refusal_suppression,residual_energy_fraction,0.28352567520390437
Meta-Llama-3.1-8B-Instruct,4,5,0.12903225806451613,False,raw_magnitude,mechanism,persona_roleplay,C_k,0.8141457438468933
Meta-Llama-3.1-8B-Instruct,4,5,0.12903225806451613,False,raw_magnitude,mechanism,persona_roleplay,parallel_energy_fraction,0.6628332922240112
Meta-Llama-3.1-8B-Instruct,4,5,0.12903225806451613,False,raw_magnitude,mechanism,persona_roleplay,residual_energy_fraction,0.3371667077759888
Meta-Llama-3.1-8B-Instruct,4,5,0.12903225806451613,False,raw_magnitude,mechanism,encoding_obfuscation,C_k,0.7720441222190857
Meta-Llama-3.1-8B-Instruct,4,5,0.12903225806451613,False,raw_magnitude,mechanism,encoding_obfuscation,parallel_energy_fraction,0.5960521266530385
Meta-Llama-3.1-8B-Instruct,4,5,0.12903225806451613,False,raw_magnitude,mechanism,encoding_obfuscation,residual_energy_fraction,0.4039478733469615
Meta-Llama-3.1-8B-Instruct,4,5,0.12903225806451613,False,raw_magnitude,mechanism,payload_splitting,C_k,0.7861389517784119
Meta-Llama-3.1-8B-Instruct,4,5,0.12903225806451613,False,raw_magnitude,mechanism,payload_splitting,parallel_energy_fraction,0.6180144515032602
Meta-Llama-3.1-8B-Instruct,4,5,0.12903225806451613,False,raw_magnitude,mechanism,payload_splitting,residual_energy_fraction,0.3819855484967398
Meta-Llama-3.1-8B-Instruct,4,5,0.12903225806451613,False,raw_magnitude,mechanism,distractors_negated,C_k,0.6789430379867554
Meta-Llama-3.1-8B-Instruct,4,5,0.12903225806451613,False,raw_magnitude,mechanism,distractors_negated,parallel_energy_fraction,0.46096364883068475
Meta-Llama-3.1-8B-Instruct,4,5,0.12903225806451613,False,raw_magnitude,mechanism,distractors_negated,residual_energy_fraction,0.5390363511693153
Meta-Llama-3.1-8B-Instruct,4,5,0.12903225806451613,False,raw_magnitude,category,CO,mean_coverage,0.833134651184082
Meta-Llama-3.1-8B-Instruct,4,5,0.12903225806451613,False,raw_magnitude,category,CO,minimum_coverage,0.8141457438468933
Meta-Llama-3.1-8B-Instruct,4,5,0.12903225806451613,False,raw_magnitude,category,CO,coverage_standard_deviation,0.01688246801495552
Meta-Llama-3.1-8B-Instruct,4,5,0.12903225806451613,False,raw_magnitude,category,CO,resultant_length,0.8333737850189209
Meta-Llama-3.1-8B-Instruct,4,5,0.12903225806451613,False,raw_magnitude,category,MG,mean_coverage,0.745708703994751
Meta-Llama-3.1-8B-Instruct,4,5,0.12903225806451613,False,raw_magnitude,category,MG,minimum_coverage,0.6789430379867554
Meta-Llama-3.1-8B-Instruct,4,5,0.12903225806451613,False,raw_magnitude,category,MG,coverage_standard_deviation,0.05824866145849228
Meta-Llama-3.1-8B-Instruct,4,5,0.12903225806451613,False,raw_magnitude,category,MG,resultant_length,0.7580499649047852
Meta-Llama-3.1-8B-Instruct,5,6,0.16129032258064516,False,unit_normalized,mechanism,prefix_injection,C_k,0.8820705413818359
Meta-Llama-3.1-8B-Instruct,5,6,0.16129032258064516,False,unit_normalized,mechanism,prefix_injection,parallel_energy_fraction,0.7780484399736451
Meta-Llama-3.1-8B-Instruct,5,6,0.16129032258064516,False,unit_normalized,mechanism,prefix_injection,residual_energy_fraction,0.22195156002635485
Meta-Llama-3.1-8B-Instruct,5,6,0.16129032258064516,False,unit_normalized,mechanism,refusal_suppression,C_k,0.8800845742225647
Meta-Llama-3.1-8B-Instruct,5,6,0.16129032258064516,False,unit_normalized,mechanism,refusal_suppression,parallel_energy_fraction,0.774548857784513
Meta-Llama-3.1-8B-Instruct,5,6,0.16129032258064516,False,unit_normalized,mechanism,refusal_suppression,residual_energy_fraction,0.225451142215487
Meta-Llama-3.1-8B-Instruct,5,6,0.16129032258064516,False,unit_normalized,mechanism,persona_roleplay,C_k,0.8455394506454468
Meta-Llama-3.1-8B-Instruct,5,6,0.16129032258064516,False,unit_normalized,mechanism,persona_roleplay,parallel_energy_fraction,0.7149369625978039
Meta-Llama-3.1-8B-Instruct,5,6,0.16129032258064516,False,unit_normalized,mechanism,persona_roleplay,residual_energy_fraction,0.2850630374021961
Meta-Llama-3.1-8B-Instruct,5,6,0.16129032258064516,False,unit_normalized,mechanism,encoding_obfuscation,C_k,0.6884523034095764
Meta-Llama-3.1-8B-Instruct,5,6,0.16129032258064516,False,unit_normalized,mechanism,encoding_obfuscation,parallel_energy_fraction,0.47396657406995146
Meta-Llama-3.1-8B-Instruct,5,6,0.16129032258064516,False,unit_normalized,mechanism,encoding_obfuscation,residual_energy_fraction,0.5260334259300485
Meta-Llama-3.1-8B-Instruct,5,6,0.16129032258064516,False,unit_normalized,mechanism,payload_splitting,C_k,0.8417879939079285
Meta-Llama-3.1-8B-Instruct,5,6,0.16129032258064516,False,unit_normalized,mechanism,payload_splitting,parallel_energy_fraction,0.7086070266875346
Meta-Llama-3.1-8B-Instruct,5,6,0.16129032258064516,False,unit_normalized,mechanism,payload_splitting,residual_energy_fraction,0.2913929733124654
Meta-Llama-3.1-8B-Instruct,5,6,0.16129032258064516,False,unit_normalized,mechanism,distractors_negated,C_k,0.7509984970092773
Meta-Llama-3.1-8B-Instruct,5,6,0.16129032258064516,False,unit_normalized,mechanism,distractors_negated,parallel_energy_fraction,0.5639987425101936
Meta-Llama-3.1-8B-Instruct,5,6,0.16129032258064516,False,unit_normalized,mechanism,distractors_negated,residual_energy_fraction,0.43600125748980645
Meta-Llama-3.1-8B-Instruct,5,6,0.16129032258064516,False,unit_normalized,category,CO,mean_coverage,0.8692315220832825
Meta-Llama-3.1-8B-Instruct,5,6,0.16129032258064516,False,unit_normalized,category,CO,minimum_coverage,0.8455394506454468
Meta-Llama-3.1-8B-Instruct,5,6,0.16129032258064516,False,unit_normalized,category,CO,coverage_standard_deviation,0.020541949197649956
Meta-Llama-3.1-8B-Instruct,5,6,0.16129032258064516,False,unit_normalized,category,CO,resultant_length,0.8692314624786377
Meta-Llama-3.1-8B-Instruct,5,6,0.16129032258064516,False,unit_normalized,category,MG,mean_coverage,0.7604129314422607
Meta-Llama-3.1-8B-Instruct,5,6,0.16129032258064516,False,unit_normalized,category,MG,minimum_coverage,0.6884523034095764
Meta-Llama-3.1-8B-Instruct,5,6,0.16129032258064516,False,unit_normalized,category,MG,coverage_standard_deviation,0.07710014283657074
Meta-Llama-3.1-8B-Instruct,5,6,0.16129032258064516,False,unit_normalized,category,MG,resultant_length,0.7604129910469055
Meta-Llama-3.1-8B-Instruct,5,6,0.16129032258064516,False,raw_magnitude,mechanism,prefix_injection,C_k,0.8834269642829895
Meta-Llama-3.1-8B-Instruct,5,6,0.16129032258064516,False,raw_magnitude,mechanism,prefix_injection,parallel_energy_fraction,0.7804432012222584
Meta-Llama-3.1-8B-Instruct,5,6,0.16129032258064516,False,raw_magnitude,mechanism,prefix_injection,residual_energy_fraction,0.2195567987777416
Meta-Llama-3.1-8B-Instruct,5,6,0.16129032258064516,False,raw_magnitude,mechanism,refusal_suppression,C_k,0.8692619204521179
Meta-Llama-3.1-8B-Instruct,5,6,0.16129032258064516,False,raw_magnitude,mechanism,refusal_suppression,parallel_energy_fraction,0.7556162863481042
Meta-Llama-3.1-8B-Instruct,5,6,0.16129032258064516,False,raw_magnitude,mechanism,refusal_suppression,residual_energy_fraction,0.24438371365189582
Meta-Llama-3.1-8B-Instruct,5,6,0.16129032258064516,False,raw_magnitude,mechanism,persona_roleplay,C_k,0.8543236255645752
Meta-Llama-3.1-8B-Instruct,5,6,0.16129032258064516,False,raw_magnitude,mechanism,persona_roleplay,parallel_energy_fraction,0.7298688571978005
Meta-Llama-3.1-8B-Instruct,5,6,0.16129032258064516,False,raw_magnitude,mechanism,persona_roleplay,residual_energy_fraction,0.2701311428021995
Meta-Llama-3.1-8B-Instruct,5,6,0.16129032258064516,False,raw_magnitude,mechanism,encoding_obfuscation,C_k,0.7899503111839294
Meta-Llama-3.1-8B-Instruct,5,6,0.16129032258064516,False,raw_magnitude,mechanism,encoding_obfuscation,parallel_energy_fraction,0.624021494139587
Meta-Llama-3.1-8B-Instruct,5,6,0.16129032258064516,False,raw_magnitude,mechanism,encoding_obfuscation,residual_energy_fraction,0.37597850586041304
Meta-Llama-3.1-8B-Instruct,5,6,0.16129032258064516,False,raw_magnitude,mechanism,payload_splitting,C_k,0.8081244826316833
Meta-Llama-3.1-8B-Instruct,5,6,0.16129032258064516,False,raw_magnitude,mechanism,payload_splitting,parallel_energy_fraction,0.6530651794287259
Meta-Llama-3.1-8B-Instruct,5,6,0.16129032258064516,False,raw_magnitude,mechanism,payload_splitting,residual_energy_fraction,0.3469348205712741
Meta-Llama-3.1-8B-Instruct,5,6,0.16129032258064516,False,raw_magnitude,mechanism,distractors_negated,C_k,0.6554443836212158
Meta-Llama-3.1-8B-Instruct,5,6,0.16129032258064516,False,raw_magnitude,mechanism,distractors_negated,parallel_energy_fraction,0.42960734002059553
Meta-Llama-3.1-8B-Instruct,5,6,0.16129032258064516,False,raw_magnitude,mechanism,distractors_negated,residual_energy_fraction,0.5703926599794045
Meta-Llama-3.1-8B-Instruct,5,6,0.16129032258064516,False,raw_magnitude,category,CO,mean_coverage,0.8690041899681091
Meta-Llama-3.1-8B-Instruct,5,6,0.16129032258064516,False,raw_magnitude,category,CO,minimum_coverage,0.8543236255645752
Meta-Llama-3.1-8B-Instruct,5,6,0.16129032258064516,False,raw_magnitude,category,CO,coverage_standard_deviation,0.014553381130099297
Meta-Llama-3.1-8B-Instruct,5,6,0.16129032258064516,False,raw_magnitude,category,CO,resultant_length,0.8692314624786377
Meta-Llama-3.1-8B-Instruct,5,6,0.16129032258064516,False,raw_magnitude,category,MG,mean_coverage,0.7511730194091797
Meta-Llama-3.1-8B-Instruct,5,6,0.16129032258064516,False,raw_magnitude,category,MG,minimum_coverage,0.6554443836212158
Meta-Llama-3.1-8B-Instruct,5,6,0.16129032258064516,False,raw_magnitude,category,MG,coverage_standard_deviation,0.08339999616146088
Meta-Llama-3.1-8B-Instruct,5,6,0.16129032258064516,False,raw_magnitude,category,MG,resultant_length,0.7604129910469055
Meta-Llama-3.1-8B-Instruct,6,7,0.1935483870967742,False,unit_normalized,mechanism,prefix_injection,C_k,0.8896989822387695
Meta-Llama-3.1-8B-Instruct,6,7,0.1935483870967742,False,unit_normalized,mechanism,prefix_injection,parallel_energy_fraction,0.7915642789967023
Meta-Llama-3.1-8B-Instruct,6,7,0.1935483870967742,False,unit_normalized,mechanism,prefix_injection,residual_energy_fraction,0.20843572100329766
Meta-Llama-3.1-8B-Instruct,6,7,0.1935483870967742,False,unit_normalized,mechanism,refusal_suppression,C_k,0.8416953086853027
Meta-Llama-3.1-8B-Instruct,6,7,0.1935483870967742,False,unit_normalized,mechanism,refusal_suppression,parallel_energy_fraction,0.7084509926628471
Meta-Llama-3.1-8B-Instruct,6,7,0.1935483870967742,False,unit_normalized,mechanism,refusal_suppression,residual_energy_fraction,0.29154900733715294
Meta-Llama-3.1-8B-Instruct,6,7,0.1935483870967742,False,unit_normalized,mechanism,persona_roleplay,C_k,0.8044619560241699
Meta-Llama-3.1-8B-Instruct,6,7,0.1935483870967742,False,unit_normalized,mechanism,persona_roleplay,parallel_energy_fraction,0.6471590386902335
Meta-Llama-3.1-8B-Instruct,6,7,0.1935483870967742,False,unit_normalized,mechanism,persona_roleplay,residual_energy_fraction,0.3528409613097665
Meta-Llama-3.1-8B-Instruct,6,7,0.1935483870967742,False,unit_normalized,mechanism,encoding_obfuscation,C_k,0.7307157516479492
Meta-Llama-3.1-8B-Instruct,6,7,0.1935483870967742,False,unit_normalized,mechanism,encoding_obfuscation,parallel_energy_fraction,0.5339455097064274
Meta-Llama-3.1-8B-Instruct,6,7,0.1935483870967742,False,unit_normalized,mechanism,encoding_obfuscation,residual_energy_fraction,0.4660544902935726
Meta-Llama-3.1-8B-Instruct,6,7,0.1935483870967742,False,unit_normalized,mechanism,payload_splitting,C_k,0.8619621396064758
Meta-Llama-3.1-8B-Instruct,6,7,0.1935483870967742,False,unit_normalized,mechanism,payload_splitting,parallel_energy_fraction,0.7429787301149737
Meta-Llama-3.1-8B-Instruct,6,7,0.1935483870967742,False,unit_normalized,mechanism,payload_splitting,residual_energy_fraction,0.25702126988502627
Meta-Llama-3.1-8B-Instruct,6,7,0.1935483870967742,False,unit_normalized,mechanism,distractors_negated,C_k,0.7739401459693909
Meta-Llama-3.1-8B-Instruct,6,7,0.1935483870967742,False,unit_normalized,mechanism,distractors_negated,parallel_energy_fraction,0.598983349543122
Meta-Llama-3.1-8B-Instruct,6,7,0.1935483870967742,False,unit_normalized,mechanism,distractors_negated,residual_energy_fraction,0.40101665045687795
Meta-Llama-3.1-8B-Instruct,6,7,0.1935483870967742,False,unit_normalized,category,CO,mean_coverage,0.8452854156494141
Meta-Llama-3.1-8B-Instruct,6,7,0.1935483870967742,False,unit_normalized,category,CO,minimum_coverage,0.8044619560241699
Meta-Llama-3.1-8B-Instruct,6,7,0.1935483870967742,False,unit_normalized,category,CO,coverage_standard_deviation,0.04273177310824394
Meta-Llama-3.1-8B-Instruct,6,7,0.1935483870967742,False,unit_normalized,category,CO,resultant_length,0.8452853560447693
Meta-Llama-3.1-8B-Instruct,6,7,0.1935483870967742,False,unit_normalized,category,MG,mean_coverage,0.7888726592063904
Meta-Llama-3.1-8B-Instruct,6,7,0.1935483870967742,False,unit_normalized,category,MG,minimum_coverage,0.7307157516479492
Meta-Llama-3.1-8B-Instruct,6,7,0.1935483870967742,False,unit_normalized,category,MG,coverage_standard_deviation,0.06688527017831802
Meta-Llama-3.1-8B-Instruct,6,7,0.1935483870967742,False,unit_normalized,category,MG,resultant_length,0.7888726592063904
Meta-Llama-3.1-8B-Instruct,6,7,0.1935483870967742,False,raw_magnitude,mechanism,prefix_injection,C_k,0.8909144997596741
Meta-Llama-3.1-8B-Instruct,6,7,0.1935483870967742,False,raw_magnitude,mechanism,prefix_injection,parallel_energy_fraction,0.7937286458820303
Meta-Llama-3.1-8B-Instruct,6,7,0.1935483870967742,False,raw_magnitude,mechanism,prefix_injection,residual_energy_fraction,0.2062713541179697
Meta-Llama-3.1-8B-Instruct,6,7,0.1935483870967742,False,raw_magnitude,mechanism,refusal_suppression,C_k,0.8208601474761963
Meta-Llama-3.1-8B-Instruct,6,7,0.1935483870967742,False,raw_magnitude,mechanism,refusal_suppression,parallel_energy_fraction,0.6738113817146427
Meta-Llama-3.1-8B-Instruct,6,7,0.1935483870967742,False,raw_magnitude,mechanism,refusal_suppression,residual_energy_fraction,0.3261886182853573
Meta-Llama-3.1-8B-Instruct,6,7,0.1935483870967742,False,raw_magnitude,mechanism,persona_roleplay,C_k,0.8222324848175049
Meta-Llama-3.1-8B-Instruct,6,7,0.1935483870967742,False,raw_magnitude,mechanism,persona_roleplay,parallel_energy_fraction,0.6760662590891684
Meta-Llama-3.1-8B-Instruct,6,7,0.1935483870967742,False,raw_magnitude,mechanism,persona_roleplay,residual_energy_fraction,0.3239337409108316
Meta-Llama-3.1-8B-Instruct,6,7,0.1935483870967742,False,raw_magnitude,mechanism,encoding_obfuscation,C_k,0.8191450834274292
Meta-Llama-3.1-8B-Instruct,6,7,0.1935483870967742,False,raw_magnitude,mechanism,encoding_obfuscation,parallel_energy_fraction,0.6709986677033299
Meta-Llama-3.1-8B-Instruct,6,7,0.1935483870967742,False,raw_magnitude,mechanism,encoding_obfuscation,residual_energy_fraction,0.32900133229667006
Meta-Llama-3.1-8B-Instruct,6,7,0.1935483870967742,False,raw_magnitude,mechanism,payload_splitting,C_k,0.8353095650672913
Meta-Llama-3.1-8B-Instruct,6,7,0.1935483870967742,False,raw_magnitude,mechanism,payload_splitting,parallel_energy_fraction,0.6977420694929073
Meta-Llama-3.1-8B-Instruct,6,7,0.1935483870967742,False,raw_magnitude,mechanism,payload_splitting,residual_energy_fraction,0.3022579305070927
Meta-Llama-3.1-8B-Instruct,6,7,0.1935483870967742,False,raw_magnitude,mechanism,distractors_negated,C_k,0.6871004104614258
Meta-Llama-3.1-8B-Instruct,6,7,0.1935483870967742,False,raw_magnitude,mechanism,distractors_negated,parallel_energy_fraction,0.4721069740562598
Meta-Llama-3.1-8B-Instruct,6,7,0.1935483870967742,False,raw_magnitude,mechanism,distractors_negated,residual_energy_fraction,0.5278930259437402
Meta-Llama-3.1-8B-Instruct,6,7,0.1935483870967742,False,raw_magnitude,category,CO,mean_coverage,0.8446690440177917
Meta-Llama-3.1-8B-Instruct,6,7,0.1935483870967742,False,raw_magnitude,category,CO,minimum_coverage,0.8208601474761963
Meta-Llama-3.1-8B-Instruct,6,7,0.1935483870967742,False,raw_magnitude,category,CO,coverage_standard_deviation,0.040055617690086365
Meta-Llama-3.1-8B-Instruct,6,7,0.1935483870967742,False,raw_magnitude,category,CO,resultant_length,0.8452853560447693
Meta-Llama-3.1-8B-Instruct,6,7,0.1935483870967742,False,raw_magnitude,category,MG,mean_coverage,0.7805183529853821
Meta-Llama-3.1-8B-Instruct,6,7,0.1935483870967742,False,raw_magnitude,category,MG,minimum_coverage,0.6871004104614258
Meta-Llama-3.1-8B-Instruct,6,7,0.1935483870967742,False,raw_magnitude,category,MG,coverage_standard_deviation,0.08130501955747604
Meta-Llama-3.1-8B-Instruct,6,7,0.1935483870967742,False,raw_magnitude,category,MG,resultant_length,0.7888726592063904
Meta-Llama-3.1-8B-Instruct,7,8,0.22580645161290322,False,unit_normalized,mechanism,prefix_injection,C_k,0.8736743927001953
Meta-Llama-3.1-8B-Instruct,7,8,0.22580645161290322,False,unit_normalized,mechanism,prefix_injection,parallel_energy_fraction,0.7633069444600551
Meta-Llama-3.1-8B-Instruct,7,8,0.22580645161290322,False,unit_normalized,mechanism,prefix_injection,residual_energy_fraction,0.2366930555399449
Meta-Llama-3.1-8B-Instruct,7,8,0.22580645161290322,False,unit_normalized,mechanism,refusal_suppression,C_k,0.8267639875411987
Meta-Llama-3.1-8B-Instruct,7,8,0.22580645161290322,False,unit_normalized,mechanism,refusal_suppression,parallel_energy_fraction,0.6835386910950234
Meta-Llama-3.1-8B-Instruct,7,8,0.22580645161290322,False,unit_normalized,mechanism,refusal_suppression,residual_energy_fraction,0.3164613089049766
Meta-Llama-3.1-8B-Instruct,7,8,0.22580645161290322,False,unit_normalized,mechanism,persona_roleplay,C_k,0.7916665077209473
Meta-Llama-3.1-8B-Instruct,7,8,0.22580645161290322,False,unit_normalized,mechanism,persona_roleplay,parallel_energy_fraction,0.6267358594470807
Meta-Llama-3.1-8B-Instruct,7,8,0.22580645161290322,False,unit_normalized,mechanism,persona_roleplay,residual_energy_fraction,0.37326414055291934
Meta-Llama-3.1-8B-Instruct,7,8,0.22580645161290322,False,unit_normalized,mechanism,encoding_obfuscation,C_k,0.7431218028068542
Meta-Llama-3.1-8B-Instruct,7,8,0.22580645161290322,False,unit_normalized,mechanism,encoding_obfuscation,parallel_energy_fraction,0.5522300138069092
Meta-Llama-3.1-8B-Instruct,7,8,0.22580645161290322,False,unit_normalized,mechanism,encoding_obfuscation,residual_energy_fraction,0.44776998619309083
Meta-Llama-3.1-8B-Instruct,7,8,0.22580645161290322,False,unit_normalized,mechanism,payload_splitting,C_k,0.8454188108444214
Meta-Llama-3.1-8B-Instruct,7,8,0.22580645161290322,False,unit_normalized,mechanism,payload_splitting,parallel_energy_fraction,0.7147329657295955
Meta-Llama-3.1-8B-Instruct,7,8,0.22580645161290322,False,unit_normalized,mechanism,payload_splitting,residual_energy_fraction,0.28526703427040445
Meta-Llama-3.1-8B-Instruct,7,8,0.22580645161290322,False,unit_normalized,mechanism,distractors_negated,C_k,0.7493507266044617
Meta-Llama-3.1-8B-Instruct,7,8,0.22580645161290322,False,unit_normalized,mechanism,distractors_negated,parallel_energy_fraction,0.5615265114626347
Meta-Llama-3.1-8B-Instruct,7,8,0.22580645161290322,False,unit_normalized,mechanism,distractors_negated,residual_energy_fraction,0.43847348853736534
Meta-Llama-3.1-8B-Instruct,7,8,0.22580645161290322,False,unit_normalized,category,CO,mean_coverage,0.8307016491889954
Meta-Llama-3.1-8B-Instruct,7,8,0.22580645161290322,False,unit_normalized,category,CO,minimum_coverage,0.7916665077209473
Meta-Llama-3.1-8B-Instruct,7,8,0.22580645161290322,False,unit_normalized,category,CO,coverage_standard_deviation,0.04114549979567528
Meta-Llama-3.1-8B-Instruct,7,8,0.22580645161290322,False,unit_normalized,category,CO,resultant_length,0.8307016491889954
Meta-Llama-3.1-8B-Instruct,7,8,0.22580645161290322,False,unit_normalized,category,MG,mean_coverage,0.7792971134185791
Meta-Llama-3.1-8B-Instruct,7,8,0.22580645161290322,False,unit_normalized,category,MG,minimum_coverage,0.7431218028068542
Meta-Llama-3.1-8B-Instruct,7,8,0.22580645161290322,False,unit_normalized,category,MG,coverage_standard_deviation,0.057347703725099564
Meta-Llama-3.1-8B-Instruct,7,8,0.22580645161290322,False,unit_normalized,category,MG,resultant_length,0.7792970538139343
Meta-Llama-3.1-8B-Instruct,7,8,0.22580645161290322,False,raw_magnitude,mechanism,prefix_injection,C_k,0.8769230246543884
Meta-Llama-3.1-8B-Instruct,7,8,0.22580645161290322,False,raw_magnitude,mechanism,prefix_injection,parallel_energy_fraction,0.7689939911690011
Meta-Llama-3.1-8B-Instruct,7,8,0.22580645161290322,False,raw_magnitude,mechanism,prefix_injection,residual_energy_fraction,0.23100600883099887
Meta-Llama-3.1-8B-Instruct,7,8,0.22580645161290322,False,raw_magnitude,mechanism,refusal_suppression,C_k,0.8053885102272034
Meta-Llama-3.1-8B-Instruct,7,8,0.22580645161290322,False,raw_magnitude,mechanism,refusal_suppression,parallel_energy_fraction,0.6486506524059941
Meta-Llama-3.1-8B-Instruct,7,8,0.22580645161290322,False,raw_magnitude,mechanism,refusal_suppression,residual_energy_fraction,0.35134934759400593
Meta-Llama-3.1-8B-Instruct,7,8,0.22580645161290322,False,raw_magnitude,mechanism,persona_roleplay,C_k,0.8080637454986572
Meta-Llama-3.1-8B-Instruct,7,8,0.22580645161290322,False,raw_magnitude,mechanism,persona_roleplay,parallel_energy_fraction,0.6529670167893187
Meta-Llama-3.1-8B-Instruct,7,8,0.22580645161290322,False,raw_magnitude,mechanism,persona_roleplay,residual_energy_fraction,0.3470329832106813
Meta-Llama-3.1-8B-Instruct,7,8,0.22580645161290322,False,raw_magnitude,mechanism,encoding_obfuscation,C_k,0.8278347253799438
Meta-Llama-3.1-8B-Instruct,7,8,0.22580645161290322,False,raw_magnitude,mechanism,encoding_obfuscation,parallel_energy_fraction,0.685310332544887
Meta-Llama-3.1-8B-Instruct,7,8,0.22580645161290322,False,raw_magnitude,mechanism,encoding_obfuscation,residual_energy_fraction,0.31468966745511295
Meta-Llama-3.1-8B-Instruct,7,8,0.22580645161290322,False,raw_magnitude,mechanism,payload_splitting,C_k,0.8222746849060059
Meta-Llama-3.1-8B-Instruct,7,8,0.22580645161290322,False,raw_magnitude,mechanism,payload_splitting,parallel_energy_fraction,0.6761356574372712
Meta-Llama-3.1-8B-Instruct,7,8,0.22580645161290322,False,raw_magnitude,mechanism,payload_splitting,residual_energy_fraction,0.3238643425627288
Meta-Llama-3.1-8B-Instruct,7,8,0.22580645161290322,False,raw_magnitude,mechanism,distractors_negated,C_k,0.6642627120018005
Meta-Llama-3.1-8B-Instruct,7,8,0.22580645161290322,False,raw_magnitude,mechanism,distractors_negated,parallel_energy_fraction,0.441244950555987
Meta-Llama-3.1-8B-Instruct,7,8,0.22580645161290322,False,raw_magnitude,mechanism,distractors_negated,residual_energy_fraction,0.558755049444013
Meta-Llama-3.1-8B-Instruct,7,8,0.22580645161290322,False,raw_magnitude,category,CO,mean_coverage,0.830125093460083
Meta-Llama-3.1-8B-Instruct,7,8,0.22580645161290322,False,raw_magnitude,category,CO,minimum_coverage,0.8053885102272034
Meta-Llama-3.1-8B-Instruct,7,8,0.22580645161290322,False,raw_magnitude,category,CO,coverage_standard_deviation,0.040550265461206436
Meta-Llama-3.1-8B-Instruct,7,8,0.22580645161290322,False,raw_magnitude,category,CO,resultant_length,0.8307016491889954
Meta-Llama-3.1-8B-Instruct,7,8,0.22580645161290322,False,raw_magnitude,category,MG,mean_coverage,0.7714573740959167
Meta-Llama-3.1-8B-Instruct,7,8,0.22580645161290322,False,raw_magnitude,category,MG,minimum_coverage,0.6642627120018005
Meta-Llama-3.1-8B-Instruct,7,8,0.22580645161290322,False,raw_magnitude,category,MG,coverage_standard_deviation,0.0928749144077301
Meta-Llama-3.1-8B-Instruct,7,8,0.22580645161290322,False,raw_magnitude,category,MG,resultant_length,0.7792970538139343
Meta-Llama-3.1-8B-Instruct,8,9,0.25806451612903225,False,unit_normalized,mechanism,prefix_injection,C_k,0.8369826078414917
Meta-Llama-3.1-8B-Instruct,8,9,0.25806451612903225,False,unit_normalized,mechanism,prefix_injection,parallel_energy_fraction,0.7005398858291443
Meta-Llama-3.1-8B-Instruct,8,9,0.25806451612903225,False,unit_normalized,mechanism,prefix_injection,residual_energy_fraction,0.2994601141708557
Meta-Llama-3.1-8B-Instruct,8,9,0.25806451612903225,False,unit_normalized,mechanism,refusal_suppression,C_k,0.8229695558547974
Meta-Llama-3.1-8B-Instruct,8,9,0.25806451612903225,False,unit_normalized,mechanism,refusal_suppression,parallel_energy_fraction,0.6772788898638424
Meta-Llama-3.1-8B-Instruct,8,9,0.25806451612903225,False,unit_normalized,mechanism,refusal_suppression,residual_energy_fraction,0.32272111013615756
Meta-Llama-3.1-8B-Instruct,8,9,0.25806451612903225,False,unit_normalized,mechanism,persona_roleplay,C_k,0.7734827399253845
Meta-Llama-3.1-8B-Instruct,8,9,0.25806451612903225,False,unit_normalized,mechanism,persona_roleplay,parallel_energy_fraction,0.59827554896248
Meta-Llama-3.1-8B-Instruct,8,9,0.25806451612903225,False,unit_normalized,mechanism,persona_roleplay,residual_energy_fraction,0.40172445103751997
Meta-Llama-3.1-8B-Instruct,8,9,0.25806451612903225,False,unit_normalized,mechanism,encoding_obfuscation,C_k,0.7790847420692444
Meta-Llama-3.1-8B-Instruct,8,9,0.25806451612903225,False,unit_normalized,mechanism,encoding_obfuscation,parallel_energy_fraction,0.606973035325101
Meta-Llama-3.1-8B-Instruct,8,9,0.25806451612903225,False,unit_normalized,mechanism,encoding_obfuscation,residual_energy_fraction,0.39302696467489895
Meta-Llama-3.1-8B-Instruct,8,9,0.25806451612903225,False,unit_normalized,mechanism,payload_splitting,C_k,0.8477691411972046
Meta-Llama-3.1-8B-Instruct,8,9,0.25806451612903225,False,unit_normalized,mechanism,payload_splitting,parallel_energy_fraction,0.7187125167662458
Meta-Llama-3.1-8B-Instruct,8,9,0.25806451612903225,False,unit_normalized,mechanism,payload_splitting,residual_energy_fraction,0.2812874832337542
Meta-Llama-3.1-8B-Instruct,8,9,0.25806451612903225,False,unit_normalized,mechanism,distractors_negated,C_k,0.7435193061828613
Meta-Llama-3.1-8B-Instruct,8,9,0.25806451612903225,False,unit_normalized,mechanism,distractors_negated,parallel_energy_fraction,0.5528209586666435
Meta-Llama-3.1-8B-Instruct,8,9,0.25806451612903225,False,unit_normalized,mechanism,distractors_negated,residual_energy_fraction,0.4471790413333565
Meta-Llama-3.1-8B-Instruct,8,9,0.25806451612903225,False,unit_normalized,category,CO,mean_coverage,0.811145007610321
Meta-Llama-3.1-8B-Instruct,8,9,0.25806451612903225,False,unit_normalized,category,CO,minimum_coverage,0.7734827399253845
Meta-Llama-3.1-8B-Instruct,8,9,0.25806451612903225,False,unit_normalized,category,CO,coverage_standard_deviation,0.03336051478981972
Meta-Llama-3.1-8B-Instruct,8,9,0.25806451612903225,False,unit_normalized,category,CO,resultant_length,0.811145007610321
Meta-Llama-3.1-8B-Instruct,8,9,0.25806451612903225,False,unit_normalized,category,MG,mean_coverage,0.7901244163513184
Meta-Llama-3.1-8B-Instruct,8,9,0.25806451612903225,False,unit_normalized,category,MG,minimum_coverage,0.7435193061828613
Meta-Llama-3.1-8B-Instruct,8,9,0.25806451612903225,False,unit_normalized,category,MG,coverage_standard_deviation,0.05299445614218712
Meta-Llama-3.1-8B-Instruct,8,9,0.25806451612903225,False,unit_normalized,category,MG,resultant_length,0.7901242971420288
Meta-Llama-3.1-8B-Instruct,8,9,0.25806451612903225,False,raw_magnitude,mechanism,prefix_injection,C_k,0.8437148332595825
Meta-Llama-3.1-8B-Instruct,8,9,0.25806451612903225,False,raw_magnitude,mechanism,prefix_injection,parallel_energy_fraction,0.7118547198622451
Meta-Llama-3.1-8B-Instruct,8,9,0.25806451612903225,False,raw_magnitude,mechanism,prefix_injection,residual_energy_fraction,0.28814528013775487
Meta-Llama-3.1-8B-Instruct,8,9,0.25806451612903225,False,raw_magnitude,mechanism,refusal_suppression,C_k,0.7958680391311646
Meta-Llama-3.1-8B-Instruct,8,9,0.25806451612903225,False,raw_magnitude,mechanism,refusal_suppression,parallel_energy_fraction,0.6334059357104849
Meta-Llama-3.1-8B-Instruct,8,9,0.25806451612903225,False,raw_magnitude,mechanism,refusal_suppression,residual_energy_fraction,0.36659406428951513
Meta-Llama-3.1-8B-Instruct,8,9,0.25806451612903225,False,raw_magnitude,mechanism,persona_roleplay,C_k,0.791250467300415
Meta-Llama-3.1-8B-Instruct,8,9,0.25806451612903225,False,raw_magnitude,mechanism,persona_roleplay,parallel_energy_fraction,0.6260773020031252
Meta-Llama-3.1-8B-Instruct,8,9,0.25806451612903225,False,raw_magnitude,mechanism,persona_roleplay,residual_energy_fraction,0.37392269799687483
Meta-Llama-3.1-8B-Instruct,8,9,0.25806451612903225,False,raw_magnitude,mechanism,encoding_obfuscation,C_k,0.8417704701423645
Meta-Llama-3.1-8B-Instruct,8,9,0.25806451612903225,False,raw_magnitude,mechanism,encoding_obfuscation,parallel_energy_fraction,0.7085775244036974
Meta-Llama-3.1-8B-Instruct,8,9,0.25806451612903225,False,raw_magnitude,mechanism,encoding_obfuscation,residual_energy_fraction,0.29142247559630263
Meta-Llama-3.1-8B-Instruct,8,9,0.25806451612903225,False,raw_magnitude,mechanism,payload_splitting,C_k,0.8354021310806274
Meta-Llama-3.1-8B-Instruct,8,9,0.25806451612903225,False,raw_magnitude,mechanism,payload_splitting,parallel_energy_fraction,0.6978967206140538
Meta-Llama-3.1-8B-Instruct,8,9,0.25806451612903225,False,raw_magnitude,mechanism,payload_splitting,residual_energy_fraction,0.30210327938594617
Meta-Llama-3.1-8B-Instruct,8,9,0.25806451612903225,False,raw_magnitude,mechanism,distractors_negated,C_k,0.6787168383598328
Meta-Llama-3.1-8B-Instruct,8,9,0.25806451612903225,False,raw_magnitude,mechanism,distractors_negated,parallel_energy_fraction,0.46065654667316736
Meta-Llama-3.1-8B-Instruct,8,9,0.25806451612903225,False,raw_magnitude,mechanism,distractors_negated,residual_energy_fraction,0.5393434533268326
Meta-Llama-3.1-8B-Instruct,8,9,0.25806451612903225,False,raw_magnitude,category,CO,mean_coverage,0.8102777600288391
Meta-Llama-3.1-8B-Instruct,8,9,0.25806451612903225,False,raw_magnitude,category,CO,minimum_coverage,0.791250467300415
Meta-Llama-3.1-8B-Instruct,8,9,0.25806451612903225,False,raw_magnitude,category,CO,coverage_standard_deviation,0.029049232602119446
Meta-Llama-3.1-8B-Instruct,8,9,0.25806451612903225,False,raw_magnitude,category,CO,resultant_length,0.811145007610321
Meta-Llama-3.1-8B-Instruct,8,9,0.25806451612903225,False,raw_magnitude,category,MG,mean_coverage,0.7852964997291565
Meta-Llama-3.1-8B-Instruct,8,9,0.25806451612903225,False,raw_magnitude,category,MG,minimum_coverage,0.6787168383598328
Meta-Llama-3.1-8B-Instruct,8,9,0.25806451612903225,False,raw_magnitude,category,MG,coverage_standard_deviation,0.09235558658838272
Meta-Llama-3.1-8B-Instruct,8,9,0.25806451612903225,False,raw_magnitude,category,MG,resultant_length,0.7901242971420288
Meta-Llama-3.1-8B-Instruct,9,10,0.2903225806451613,False,unit_normalized,mechanism,prefix_injection,C_k,0.8558375835418701
Meta-Llama-3.1-8B-Instruct,9,10,0.2903225806451613,False,unit_normalized,mechanism,prefix_injection,parallel_energy_fraction,0.7324579694027875
Meta-Llama-3.1-8B-Instruct,9,10,0.2903225806451613,False,unit_normalized,mechanism,prefix_injection,residual_energy_fraction,0.2675420305972125
Meta-Llama-3.1-8B-Instruct,9,10,0.2903225806451613,False,unit_normalized,mechanism,refusal_suppression,C_k,0.8372981548309326
Meta-Llama-3.1-8B-Instruct,9,10,0.2903225806451613,False,unit_normalized,mechanism,refusal_suppression,parallel_energy_fraction,0.7010682000832844
Meta-Llama-3.1-8B-Instruct,9,10,0.2903225806451613,False,unit_normalized,mechanism,refusal_suppression,residual_energy_fraction,0.2989317999167156
Meta-Llama-3.1-8B-Instruct,9,10,0.2903225806451613,False,unit_normalized,mechanism,persona_roleplay,C_k,0.8183757066726685
Meta-Llama-3.1-8B-Instruct,9,10,0.2903225806451613,False,unit_normalized,mechanism,persona_roleplay,parallel_energy_fraction,0.6697387972719895
Meta-Llama-3.1-8B-Instruct,9,10,0.2903225806451613,False,unit_normalized,mechanism,persona_roleplay,residual_energy_fraction,0.3302612027280105
Meta-Llama-3.1-8B-Instruct,9,10,0.2903225806451613,False,unit_normalized,mechanism,encoding_obfuscation,C_k,0.8272362947463989
Meta-Llama-3.1-8B-Instruct,9,10,0.2903225806451613,False,unit_normalized,mechanism,encoding_obfuscation,parallel_energy_fraction,0.684319887345751
Meta-Llama-3.1-8B-Instruct,9,10,0.2903225806451613,False,unit_normalized,mechanism,encoding_obfuscation,residual_energy_fraction,0.315680112654249
Meta-Llama-3.1-8B-Instruct,9,10,0.2903225806451613,False,unit_normalized,mechanism,payload_splitting,C_k,0.8833183646202087
Meta-Llama-3.1-8B-Instruct,9,10,0.2903225806451613,False,unit_normalized,mechanism,payload_splitting,parallel_energy_fraction,0.78025133327532
Meta-Llama-3.1-8B-Instruct,9,10,0.2903225806451613,False,unit_normalized,mechanism,payload_splitting,residual_energy_fraction,0.21974866672467996
Meta-Llama-3.1-8B-Instruct,9,10,0.2903225806451613,False,unit_normalized,mechanism,distractors_negated,C_k,0.7770750522613525
Meta-Llama-3.1-8B-Instruct,9,10,0.2903225806451613,False,unit_normalized,mechanism,distractors_negated,parallel_energy_fraction,0.6038456368469838
Meta-Llama-3.1-8B-Instruct,9,10,0.2903225806451613,False,unit_normalized,mechanism,distractors_negated,residual_energy_fraction,0.3961543631530162
Meta-Llama-3.1-8B-Instruct,9,10,0.2903225806451613,False,unit_normalized,category,CO,mean_coverage,0.837170422077179
Meta-Llama-3.1-8B-Instruct,9,10,0.2903225806451613,False,unit_normalized,category,CO,minimum_coverage,0.8183757066726685
Meta-Llama-3.1-8B-Instruct,9,10,0.2903225806451613,False,unit_normalized,category,CO,coverage_standard_deviation,0.018731264397501945
Meta-Llama-3.1-8B-Instruct,9,10,0.2903225806451613,False,unit_normalized,category,CO,resultant_length,0.8371704816818237
Meta-Llama-3.1-8B-Instruct,9,10,0.2903225806451613,False,unit_normalized,category,MG,mean_coverage,0.8292098641395569
Meta-Llama-3.1-8B-Instruct,9,10,0.2903225806451613,False,unit_normalized,category,MG,minimum_coverage,0.7770750522613525
Meta-Llama-3.1-8B-Instruct,9,10,0.2903225806451613,False,unit_normalized,category,MG,coverage_standard_deviation,0.05314914509654045
Meta-Llama-3.1-8B-Instruct,9,10,0.2903225806451613,False,unit_normalized,category,MG,resultant_length,0.8292098641395569
Meta-Llama-3.1-8B-Instruct,9,10,0.2903225806451613,False,raw_magnitude,mechanism,prefix_injection,C_k,0.8677771091461182
Meta-Llama-3.1-8B-Instruct,9,10,0.2903225806451613,False,raw_magnitude,mechanism,prefix_injection,parallel_energy_fraction,0.7530371111579939
Meta-Llama-3.1-8B-Instruct,9,10,0.2903225806451613,False,raw_magnitude,mechanism,prefix_injection,residual_energy_fraction,0.24696288884200612
Meta-Llama-3.1-8B-Instruct,9,10,0.2903225806451613,False,raw_magnitude,mechanism,refusal_suppression,C_k,0.8194834589958191
Meta-Llama-3.1-8B-Instruct,9,10,0.2903225806451613,False,raw_magnitude,mechanism,refusal_suppression,parallel_energy_fraction,0.6715531395677523
Meta-Llama-3.1-8B-Instruct,9,10,0.2903225806451613,False,raw_magnitude,mechanism,refusal_suppression,residual_energy_fraction,0.3284468604322477
Meta-Llama-3.1-8B-Instruct,9,10,0.2903225806451613,False,raw_magnitude,mechanism,persona_roleplay,C_k,0.8228111267089844
Meta-Llama-3.1-8B-Instruct,9,10,0.2903225806451613,False,raw_magnitude,mechanism,persona_roleplay,parallel_energy_fraction,0.6770181502361083
Meta-Llama-3.1-8B-Instruct,9,10,0.2903225806451613,False,raw_magnitude,mechanism,persona_roleplay,residual_energy_fraction,0.32298184976389166
Meta-Llama-3.1-8B-Instruct,9,10,0.2903225806451613,False,raw_magnitude,mechanism,encoding_obfuscation,C_k,0.8683477640151978
Meta-Llama-3.1-8B-Instruct,9,10,0.2903225806451613,False,raw_magnitude,mechanism,encoding_obfuscation,parallel_energy_fraction,0.7540278392701936
Meta-Llama-3.1-8B-Instruct,9,10,0.2903225806451613,False,raw_magnitude,mechanism,encoding_obfuscation,residual_energy_fraction,0.24597216072980643
Meta-Llama-3.1-8B-Instruct,9,10,0.2903225806451613,False,raw_magnitude,mechanism,payload_splitting,C_k,0.8816450238227844
Meta-Llama-3.1-8B-Instruct,9,10,0.2903225806451613,False,raw_magnitude,mechanism,payload_splitting,parallel_energy_fraction,0.7772979480314781
Meta-Llama-3.1-8B-Instruct,9,10,0.2903225806451613,False,raw_magnitude,mechanism,payload_splitting,residual_energy_fraction,0.22270205196852189
Meta-Llama-3.1-8B-Instruct,9,10,0.2903225806451613,False,raw_magnitude,mechanism,distractors_negated,C_k,0.729304313659668
Meta-Llama-3.1-8B-Instruct,9,10,0.2903225806451613,False,raw_magnitude,mechanism,distractors_negated,parallel_energy_fraction,0.5318847819225994
Meta-Llama-3.1-8B-Instruct,9,10,0.2903225806451613,False,raw_magnitude,mechanism,distractors_negated,residual_energy_fraction,0.46811521807740064
Meta-Llama-3.1-8B-Instruct,9,10,0.2903225806451613,False,raw_magnitude,category,CO,mean_coverage,0.8366906046867371
Meta-Llama-3.1-8B-Instruct,9,10,0.2903225806451613,False,raw_magnitude,category,CO,minimum_coverage,0.8194834589958191
Meta-Llama-3.1-8B-Instruct,9,10,0.2903225806451613,False,raw_magnitude,category,CO,coverage_standard_deviation,0.026973102241754532
Meta-Llama-3.1-8B-Instruct,9,10,0.2903225806451613,False,raw_magnitude,category,CO,resultant_length,0.8371704816818237
Meta-Llama-3.1-8B-Instruct,9,10,0.2903225806451613,False,raw_magnitude,category,MG,mean_coverage,0.8264324069023132
Meta-Llama-3.1-8B-Instruct,9,10,0.2903225806451613,False,raw_magnitude,category,MG,minimum_coverage,0.729304313659668
Meta-Llama-3.1-8B-Instruct,9,10,0.2903225806451613,False,raw_magnitude,category,MG,coverage_standard_deviation,0.0843777135014534
Meta-Llama-3.1-8B-Instruct,9,10,0.2903225806451613,False,raw_magnitude,category,MG,resultant_length,0.8292098641395569
Meta-Llama-3.1-8B-Instruct,10,11,0.3225806451612903,False,unit_normalized,mechanism,prefix_injection,C_k,0.8403242230415344
Meta-Llama-3.1-8B-Instruct,10,11,0.3225806451612903,False,unit_normalized,mechanism,prefix_injection,parallel_energy_fraction,0.7061447998303585
Meta-Llama-3.1-8B-Instruct,10,11,0.3225806451612903,False,unit_normalized,mechanism,prefix_injection,residual_energy_fraction,0.2938552001696415
Meta-Llama-3.1-8B-Instruct,10,11,0.3225806451612903,False,unit_normalized,mechanism,refusal_suppression,C_k,0.8354403972625732
Meta-Llama-3.1-8B-Instruct,10,11,0.3225806451612903,False,unit_normalized,mechanism,refusal_suppression,parallel_energy_fraction,0.6979606573782462
Meta-Llama-3.1-8B-Instruct,10,11,0.3225806451612903,False,unit_normalized,mechanism,refusal_suppression,residual_energy_fraction,0.3020393426217538
Meta-Llama-3.1-8B-Instruct,10,11,0.3225806451612903,False,unit_normalized,mechanism,persona_roleplay,C_k,0.8271222114562988
Meta-Llama-3.1-8B-Instruct,10,11,0.3225806451612903,False,unit_normalized,mechanism,persona_roleplay,parallel_energy_fraction,0.6841311526843583
Meta-Llama-3.1-8B-Instruct,10,11,0.3225806451612903,False,unit_normalized,mechanism,persona_roleplay,residual_energy_fraction,0.3158688473156417
Meta-Llama-3.1-8B-Instruct,10,11,0.3225806451612903,False,unit_normalized,mechanism,encoding_obfuscation,C_k,0.8460659980773926
Meta-Llama-3.1-8B-Instruct,10,11,0.3225806451612903,False,unit_normalized,mechanism,encoding_obfuscation,parallel_energy_fraction,0.7158276731026945
Meta-Llama-3.1-8B-Instruct,10,11,0.3225806451612903,False,unit_normalized,mechanism,encoding_obfuscation,residual_energy_fraction,0.28417232689730554
Meta-Llama-3.1-8B-Instruct,10,11,0.3225806451612903,False,unit_normalized,mechanism,payload_splitting,C_k,0.8942112922668457
Meta-Llama-3.1-8B-Instruct,10,11,0.3225806451612903,False,unit_normalized,mechanism,payload_splitting,parallel_energy_fraction,0.7996138352175421
Meta-Llama-3.1-8B-Instruct,10,11,0.3225806451612903,False,unit_normalized,mechanism,payload_splitting,residual_energy_fraction,0.20038616478245785
Meta-Llama-3.1-8B-Instruct,10,11,0.3225806451612903,False,unit_normalized,mechanism,distractors_negated,C_k,0.7925679087638855
Meta-Llama-3.1-8B-Instruct,10,11,0.3225806451612903,False,unit_normalized,mechanism,distractors_negated,parallel_energy_fraction,0.6281638900023587
Meta-Llama-3.1-8B-Instruct,10,11,0.3225806451612903,False,unit_normalized,mechanism,distractors_negated,residual_energy_fraction,0.3718361099976413
Meta-Llama-3.1-8B-Instruct,10,11,0.3225806451612903,False,unit_normalized,category,CO,mean_coverage,0.8342955708503723
Meta-Llama-3.1-8B-Instruct,10,11,0.3225806451612903,False,unit_normalized,category,CO,minimum_coverage,0.8271222114562988
Meta-Llama-3.1-8B-Instruct,10,11,0.3225806451612903,False,unit_normalized,category,CO,coverage_standard_deviation,0.006675041746348143
Meta-Llama-3.1-8B-Instruct,10,11,0.3225806451612903,False,unit_normalized,category,CO,resultant_length,0.8342956900596619
Meta-Llama-3.1-8B-Instruct,10,11,0.3225806451612903,False,unit_normalized,category,MG,mean_coverage,0.8442817330360413
Meta-Llama-3.1-8B-Instruct,10,11,0.3225806451612903,False,unit_normalized,category,MG,minimum_coverage,0.7925679087638855
Meta-Llama-3.1-8B-Instruct,10,11,0.3225806451612903,False,unit_normalized,category,MG,coverage_standard_deviation,0.050845175981521606
Meta-Llama-3.1-8B-Instruct,10,11,0.3225806451612903,False,unit_normalized,category,MG,resultant_length,0.8442816734313965
Meta-Llama-3.1-8B-Instruct,10,11,0.3225806451612903,False,raw_magnitude,mechanism,prefix_injection,C_k,0.863409698009491
Meta-Llama-3.1-8B-Instruct,10,11,0.3225806451612903,False,raw_magnitude,mechanism,prefix_injection,parallel_energy_fraction,0.7454763066168404
Meta-Llama-3.1-8B-Instruct,10,11,0.3225806451612903,False,raw_magnitude,mechanism,prefix_injection,residual_energy_fraction,0.2545236933831596
Meta-Llama-3.1-8B-Instruct,10,11,0.3225806451612903,False,raw_magnitude,mechanism,refusal_suppression,C_k,0.8164554834365845
Meta-Llama-3.1-8B-Instruct,10,11,0.3225806451612903,False,raw_magnitude,mechanism,refusal_suppression,parallel_energy_fraction,0.6665995564336669
Meta-Llama-3.1-8B-Instruct,10,11,0.3225806451612903,False,raw_magnitude,mechanism,refusal_suppression,residual_energy_fraction,0.33340044356633314
Meta-Llama-3.1-8B-Instruct,10,11,0.3225806451612903,False,raw_magnitude,mechanism,persona_roleplay,C_k,0.8203340172767639
Meta-Llama-3.1-8B-Instruct,10,11,0.3225806451612903,False,raw_magnitude,mechanism,persona_roleplay,parallel_energy_fraction,0.672947899901434
Meta-Llama-3.1-8B-Instruct,10,11,0.3225806451612903,False,raw_magnitude,mechanism,persona_roleplay,residual_energy_fraction,0.327052100098566
Meta-Llama-3.1-8B-Instruct,10,11,0.3225806451612903,False,raw_magnitude,mechanism,encoding_obfuscation,C_k,0.8664470911026001
Meta-Llama-3.1-8B-Instruct,10,11,0.3225806451612903,False,raw_magnitude,mechanism,encoding_obfuscation,parallel_energy_fraction,0.7507305616801574
Meta-Llama-3.1-8B-Instruct,10,11,0.3225806451612903,False,raw_magnitude,mechanism,encoding_obfuscation,residual_energy_fraction,0.2492694383198426
Meta-Llama-3.1-8B-Instruct,10,11,0.3225806451612903,False,raw_magnitude,mechanism,payload_splitting,C_k,0.89316326379776
Meta-Llama-3.1-8B-Instruct,10,11,0.3225806451612903,False,raw_magnitude,mechanism,payload_splitting,parallel_energy_fraction,0.797740615797867
Meta-Llama-3.1-8B-Instruct,10,11,0.3225806451612903,False,raw_magnitude,mechanism,payload_splitting,residual_energy_fraction,0.20225938420213296
Meta-Llama-3.1-8B-Instruct,10,11,0.3225806451612903,False,raw_magnitude,mechanism,distractors_negated,C_k,0.7711541652679443
Meta-Llama-3.1-8B-Instruct,10,11,0.3225806451612903,False,raw_magnitude,mechanism,distractors_negated,parallel_energy_fraction,0.5946787466101
Meta-Llama-3.1-8B-Instruct,10,11,0.3225806451612903,False,raw_magnitude,mechanism,distractors_negated,residual_energy_fraction,0.4053212533899
Meta-Llama-3.1-8B-Instruct,10,11,0.3225806451612903,False,raw_magnitude,category,CO,mean_coverage,0.8333997130393982
Meta-Llama-3.1-8B-Instruct,10,11,0.3225806451612903,False,raw_magnitude,category,CO,minimum_coverage,0.8164554834365845
Meta-Llama-3.1-8B-Instruct,10,11,0.3225806451612903,False,raw_magnitude,category,CO,coverage_standard_deviation,0.026061642915010452
Meta-Llama-3.1-8B-Instruct,10,11,0.3225806451612903,False,raw_magnitude,category,CO,resultant_length,0.8342956900596619
Meta-Llama-3.1-8B-Instruct,10,11,0.3225806451612903,False,raw_magnitude,category,MG,mean_coverage,0.8435881733894348
Meta-Llama-3.1-8B-Instruct,10,11,0.3225806451612903,False,raw_magnitude,category,MG,minimum_coverage,0.7711541652679443
Meta-Llama-3.1-8B-Instruct,10,11,0.3225806451612903,False,raw_magnitude,category,MG,coverage_standard_deviation,0.06413620710372925
Meta-Llama-3.1-8B-Instruct,10,11,0.3225806451612903,False,raw_magnitude,category,MG,resultant_length,0.8442816734313965
Meta-Llama-3.1-8B-Instruct,11,12,0.3548387096774194,False,unit_normalized,mechanism,prefix_injection,C_k,0.858180820941925
Meta-Llama-3.1-8B-Instruct,11,12,0.3548387096774194,False,unit_normalized,mechanism,prefix_injection,parallel_energy_fraction,0.7364743214325564
Meta-Llama-3.1-8B-Instruct,11,12,0.3548387096774194,False,unit_normalized,mechanism,prefix_injection,residual_energy_fraction,0.2635256785674436
Meta-Llama-3.1-8B-Instruct,11,12,0.3548387096774194,False,unit_normalized,mechanism,refusal_suppression,C_k,0.8365532755851746
Meta-Llama-3.1-8B-Instruct,11,12,0.3548387096774194,False,unit_normalized,mechanism,refusal_suppression,parallel_energy_fraction,0.699821382892285
Meta-Llama-3.1-8B-Instruct,11,12,0.3548387096774194,False,unit_normalized,mechanism,refusal_suppression,residual_energy_fraction,0.300178617107715
Meta-Llama-3.1-8B-Instruct,11,12,0.3548387096774194,False,unit_normalized,mechanism,persona_roleplay,C_k,0.8433091044425964
Meta-Llama-3.1-8B-Instruct,11,12,0.3548387096774194,False,unit_normalized,mechanism,persona_roleplay,parallel_energy_fraction,0.711170245635774
Meta-Llama-3.1-8B-Instruct,11,12,0.3548387096774194,False,unit_normalized,mechanism,persona_roleplay,residual_energy_fraction,0.288829754364226
Meta-Llama-3.1-8B-Instruct,11,12,0.3548387096774194,False,unit_normalized,mechanism,encoding_obfuscation,C_k,0.8799426555633545
Meta-Llama-3.1-8B-Instruct,11,12,0.3548387096774194,False,unit_normalized,mechanism,encoding_obfuscation,parallel_energy_fraction,0.7742990770798883
Meta-Llama-3.1-8B-Instruct,11,12,0.3548387096774194,False,unit_normalized,mechanism,encoding_obfuscation,residual_energy_fraction,0.22570092292011168
Meta-Llama-3.1-8B-Instruct,11,12,0.3548387096774194,False,unit_normalized,mechanism,payload_splitting,C_k,0.9190384149551392
Meta-Llama-3.1-8B-Instruct,11,12,0.3548387096774194,False,unit_normalized,mechanism,payload_splitting,parallel_energy_fraction,0.8446316081632546
Meta-Llama-3.1-8B-Instruct,11,12,0.3548387096774194,False,unit_normalized,mechanism,payload_splitting,residual_energy_fraction,0.15536839183674545
Meta-Llama-3.1-8B-Instruct,11,12,0.3548387096774194,False,unit_normalized,mechanism,distractors_negated,C_k,0.8260879516601562
Meta-Llama-3.1-8B-Instruct,11,12,0.3548387096774194,False,unit_normalized,mechanism,distractors_negated,parallel_energy_fraction,0.6824213038780726
Meta-Llama-3.1-8B-Instruct,11,12,0.3548387096774194,False,unit_normalized,mechanism,distractors_negated,residual_energy_fraction,0.31757869612192735
Meta-Llama-3.1-8B-Instruct,11,12,0.3548387096774194,False,unit_normalized,category,CO,mean_coverage,0.8460144400596619
Meta-Llama-3.1-8B-Instruct,11,12,0.3548387096774194,False,unit_normalized,category,CO,minimum_coverage,0.8365532755851746
Meta-Llama-3.1-8B-Instruct,11,12,0.3548387096774194,False,unit_normalized,category,CO,coverage_standard_deviation,0.01106465794146061
Meta-Llama-3.1-8B-Instruct,11,12,0.3548387096774194,False,unit_normalized,category,CO,resultant_length,0.8460144400596619
Meta-Llama-3.1-8B-Instruct,11,12,0.3548387096774194,False,unit_normalized,category,MG,mean_coverage,0.8750230669975281
Meta-Llama-3.1-8B-Instruct,11,12,0.3548387096774194,False,unit_normalized,category,MG,minimum_coverage,0.8260879516601562
Meta-Llama-3.1-8B-Instruct,11,12,0.3548387096774194,False,unit_normalized,category,MG,coverage_standard_deviation,0.04667011275887489
Meta-Llama-3.1-8B-Instruct,11,12,0.3548387096774194,False,unit_normalized,category,MG,resultant_length,0.8750230073928833
Meta-Llama-3.1-8B-Instruct,11,12,0.3548387096774194,False,raw_magnitude,mechanism,prefix_injection,C_k,0.8861674666404724
Meta-Llama-3.1-8B-Instruct,11,12,0.3548387096774194,False,raw_magnitude,mechanism,prefix_injection,parallel_energy_fraction,0.7852927789319928
Meta-Llama-3.1-8B-Instruct,11,12,0.3548387096774194,False,raw_magnitude,mechanism,prefix_injection,residual_energy_fraction,0.21470722106800721
Meta-Llama-3.1-8B-Instruct,11,12,0.3548387096774194,False,raw_magnitude,mechanism,refusal_suppression,C_k,0.8073644638061523
Meta-Llama-3.1-8B-Instruct,11,12,0.3548387096774194,False,raw_magnitude,mechanism,refusal_suppression,parallel_energy_fraction,0.6518373774169959
Meta-Llama-3.1-8B-Instruct,11,12,0.3548387096774194,False,raw_magnitude,mechanism,refusal_suppression,residual_energy_fraction,0.3481626225830041
Meta-Llama-3.1-8B-Instruct,11,12,0.3548387096774194,False,raw_magnitude,mechanism,persona_roleplay,C_k,0.8394550085067749
Meta-Llama-3.1-8B-Instruct,11,12,0.3548387096774194,False,raw_magnitude,mechanism,persona_roleplay,parallel_energy_fraction,0.7046847113071095
Meta-Llama-3.1-8B-Instruct,11,12,0.3548387096774194,False,raw_magnitude,mechanism,persona_roleplay,residual_energy_fraction,0.2953152886928905
Meta-Llama-3.1-8B-Instruct,11,12,0.3548387096774194,False,raw_magnitude,mechanism,encoding_obfuscation,C_k,0.8968040347099304
Meta-Llama-3.1-8B-Instruct,11,12,0.3548387096774194,False,raw_magnitude,mechanism,encoding_obfuscation,parallel_energy_fraction,0.8042574766720101
Meta-Llama-3.1-8B-Instruct,11,12,0.3548387096774194,False,raw_magnitude,mechanism,encoding_obfuscation,residual_energy_fraction,0.19574252332798991
Meta-Llama-3.1-8B-Instruct,11,12,0.3548387096774194,False,raw_magnitude,mechanism,payload_splitting,C_k,0.9202077984809875
Meta-Llama-3.1-8B-Instruct,11,12,0.3548387096774194,False,raw_magnitude,mechanism,payload_splitting,parallel_energy_fraction,0.8467823923852258
Meta-Llama-3.1-8B-Instruct,11,12,0.3548387096774194,False,raw_magnitude,mechanism,payload_splitting,residual_energy_fraction,0.1532176076147742
Meta-Llama-3.1-8B-Instruct,11,12,0.3548387096774194,False,raw_magnitude,mechanism,distractors_negated,C_k,0.8061109185218811
Meta-Llama-3.1-8B-Instruct,11,12,0.3548387096774194,False,raw_magnitude,mechanism,distractors_negated,parallel_energy_fraction,0.6498148129601908
Meta-Llama-3.1-8B-Instruct,11,12,0.3548387096774194,False,raw_magnitude,mechanism,distractors_negated,residual_energy_fraction,0.35018518703980916
Meta-Llama-3.1-8B-Instruct,11,12,0.3548387096774194,False,raw_magnitude,category,CO,mean_coverage,0.8443290591239929
Meta-Llama-3.1-8B-Instruct,11,12,0.3548387096774194,False,raw_magnitude,category,CO,minimum_coverage,0.8073644638061523
Meta-Llama-3.1-8B-Instruct,11,12,0.3548387096774194,False,raw_magnitude,category,CO,coverage_standard_deviation,0.03962694853544235
Meta-Llama-3.1-8B-Instruct,11,12,0.3548387096774194,False,raw_magnitude,category,CO,resultant_length,0.8460144400596619
Meta-Llama-3.1-8B-Instruct,11,12,0.3548387096774194,False,raw_magnitude,category,MG,mean_coverage,0.8743742108345032
Meta-Llama-3.1-8B-Instruct,11,12,0.3548387096774194,False,raw_magnitude,category,MG,minimum_coverage,0.8061109185218811
Meta-Llama-3.1-8B-Instruct,11,12,0.3548387096774194,False,raw_magnitude,category,MG,coverage_standard_deviation,0.06026479974389076
Meta-Llama-3.1-8B-Instruct,11,12,0.3548387096774194,False,raw_magnitude,category,MG,resultant_length,0.8750230073928833
Meta-Llama-3.1-8B-Instruct,12,13,0.3870967741935484,False,unit_normalized,mechanism,prefix_injection,C_k,0.8625568151473999
Meta-Llama-3.1-8B-Instruct,12,13,0.3870967741935484,False,unit_normalized,mechanism,prefix_injection,parallel_energy_fraction,0.7440042593572258
Meta-Llama-3.1-8B-Instruct,12,13,0.3870967741935484,False,unit_normalized,mechanism,prefix_injection,residual_energy_fraction,0.2559957406427742
Meta-Llama-3.1-8B-Instruct,12,13,0.3870967741935484,False,unit_normalized,mechanism,refusal_suppression,C_k,0.8187522292137146
Meta-Llama-3.1-8B-Instruct,12,13,0.3870967741935484,False,unit_normalized,mechanism,refusal_suppression,parallel_energy_fraction,0.670355212842427
Meta-Llama-3.1-8B-Instruct,12,13,0.3870967741935484,False,unit_normalized,mechanism,refusal_suppression,residual_energy_fraction,0.32964478715757295
Meta-Llama-3.1-8B-Instruct,12,13,0.3870967741935484,False,unit_normalized,mechanism,persona_roleplay,C_k,0.8425692319869995
Meta-Llama-3.1-8B-Instruct,12,13,0.3870967741935484,False,unit_normalized,mechanism,persona_roleplay,parallel_energy_fraction,0.7099229106911622
Meta-Llama-3.1-8B-Instruct,12,13,0.3870967741935484,False,unit_normalized,mechanism,persona_roleplay,residual_energy_fraction,0.2900770893088378
Meta-Llama-3.1-8B-Instruct,12,13,0.3870967741935484,False,unit_normalized,mechanism,encoding_obfuscation,C_k,0.878049373626709
Meta-Llama-3.1-8B-Instruct,12,13,0.3870967741935484,False,unit_normalized,mechanism,encoding_obfuscation,parallel_energy_fraction,0.770970702526256
Meta-Llama-3.1-8B-Instruct,12,13,0.3870967741935484,False,unit_normalized,mechanism,encoding_obfuscation,residual_energy_fraction,0.229029297473744
Meta-Llama-3.1-8B-Instruct,12,13,0.3870967741935484,False,unit_normalized,mechanism,payload_splitting,C_k,0.9192566871643066
Meta-Llama-3.1-8B-Instruct,12,13,0.3870967741935484,False,unit_normalized,mechanism,payload_splitting,parallel_energy_fraction,0.8450328568962959
Meta-Llama-3.1-8B-Instruct,12,13,0.3870967741935484,False,unit_normalized,mechanism,payload_splitting,residual_energy_fraction,0.15496714310370407
Meta-Llama-3.1-8B-Instruct,12,13,0.3870967741935484,False,unit_normalized,mechanism,distractors_negated,C_k,0.830747127532959
Meta-Llama-3.1-8B-Instruct,12,13,0.3870967741935484,False,unit_normalized,mechanism,distractors_negated,parallel_energy_fraction,0.6901407899042624
Meta-Llama-3.1-8B-Instruct,12,13,0.3870967741935484,False,unit_normalized,mechanism,distractors_negated,residual_energy_fraction,0.3098592100957376
Meta-Llama-3.1-8B-Instruct,12,13,0.3870967741935484,False,unit_normalized,category,CO,mean_coverage,0.841292679309845
Meta-Llama-3.1-8B-Instruct,12,13,0.3870967741935484,False,unit_normalized,category,CO,minimum_coverage,0.8187522292137146
Meta-Llama-3.1-8B-Instruct,12,13,0.3870967741935484,False,unit_normalized,category,CO,coverage_standard_deviation,0.02193017303943634
Meta-Llama-3.1-8B-Instruct,12,13,0.3870967741935484,False,unit_normalized,category,CO,resultant_length,0.841292679309845
Meta-Llama-3.1-8B-Instruct,12,13,0.3870967741935484,False,unit_normalized,category,MG,mean_coverage,0.8760177493095398
Meta-Llama-3.1-8B-Instruct,12,13,0.3870967741935484,False,unit_normalized,category,MG,minimum_coverage,0.830747127532959
Meta-Llama-3.1-8B-Instruct,12,13,0.3870967741935484,False,unit_normalized,category,MG,coverage_standard_deviation,0.04428974166512489
Meta-Llama-3.1-8B-Instruct,12,13,0.3870967741935484,False,unit_normalized,category,MG,resultant_length,0.8760176301002502
Meta-Llama-3.1-8B-Instruct,12,13,0.3870967741935484,False,raw_magnitude,mechanism,prefix_injection,C_k,0.8860506415367126
Meta-Llama-3.1-8B-Instruct,12,13,0.3870967741935484,False,raw_magnitude,mechanism,prefix_injection,parallel_energy_fraction,0.78508573936762
Meta-Llama-3.1-8B-Instruct,12,13,0.3870967741935484,False,raw_magnitude,mechanism,prefix_injection,residual_energy_fraction,0.21491426063237995
Meta-Llama-3.1-8B-Instruct,12,13,0.3870967741935484,False,raw_magnitude,mechanism,refusal_suppression,C_k,0.7966998219490051
Meta-Llama-3.1-8B-Instruct,12,13,0.3870967741935484,False,raw_magnitude,mechanism,refusal_suppression,parallel_energy_fraction,0.6347306062935765
Meta-Llama-3.1-8B-Instruct,12,13,0.3870967741935484,False,raw_magnitude,mechanism,refusal_suppression,residual_energy_fraction,0.36526939370642353
Meta-Llama-3.1-8B-Instruct,12,13,0.3870967741935484,False,raw_magnitude,mechanism,persona_roleplay,C_k,0.8379038572311401
Meta-Llama-3.1-8B-Instruct,12,13,0.3870967741935484,False,raw_magnitude,mechanism,persona_roleplay,parallel_energy_fraction,0.7020828739628229
Meta-Llama-3.1-8B-Instruct,12,13,0.3870967741935484,False,raw_magnitude,mechanism,persona_roleplay,residual_energy_fraction,0.2979171260371771
Meta-Llama-3.1-8B-Instruct,12,13,0.3870967741935484,False,raw_magnitude,mechanism,encoding_obfuscation,C_k,0.8973643779754639
Meta-Llama-3.1-8B-Instruct,12,13,0.3870967741935484,False,raw_magnitude,mechanism,encoding_obfuscation,parallel_energy_fraction,0.8052628268592912
Meta-Llama-3.1-8B-Instruct,12,13,0.3870967741935484,False,raw_magnitude,mechanism,encoding_obfuscation,residual_energy_fraction,0.19473717314070882
Meta-Llama-3.1-8B-Instruct,12,13,0.3870967741935484,False,raw_magnitude,mechanism,payload_splitting,C_k,0.9201971888542175
Meta-Llama-3.1-8B-Instruct,12,13,0.3870967741935484,False,raw_magnitude,mechanism,payload_splitting,parallel_energy_fraction,0.8467628663752045
Meta-Llama-3.1-8B-Instruct,12,13,0.3870967741935484,False,raw_magnitude,mechanism,payload_splitting,residual_energy_fraction,0.15323713362479552
Meta-Llama-3.1-8B-Instruct,12,13,0.3870967741935484,False,raw_magnitude,mechanism,distractors_negated,C_k,0.8079261779785156
Meta-Llama-3.1-8B-Instruct,12,13,0.3870967741935484,False,raw_magnitude,mechanism,distractors_negated,parallel_energy_fraction,0.6527447090629721
Meta-Llama-3.1-8B-Instruct,12,13,0.3870967741935484,False,raw_magnitude,mechanism,distractors_negated,residual_energy_fraction,0.3472552909370279
Meta-Llama-3.1-8B-Instruct,12,13,0.3870967741935484,False,raw_magnitude,category,CO,mean_coverage,0.8402180671691895
Meta-Llama-3.1-8B-Instruct,12,13,0.3870967741935484,False,raw_magnitude,category,CO,minimum_coverage,0.7966998219490051
Meta-Llama-3.1-8B-Instruct,12,13,0.3870967741935484,False,raw_magnitude,category,CO,coverage_standard_deviation,0.04472034424543381
Meta-Llama-3.1-8B-Instruct,12,13,0.3870967741935484,False,raw_magnitude,category,CO,resultant_length,0.841292679309845
Meta-Llama-3.1-8B-Instruct,12,13,0.3870967741935484,False,raw_magnitude,category,MG,mean_coverage,0.8751626014709473
Meta-Llama-3.1-8B-Instruct,12,13,0.3870967741935484,False,raw_magnitude,category,MG,minimum_coverage,0.8079261779785156
Meta-Llama-3.1-8B-Instruct,12,13,0.3870967741935484,False,raw_magnitude,category,MG,coverage_standard_deviation,0.05933704227209091
Meta-Llama-3.1-8B-Instruct,12,13,0.3870967741935484,False,raw_magnitude,category,MG,resultant_length,0.8760176301002502
Meta-Llama-3.1-8B-Instruct,13,14,0.41935483870967744,False,unit_normalized,mechanism,prefix_injection,C_k,0.869896411895752
Meta-Llama-3.1-8B-Instruct,13,14,0.41935483870967744,False,unit_normalized,mechanism,prefix_injection,parallel_energy_fraction,0.7567197674291037
Meta-Llama-3.1-8B-Instruct,13,14,0.41935483870967744,False,unit_normalized,mechanism,prefix_injection,residual_energy_fraction,0.24328023257089626
Meta-Llama-3.1-8B-Instruct,13,14,0.41935483870967744,False,unit_normalized,mechanism,refusal_suppression,C_k,0.8080593347549438
Meta-Llama-3.1-8B-Instruct,13,14,0.41935483870967744,False,unit_normalized,mechanism,refusal_suppression,parallel_energy_fraction,0.6529598884846024
Meta-Llama-3.1-8B-Instruct,13,14,0.41935483870967744,False,unit_normalized,mechanism,refusal_suppression,residual_energy_fraction,0.3470401115153976
Meta-Llama-3.1-8B-Instruct,13,14,0.41935483870967744,False,unit_normalized,mechanism,persona_roleplay,C_k,0.8373307585716248
Meta-Llama-3.1-8B-Instruct,13,14,0.41935483870967744,False,unit_normalized,mechanism,persona_roleplay,parallel_energy_fraction,0.7011227992501325
Meta-Llama-3.1-8B-Instruct,13,14,0.41935483870967744,False,unit_normalized,mechanism,persona_roleplay,residual_energy_fraction,0.29887720074986746
Meta-Llama-3.1-8B-Instruct,13,14,0.41935483870967744,False,unit_normalized,mechanism,encoding_obfuscation,C_k,0.877631664276123
Meta-Llama-3.1-8B-Instruct,13,14,0.41935483870967744,False,unit_normalized,mechanism,encoding_obfuscation,parallel_energy_fraction,0.7702373381400776
Meta-Llama-3.1-8B-Instruct,13,14,0.41935483870967744,False,unit_normalized,mechanism,encoding_obfuscation,residual_energy_fraction,0.22976266185992245
Meta-Llama-3.1-8B-Instruct,13,14,0.41935483870967744,False,unit_normalized,mechanism,payload_splitting,C_k,0.9194548726081848
Meta-Llama-3.1-8B-Instruct,13,14,0.41935483870967744,False,unit_normalized,mechanism,payload_splitting,parallel_energy_fraction,0.8453972627629334
Meta-Llama-3.1-8B-Instruct,13,14,0.41935483870967744,False,unit_normalized,mechanism,payload_splitting,residual_energy_fraction,0.15460273723706663
Meta-Llama-3.1-8B-Instruct,13,14,0.41935483870967744,False,unit_normalized,mechanism,distractors_negated,C_k,0.8290983438491821
Meta-Llama-3.1-8B-Instruct,13,14,0.41935483870967744,False,unit_normalized,mechanism,distractors_negated,parallel_energy_fraction,0.6874040637734566
Meta-Llama-3.1-8B-Instruct,13,14,0.41935483870967744,False,unit_normalized,mechanism,distractors_negated,residual_energy_fraction,0.31259593622654336
Meta-Llama-3.1-8B-Instruct,13,14,0.41935483870967744,False,unit_normalized,category,CO,mean_coverage,0.838428795337677
Meta-Llama-3.1-8B-Instruct,13,14,0.41935483870967744,False,unit_normalized,category,CO,minimum_coverage,0.8080593347549438
Meta-Llama-3.1-8B-Instruct,13,14,0.41935483870967744,False,unit_normalized,category,CO,coverage_standard_deviation,0.030933160334825516
Meta-Llama-3.1-8B-Instruct,13,14,0.41935483870967744,False,unit_normalized,category,CO,resultant_length,0.8384288549423218
Meta-Llama-3.1-8B-Instruct,13,14,0.41935483870967744,False,unit_normalized,category,MG,mean_coverage,0.8753949999809265
Meta-Llama-3.1-8B-Instruct,13,14,0.41935483870967744,False,unit_normalized,category,MG,minimum_coverage,0.8290983438491821
Meta-Llama-3.1-8B-Instruct,13,14,0.41935483870967744,False,unit_normalized,category,MG,coverage_standard_deviation,0.045219771564006805
Meta-Llama-3.1-8B-Instruct,13,14,0.41935483870967744,False,unit_normalized,category,MG,resultant_length,0.8753949999809265
Meta-Llama-3.1-8B-Instruct,13,14,0.41935483870967744,False,raw_magnitude,mechanism,prefix_injection,C_k,0.8893398642539978
Meta-Llama-3.1-8B-Instruct,13,14,0.41935483870967744,False,raw_magnitude,mechanism,prefix_injection,parallel_energy_fraction,0.7909253941513192
Meta-Llama-3.1-8B-Instruct,13,14,0.41935483870967744,False,raw_magnitude,mechanism,prefix_injection,residual_energy_fraction,0.20907460584868076
Meta-Llama-3.1-8B-Instruct,13,14,0.41935483870967744,False,raw_magnitude,mechanism,refusal_suppression,C_k,0.7942261695861816
Meta-Llama-3.1-8B-Instruct,13,14,0.41935483870967744,False,raw_magnitude,mechanism,refusal_suppression,parallel_energy_fraction,0.6307952084555382
Meta-Llama-3.1-8B-Instruct,13,14,0.41935483870967744,False,raw_magnitude,mechanism,refusal_suppression,residual_energy_fraction,0.36920479154446184
Meta-Llama-3.1-8B-Instruct,13,14,0.41935483870967744,False,raw_magnitude,mechanism,persona_roleplay,C_k,0.8296105265617371
Meta-Llama-3.1-8B-Instruct,13,14,0.41935483870967744,False,raw_magnitude,mechanism,persona_roleplay,parallel_energy_fraction,0.6882536257820426
Meta-Llama-3.1-8B-Instruct,13,14,0.41935483870967744,False,raw_magnitude,mechanism,persona_roleplay,residual_energy_fraction,0.31174637421795737
Meta-Llama-3.1-8B-Instruct,13,14,0.41935483870967744,False,raw_magnitude,mechanism,encoding_obfuscation,C_k,0.9022117853164673
Meta-Llama-3.1-8B-Instruct,13,14,0.41935483870967744,False,raw_magnitude,mechanism,encoding_obfuscation,parallel_energy_fraction,0.8139861055639273
Meta-Llama-3.1-8B-Instruct,13,14,0.41935483870967744,False,raw_magnitude,mechanism,encoding_obfuscation,residual_energy_fraction,0.18601389443607275
Meta-Llama-3.1-8B-Instruct,13,14,0.41935483870967744,False,raw_magnitude,mechanism,payload_splitting,C_k,0.9200818538665771
Meta-Llama-3.1-8B-Instruct,13,14,0.41935483870967744,False,raw_magnitude,mechanism,payload_splitting,parallel_energy_fraction,0.8465506178145574
Meta-Llama-3.1-8B-Instruct,13,14,0.41935483870967744,False,raw_magnitude,mechanism,payload_splitting,residual_energy_fraction,0.15344938218544257
Meta-Llama-3.1-8B-Instruct,13,14,0.41935483870967744,False,raw_magnitude,mechanism,distractors_negated,C_k,0.7996962070465088
Meta-Llama-3.1-8B-Instruct,13,14,0.41935483870967744,False,raw_magnitude,mechanism,distractors_negated,parallel_energy_fraction,0.6395140235645727
Meta-Llama-3.1-8B-Instruct,13,14,0.41935483870967744,False,raw_magnitude,mechanism,distractors_negated,residual_energy_fraction,0.36048597643542735
Meta-Llama-3.1-8B-Instruct,13,14,0.41935483870967744,False,raw_magnitude,category,CO,mean_coverage,0.8377255797386169
Meta-Llama-3.1-8B-Instruct,13,14,0.41935483870967744,False,raw_magnitude,category,CO,minimum_coverage,0.7942261695861816
Meta-Llama-3.1-8B-Instruct,13,14,0.41935483870967744,False,raw_magnitude,category,CO,coverage_standard_deviation,0.048073314130306244
Meta-Llama-3.1-8B-Instruct,13,14,0.41935483870967744,False,raw_magnitude,category,CO,resultant_length,0.8384288549423218
Meta-Llama-3.1-8B-Instruct,13,14,0.41935483870967744,False,raw_magnitude,category,MG,mean_coverage,0.8739965558052063
Meta-Llama-3.1-8B-Instruct,13,14,0.41935483870967744,False,raw_magnitude,category,MG,minimum_coverage,0.7996962070465088
Meta-Llama-3.1-8B-Instruct,13,14,0.41935483870967744,False,raw_magnitude,category,MG,coverage_standard_deviation,0.0649634376168251
Meta-Llama-3.1-8B-Instruct,13,14,0.41935483870967744,False,raw_magnitude,category,MG,resultant_length,0.8753949999809265
Meta-Llama-3.1-8B-Instruct,14,15,0.45161290322580644,False,unit_normalized,mechanism,prefix_injection,C_k,0.8617619276046753
Meta-Llama-3.1-8B-Instruct,14,15,0.45161290322580644,False,unit_normalized,mechanism,prefix_injection,parallel_energy_fraction,0.7426336198689256
Meta-Llama-3.1-8B-Instruct,14,15,0.45161290322580644,False,unit_normalized,mechanism,prefix_injection,residual_energy_fraction,0.2573663801310744
Meta-Llama-3.1-8B-Instruct,14,15,0.45161290322580644,False,unit_normalized,mechanism,refusal_suppression,C_k,0.8105748295783997
Meta-Llama-3.1-8B-Instruct,14,15,0.45161290322580644,False,unit_normalized,mechanism,refusal_suppression,parallel_energy_fraction,0.6570315543460516
Meta-Llama-3.1-8B-Instruct,14,15,0.45161290322580644,False,unit_normalized,mechanism,refusal_suppression,residual_energy_fraction,0.34296844565394835
Meta-Llama-3.1-8B-Instruct,14,15,0.45161290322580644,False,unit_normalized,mechanism,persona_roleplay,C_k,0.8533658981323242
Meta-Llama-3.1-8B-Instruct,14,15,0.45161290322580644,False,unit_normalized,mechanism,persona_roleplay,parallel_energy_fraction,0.7282333560951884
Meta-Llama-3.1-8B-Instruct,14,15,0.45161290322580644,False,unit_normalized,mechanism,persona_roleplay,residual_energy_fraction,0.27176664390481164
Meta-Llama-3.1-8B-Instruct,14,15,0.45161290322580644,False,unit_normalized,mechanism,encoding_obfuscation,C_k,0.8656260371208191
Meta-Llama-3.1-8B-Instruct,14,15,0.45161290322580644,False,unit_normalized,mechanism,encoding_obfuscation,parallel_energy_fraction,0.7493084361414937
Meta-Llama-3.1-8B-Instruct,14,15,0.45161290322580644,False,unit_normalized,mechanism,encoding_obfuscation,residual_energy_fraction,0.2506915638585063
Meta-Llama-3.1-8B-Instruct,14,15,0.45161290322580644,False,unit_normalized,mechanism,payload_splitting,C_k,0.9063400030136108
Meta-Llama-3.1-8B-Instruct,14,15,0.45161290322580644,False,unit_normalized,mechanism,payload_splitting,parallel_energy_fraction,0.8214522010627121
Meta-Llama-3.1-8B-Instruct,14,15,0.45161290322580644,False,unit_normalized,mechanism,payload_splitting,residual_energy_fraction,0.1785477989372879
Meta-Llama-3.1-8B-Instruct,14,15,0.45161290322580644,False,unit_normalized,mechanism,distractors_negated,C_k,0.8133706450462341
Meta-Llama-3.1-8B-Instruct,14,15,0.45161290322580644,False,unit_normalized,mechanism,distractors_negated,parallel_energy_fraction,0.661571806222927
Meta-Llama-3.1-8B-Instruct,14,15,0.45161290322580644,False,unit_normalized,mechanism,distractors_negated,residual_energy_fraction,0.338428193777073
Meta-Llama-3.1-8B-Instruct,14,15,0.45161290322580644,False,unit_normalized,category,CO,mean_coverage,0.8419008851051331
Meta-Llama-3.1-8B-Instruct,14,15,0.45161290322580644,False,unit_normalized,category,CO,minimum_coverage,0.8105748295783997
Meta-Llama-3.1-8B-Instruct,14,15,0.45161290322580644,False,unit_normalized,category,CO,coverage_standard_deviation,0.02745204232633114
Meta-Llama-3.1-8B-Instruct,14,15,0.45161290322580644,False,unit_normalized,category,CO,resultant_length,0.8419010043144226
Meta-Llama-3.1-8B-Instruct,14,15,0.45161290322580644,False,unit_normalized,category,MG,mean_coverage,0.8617789149284363
Meta-Llama-3.1-8B-Instruct,14,15,0.45161290322580644,False,unit_normalized,category,MG,minimum_coverage,0.8133706450462341
Meta-Llama-3.1-8B-Instruct,14,15,0.45161290322580644,False,unit_normalized,category,MG,coverage_standard_deviation,0.04660392552614212
Meta-Llama-3.1-8B-Instruct,14,15,0.45161290322580644,False,unit_normalized,category,MG,resultant_length,0.8617789149284363
Meta-Llama-3.1-8B-Instruct,14,15,0.45161290322580644,False,raw_magnitude,mechanism,prefix_injection,C_k,0.8826003670692444
Meta-Llama-3.1-8B-Instruct,14,15,0.45161290322580644,False,raw_magnitude,mechanism,prefix_injection,parallel_energy_fraction,0.7789834079507649
Meta-Llama-3.1-8B-Instruct,14,15,0.45161290322580644,False,raw_magnitude,mechanism,prefix_injection,residual_energy_fraction,0.22101659204923507
Meta-Llama-3.1-8B-Instruct,14,15,0.45161290322580644,False,raw_magnitude,mechanism,refusal_suppression,C_k,0.7969796657562256
Meta-Llama-3.1-8B-Instruct,14,15,0.45161290322580644,False,raw_magnitude,mechanism,refusal_suppression,parallel_energy_fraction,0.635176587628905
Meta-Llama-3.1-8B-Instruct,14,15,0.45161290322580644,False,raw_magnitude,mechanism,refusal_suppression,residual_energy_fraction,0.36482341237109495
Meta-Llama-3.1-8B-Instruct,14,15,0.45161290322580644,False,raw_magnitude,mechanism,persona_roleplay,C_k,0.8438223004341125
Meta-Llama-3.1-8B-Instruct,14,15,0.45161290322580644,False,raw_magnitude,mechanism,persona_roleplay,parallel_energy_fraction,0.7120360747099177
Meta-Llama-3.1-8B-Instruct,14,15,0.45161290322580644,False,raw_magnitude,mechanism,persona_roleplay,residual_energy_fraction,0.2879639252900823
Meta-Llama-3.1-8B-Instruct,14,15,0.45161290322580644,False,raw_magnitude,mechanism,encoding_obfuscation,C_k,0.8872376680374146
Meta-Llama-3.1-8B-Instruct,14,15,0.45161290322580644,False,raw_magnitude,mechanism,encoding_obfuscation,parallel_energy_fraction,0.7871906795844694
Meta-Llama-3.1-8B-Instruct,14,15,0.45161290322580644,False,raw_magnitude,mechanism,encoding_obfuscation,residual_energy_fraction,0.21280932041553058
Meta-Llama-3.1-8B-Instruct,14,15,0.45161290322580644,False,raw_magnitude,mechanism,payload_splitting,C_k,0.9064595103263855
Meta-Llama-3.1-8B-Instruct,14,15,0.45161290322580644,False,raw_magnitude,mechanism,payload_splitting,parallel_energy_fraction,0.8216688438611506
Meta-Llama-3.1-8B-Instruct,14,15,0.45161290322580644,False,raw_magnitude,mechanism,payload_splitting,residual_energy_fraction,0.17833115613884942
Meta-Llama-3.1-8B-Instruct,14,15,0.45161290322580644,False,raw_magnitude,mechanism,distractors_negated,C_k,0.7888088226318359
Meta-Llama-3.1-8B-Instruct,14,15,0.45161290322580644,False,raw_magnitude,mechanism,distractors_negated,parallel_energy_fraction,0.6222193586618232
Meta-Llama-3.1-8B-Instruct,14,15,0.45161290322580644,False,raw_magnitude,mechanism,distractors_negated,residual_energy_fraction,0.3777806413381768
Meta-Llama-3.1-8B-Instruct,14,15,0.45161290322580644,False,raw_magnitude,category,CO,mean_coverage,0.8411340713500977
Meta-Llama-3.1-8B-Instruct,14,15,0.45161290322580644,False,raw_magnitude,category,CO,minimum_coverage,0.7969796657562256
Meta-Llama-3.1-8B-Instruct,14,15,0.45161290322580644,False,raw_magnitude,category,CO,coverage_standard_deviation,0.042873602360486984
Meta-Llama-3.1-8B-Instruct,14,15,0.45161290322580644,False,raw_magnitude,category,CO,resultant_length,0.8419010043144226
Meta-Llama-3.1-8B-Instruct,14,15,0.45161290322580644,False,raw_magnitude,category,MG,mean_coverage,0.8608353137969971
Meta-Llama-3.1-8B-Instruct,14,15,0.45161290322580644,False,raw_magnitude,category,MG,minimum_coverage,0.7888088226318359
Meta-Llama-3.1-8B-Instruct,14,15,0.45161290322580644,False,raw_magnitude,category,MG,coverage_standard_deviation,0.06311286240816116
Meta-Llama-3.1-8B-Instruct,14,15,0.45161290322580644,False,raw_magnitude,category,MG,resultant_length,0.8617789149284363
Meta-Llama-3.1-8B-Instruct,15,16,0.4838709677419355,False,unit_normalized,mechanism,prefix_injection,C_k,0.8162082433700562
Meta-Llama-3.1-8B-Instruct,15,16,0.4838709677419355,False,unit_normalized,mechanism,prefix_injection,parallel_energy_fraction,0.6661958965452328
Meta-Llama-3.1-8B-Instruct,15,16,0.4838709677419355,False,unit_normalized,mechanism,prefix_injection,residual_energy_fraction,0.3338041034547672
Meta-Llama-3.1-8B-Instruct,15,16,0.4838709677419355,False,unit_normalized,mechanism,refusal_suppression,C_k,0.7848374843597412
Meta-Llama-3.1-8B-Instruct,15,16,0.4838709677419355,False,unit_normalized,mechanism,refusal_suppression,parallel_energy_fraction,0.615969876856127
Meta-Llama-3.1-8B-Instruct,15,16,0.4838709677419355,False,unit_normalized,mechanism,refusal_suppression,residual_energy_fraction,0.38403012314387297
Meta-Llama-3.1-8B-Instruct,15,16,0.4838709677419355,False,unit_normalized,mechanism,persona_roleplay,C_k,0.8110315203666687
Meta-Llama-3.1-8B-Instruct,15,16,0.4838709677419355,False,unit_normalized,mechanism,persona_roleplay,parallel_energy_fraction,0.6577721270282701
Meta-Llama-3.1-8B-Instruct,15,16,0.4838709677419355,False,unit_normalized,mechanism,persona_roleplay,residual_energy_fraction,0.34222787297172985
Meta-Llama-3.1-8B-Instruct,15,16,0.4838709677419355,False,unit_normalized,mechanism,encoding_obfuscation,C_k,0.845030665397644
Meta-Llama-3.1-8B-Instruct,15,16,0.4838709677419355,False,unit_normalized,mechanism,encoding_obfuscation,parallel_energy_fraction,0.714076825462385
Meta-Llama-3.1-8B-Instruct,15,16,0.4838709677419355,False,unit_normalized,mechanism,encoding_obfuscation,residual_energy_fraction,0.28592317453761495
Meta-Llama-3.1-8B-Instruct,15,16,0.4838709677419355,False,unit_normalized,mechanism,payload_splitting,C_k,0.9000962972640991
Meta-Llama-3.1-8B-Instruct,15,16,0.4838709677419355,False,unit_normalized,mechanism,payload_splitting,parallel_energy_fraction,0.8101733443485415
Meta-Llama-3.1-8B-Instruct,15,16,0.4838709677419355,False,unit_normalized,mechanism,payload_splitting,residual_energy_fraction,0.1898266556514585
Meta-Llama-3.1-8B-Instruct,15,16,0.4838709677419355,False,unit_normalized,mechanism,distractors_negated,C_k,0.7919081449508667
Meta-Llama-3.1-8B-Instruct,15,16,0.4838709677419355,False,unit_normalized,mechanism,distractors_negated,parallel_energy_fraction,0.6271185100395229
Meta-Llama-3.1-8B-Instruct,15,16,0.4838709677419355,False,unit_normalized,mechanism,distractors_negated,residual_energy_fraction,0.3728814899604771
Meta-Llama-3.1-8B-Instruct,15,16,0.4838709677419355,False,unit_normalized,category,CO,mean_coverage,0.8040257096290588
Meta-Llama-3.1-8B-Instruct,15,16,0.4838709677419355,False,unit_normalized,category,CO,minimum_coverage,0.7848374843597412
Meta-Llama-3.1-8B-Instruct,15,16,0.4838709677419355,False,unit_normalized,category,CO,coverage_standard_deviation,0.01681789942085743
Meta-Llama-3.1-8B-Instruct,15,16,0.4838709677419355,False,unit_normalized,category,CO,resultant_length,0.8040257096290588
Meta-Llama-3.1-8B-Instruct,15,16,0.4838709677419355,False,unit_normalized,category,MG,mean_coverage,0.8456783294677734
Meta-Llama-3.1-8B-Instruct,15,16,0.4838709677419355,False,unit_normalized,category,MG,minimum_coverage,0.7919081449508667
Meta-Llama-3.1-8B-Instruct,15,16,0.4838709677419355,False,unit_normalized,category,MG,coverage_standard_deviation,0.05409698560833931
Meta-Llama-3.1-8B-Instruct,15,16,0.4838709677419355,False,unit_normalized,category,MG,resultant_length,0.845678448677063
Meta-Llama-3.1-8B-Instruct,15,16,0.4838709677419355,False,raw_magnitude,mechanism,prefix_injection,C_k,0.8626437187194824
Meta-Llama-3.1-8B-Instruct,15,16,0.4838709677419355,False,raw_magnitude,mechanism,prefix_injection,parallel_energy_fraction,0.7441541854461775
Meta-Llama-3.1-8B-Instruct,15,16,0.4838709677419355,False,raw_magnitude,mechanism,prefix_injection,residual_energy_fraction,0.2558458145538225
Meta-Llama-3.1-8B-Instruct,15,16,0.4838709677419355,False,raw_magnitude,mechanism,refusal_suppression,C_k,0.7672932744026184
Meta-Llama-3.1-8B-Instruct,15,16,0.4838709677419355,False,raw_magnitude,mechanism,refusal_suppression,parallel_energy_fraction,0.5887389689434919
Meta-Llama-3.1-8B-Instruct,15,16,0.4838709677419355,False,raw_magnitude,mechanism,refusal_suppression,residual_energy_fraction,0.41126103105650813
Meta-Llama-3.1-8B-Instruct,15,16,0.4838709677419355,False,raw_magnitude,mechanism,persona_roleplay,C_k,0.7723788022994995
Meta-Llama-3.1-8B-Instruct,15,16,0.4838709677419355,False,raw_magnitude,mechanism,persona_roleplay,parallel_energy_fraction,0.5965690142416094
Meta-Llama-3.1-8B-Instruct,15,16,0.4838709677419355,False,raw_magnitude,mechanism,persona_roleplay,residual_energy_fraction,0.40343098575839065
Meta-Llama-3.1-8B-Instruct,15,16,0.4838709677419355,False,raw_magnitude,mechanism,encoding_obfuscation,C_k,0.8767403364181519
Meta-Llama-3.1-8B-Instruct,15,16,0.4838709677419355,False,raw_magnitude,mechanism,encoding_obfuscation,parallel_energy_fraction,0.7686736175026141
Meta-Llama-3.1-8B-Instruct,15,16,0.4838709677419355,False,raw_magnitude,mechanism,encoding_obfuscation,residual_energy_fraction,0.2313263824973859
Meta-Llama-3.1-8B-Instruct,15,16,0.4838709677419355,False,raw_magnitude,mechanism,payload_splitting,C_k,0.8996580839157104
Meta-Llama-3.1-8B-Instruct,15,16,0.4838709677419355,False,raw_magnitude,mechanism,payload_splitting,parallel_energy_fraction,0.8093846679548875
Meta-Llama-3.1-8B-Instruct,15,16,0.4838709677419355,False,raw_magnitude,mechanism,payload_splitting,residual_energy_fraction,0.1906153320451125
Meta-Llama-3.1-8B-Instruct,15,16,0.4838709677419355,False,raw_magnitude,mechanism,distractors_negated,C_k,0.7552568912506104
Meta-Llama-3.1-8B-Instruct,15,16,0.4838709677419355,False,raw_magnitude,mechanism,distractors_negated,parallel_energy_fraction,0.5704129717815363
Meta-Llama-3.1-8B-Instruct,15,16,0.4838709677419355,False,raw_magnitude,mechanism,distractors_negated,residual_energy_fraction,0.42958702821846373
Meta-Llama-3.1-8B-Instruct,15,16,0.4838709677419355,False,raw_magnitude,category,CO,mean_coverage,0.8007718920707703
Meta-Llama-3.1-8B-Instruct,15,16,0.4838709677419355,False,raw_magnitude,category,CO,minimum_coverage,0.7672932744026184
Meta-Llama-3.1-8B-Instruct,15,16,0.4838709677419355,False,raw_magnitude,category,CO,coverage_standard_deviation,0.053642839193344116
Meta-Llama-3.1-8B-Instruct,15,16,0.4838709677419355,False,raw_magnitude,category,CO,resultant_length,0.8040257096290588
Meta-Llama-3.1-8B-Instruct,15,16,0.4838709677419355,False,raw_magnitude,category,MG,mean_coverage,0.8438851237297058
Meta-Llama-3.1-8B-Instruct,15,16,0.4838709677419355,False,raw_magnitude,category,MG,minimum_coverage,0.7552568912506104
Meta-Llama-3.1-8B-Instruct,15,16,0.4838709677419355,False,raw_magnitude,category,MG,coverage_standard_deviation,0.07760493457317352
Meta-Llama-3.1-8B-Instruct,15,16,0.4838709677419355,False,raw_magnitude,category,MG,resultant_length,0.845678448677063
Meta-Llama-3.1-8B-Instruct,16,17,0.5161290322580645,False,unit_normalized,mechanism,prefix_injection,C_k,0.8215747475624084
Meta-Llama-3.1-8B-Instruct,16,17,0.5161290322580645,False,unit_normalized,mechanism,prefix_injection,parallel_energy_fraction,0.6749850658322352
Meta-Llama-3.1-8B-Instruct,16,17,0.5161290322580645,False,unit_normalized,mechanism,prefix_injection,residual_energy_fraction,0.32501493416776484
Meta-Llama-3.1-8B-Instruct,16,17,0.5161290322580645,False,unit_normalized,mechanism,refusal_suppression,C_k,0.682650089263916
Meta-Llama-3.1-8B-Instruct,16,17,0.5161290322580645,False,unit_normalized,mechanism,refusal_suppression,parallel_energy_fraction,0.4660111443720325
Meta-Llama-3.1-8B-Instruct,16,17,0.5161290322580645,False,unit_normalized,mechanism,refusal_suppression,residual_energy_fraction,0.5339888556279675
Meta-Llama-3.1-8B-Instruct,16,17,0.5161290322580645,False,unit_normalized,mechanism,persona_roleplay,C_k,0.8098832368850708
Meta-Llama-3.1-8B-Instruct,16,17,0.5161290322580645,False,unit_normalized,mechanism,persona_roleplay,parallel_energy_fraction,0.6559108573874397
Meta-Llama-3.1-8B-Instruct,16,17,0.5161290322580645,False,unit_normalized,mechanism,persona_roleplay,residual_energy_fraction,0.3440891426125603
Meta-Llama-3.1-8B-Instruct,16,17,0.5161290322580645,False,unit_normalized,mechanism,encoding_obfuscation,C_k,0.8375744223594666
Meta-Llama-3.1-8B-Instruct,16,17,0.5161290322580645,False,unit_normalized,mechanism,encoding_obfuscation,parallel_energy_fraction,0.7015309129907941
Meta-Llama-3.1-8B-Instruct,16,17,0.5161290322580645,False,unit_normalized,mechanism,encoding_obfuscation,residual_energy_fraction,0.29846908700920594
Meta-Llama-3.1-8B-Instruct,16,17,0.5161290322580645,False,unit_normalized,mechanism,payload_splitting,C_k,0.909285843372345
Meta-Llama-3.1-8B-Instruct,16,17,0.5161290322580645,False,unit_normalized,mechanism,payload_splitting,parallel_energy_fraction,0.8268007449573567
Meta-Llama-3.1-8B-Instruct,16,17,0.5161290322580645,False,unit_normalized,mechanism,payload_splitting,residual_energy_fraction,0.17319925504264333
Meta-Llama-3.1-8B-Instruct,16,17,0.5161290322580645,False,unit_normalized,mechanism,distractors_negated,C_k,0.8025259971618652
Meta-Llama-3.1-8B-Instruct,16,17,0.5161290322580645,False,unit_normalized,mechanism,distractors_negated,parallel_energy_fraction,0.6440479761206461
Meta-Llama-3.1-8B-Instruct,16,17,0.5161290322580645,False,unit_normalized,mechanism,distractors_negated,residual_energy_fraction,0.3559520238793539
Meta-Llama-3.1-8B-Instruct,16,17,0.5161290322580645,False,unit_normalized,category,CO,mean_coverage,0.7713692784309387
Meta-Llama-3.1-8B-Instruct,16,17,0.5161290322580645,False,unit_normalized,category,CO,minimum_coverage,0.682650089263916
Meta-Llama-3.1-8B-Instruct,16,17,0.5161290322580645,False,unit_normalized,category,CO,coverage_standard_deviation,0.0770552009344101
Meta-Llama-3.1-8B-Instruct,16,17,0.5161290322580645,False,unit_normalized,category,CO,resultant_length,0.7713693976402283
Meta-Llama-3.1-8B-Instruct,16,17,0.5161290322580645,False,unit_normalized,category,MG,mean_coverage,0.849795401096344
Meta-Llama-3.1-8B-Instruct,16,17,0.5161290322580645,False,unit_normalized,category,MG,minimum_coverage,0.8025259971618652
Meta-Llama-3.1-8B-Instruct,16,17,0.5161290322580645,False,unit_normalized,category,MG,coverage_standard_deviation,0.054419029504060745
Meta-Llama-3.1-8B-Instruct,16,17,0.5161290322580645,False,unit_normalized,category,MG,resultant_length,0.8497952818870544
Meta-Llama-3.1-8B-Instruct,16,17,0.5161290322580645,False,raw_magnitude,mechanism,prefix_injection,C_k,0.8511462211608887
Meta-Llama-3.1-8B-Instruct,16,17,0.5161290322580645,False,raw_magnitude,mechanism,prefix_injection,parallel_energy_fraction,0.7244498897964604
Meta-Llama-3.1-8B-Instruct,16,17,0.5161290322580645,False,raw_magnitude,mechanism,prefix_injection,residual_energy_fraction,0.2755501102035396
Meta-Llama-3.1-8B-Instruct,16,17,0.5161290322580645,False,raw_magnitude,mechanism,refusal_suppression,C_k,0.6690534949302673
Meta-Llama-3.1-8B-Instruct,16,17,0.5161290322580645,False,raw_magnitude,mechanism,refusal_suppression,parallel_energy_fraction,0.44763257907840526
Meta-Llama-3.1-8B-Instruct,16,17,0.5161290322580645,False,raw_magnitude,mechanism,refusal_suppression,residual_energy_fraction,0.5523674209215947
Meta-Llama-3.1-8B-Instruct,16,17,0.5161290322580645,False,raw_magnitude,mechanism,persona_roleplay,C_k,0.7899787425994873
Meta-Llama-3.1-8B-Instruct,16,17,0.5161290322580645,False,raw_magnitude,mechanism,persona_roleplay,parallel_energy_fraction,0.624066413759067
Meta-Llama-3.1-8B-Instruct,16,17,0.5161290322580645,False,raw_magnitude,mechanism,persona_roleplay,residual_energy_fraction,0.375933586240933
Meta-Llama-3.1-8B-Instruct,16,17,0.5161290322580645,False,raw_magnitude,mechanism,encoding_obfuscation,C_k,0.8788768649101257
Meta-Llama-3.1-8B-Instruct,16,17,0.5161290322580645,False,raw_magnitude,mechanism,encoding_obfuscation,parallel_energy_fraction,0.7724245436742514
Meta-Llama-3.1-8B-Instruct,16,17,0.5161290322580645,False,raw_magnitude,mechanism,encoding_obfuscation,residual_energy_fraction,0.2275754563257486
Meta-Llama-3.1-8B-Instruct,16,17,0.5161290322580645,False,raw_magnitude,mechanism,payload_splitting,C_k,0.904597282409668
Meta-Llama-3.1-8B-Instruct,16,17,0.5161290322580645,False,raw_magnitude,mechanism,payload_splitting,parallel_energy_fraction,0.8182962433429566
Meta-Llama-3.1-8B-Instruct,16,17,0.5161290322580645,False,raw_magnitude,mechanism,payload_splitting,residual_energy_fraction,0.1817037566570434
Meta-Llama-3.1-8B-Instruct,16,17,0.5161290322580645,False,raw_magnitude,mechanism,distractors_negated,C_k,0.7571795582771301
Meta-Llama-3.1-8B-Instruct,16,17,0.5161290322580645,False,raw_magnitude,mechanism,distractors_negated,parallel_energy_fraction,0.5733208834727499
Meta-Llama-3.1-8B-Instruct,16,17,0.5161290322580645,False,raw_magnitude,mechanism,distractors_negated,residual_energy_fraction,0.4266791165272501
Meta-Llama-3.1-8B-Instruct,16,17,0.5161290322580645,False,raw_magnitude,category,CO,mean_coverage,0.7700595259666443
Meta-Llama-3.1-8B-Instruct,16,17,0.5161290322580645,False,raw_magnitude,category,CO,minimum_coverage,0.6690534949302673
Meta-Llama-3.1-8B-Instruct,16,17,0.5161290322580645,False,raw_magnitude,category,CO,coverage_standard_deviation,0.09266619384288788
Meta-Llama-3.1-8B-Instruct,16,17,0.5161290322580645,False,raw_magnitude,category,CO,resultant_length,0.7713693976402283
Meta-Llama-3.1-8B-Instruct,16,17,0.5161290322580645,False,raw_magnitude,category,MG,mean_coverage,0.846884548664093
Meta-Llama-3.1-8B-Instruct,16,17,0.5161290322580645,False,raw_magnitude,category,MG,minimum_coverage,0.7571795582771301
Meta-Llama-3.1-8B-Instruct,16,17,0.5161290322580645,False,raw_magnitude,category,MG,coverage_standard_deviation,0.0787440612912178
Meta-Llama-3.1-8B-Instruct,16,17,0.5161290322580645,False,raw_magnitude,category,MG,resultant_length,0.8497952818870544
Meta-Llama-3.1-8B-Instruct,17,18,0.5483870967741935,False,unit_normalized,mechanism,prefix_injection,C_k,0.8323971629142761
Meta-Llama-3.1-8B-Instruct,17,18,0.5483870967741935,False,unit_normalized,mechanism,prefix_injection,parallel_energy_fraction,0.692885036827736
Meta-Llama-3.1-8B-Instruct,17,18,0.5483870967741935,False,unit_normalized,mechanism,prefix_injection,residual_energy_fraction,0.30711496317226405
Meta-Llama-3.1-8B-Instruct,17,18,0.5483870967741935,False,unit_normalized,mechanism,refusal_suppression,C_k,0.6379569172859192
Meta-Llama-3.1-8B-Instruct,17,18,0.5483870967741935,False,unit_normalized,mechanism,refusal_suppression,parallel_energy_fraction,0.40698902831295314
Meta-Llama-3.1-8B-Instruct,17,18,0.5483870967741935,False,unit_normalized,mechanism,refusal_suppression,residual_energy_fraction,0.5930109716870469
Meta-Llama-3.1-8B-Instruct,17,18,0.5483870967741935,False,unit_normalized,mechanism,persona_roleplay,C_k,0.8207942843437195
Meta-Llama-3.1-8B-Instruct,17,18,0.5483870967741935,False,unit_normalized,mechanism,persona_roleplay,parallel_energy_fraction,0.6737032572113186
Meta-Llama-3.1-8B-Instruct,17,18,0.5483870967741935,False,unit_normalized,mechanism,persona_roleplay,residual_energy_fraction,0.32629674278868137
Meta-Llama-3.1-8B-Instruct,17,18,0.5483870967741935,False,unit_normalized,mechanism,encoding_obfuscation,C_k,0.8391852974891663
Meta-Llama-3.1-8B-Instruct,17,18,0.5483870967741935,False,unit_normalized,mechanism,encoding_obfuscation,parallel_energy_fraction,0.7042319635219805
Meta-Llama-3.1-8B-Instruct,17,18,0.5483870967741935,False,unit_normalized,mechanism,encoding_obfuscation,residual_energy_fraction,0.2957680364780195
Meta-Llama-3.1-8B-Instruct,17,18,0.5483870967741935,False,unit_normalized,mechanism,payload_splitting,C_k,0.9181746244430542
Meta-Llama-3.1-8B-Instruct,17,18,0.5483870967741935,False,unit_normalized,mechanism,payload_splitting,parallel_energy_fraction,0.8430446409711436
Meta-Llama-3.1-8B-Instruct,17,18,0.5483870967741935,False,unit_normalized,mechanism,payload_splitting,residual_energy_fraction,0.15695535902885638
Meta-Llama-3.1-8B-Instruct,17,18,0.5483870967741935,False,unit_normalized,mechanism,distractors_negated,C_k,0.8212203979492188
Meta-Llama-3.1-8B-Instruct,17,18,0.5483870967741935,False,unit_normalized,mechanism,distractors_negated,parallel_energy_fraction,0.6744029420078732
Meta-Llama-3.1-8B-Instruct,17,18,0.5483870967741935,False,unit_normalized,mechanism,distractors_negated,residual_energy_fraction,0.3255970579921268
Meta-Llama-3.1-8B-Instruct,17,18,0.5483870967741935,False,unit_normalized,category,CO,mean_coverage,0.7637161612510681
Meta-Llama-3.1-8B-Instruct,17,18,0.5483870967741935,False,unit_normalized,category,CO,minimum_coverage,0.6379569172859192
Meta-Llama-3.1-8B-Instruct,17,18,0.5483870967741935,False,unit_normalized,category,CO,coverage_standard_deviation,0.10906507074832916
Meta-Llama-3.1-8B-Instruct,17,18,0.5483870967741935,False,unit_normalized,category,CO,resultant_length,0.763715922832489
Meta-Llama-3.1-8B-Instruct,17,18,0.5483870967741935,False,unit_normalized,category,MG,mean_coverage,0.8595268130302429
Meta-Llama-3.1-8B-Instruct,17,18,0.5483870967741935,False,unit_normalized,category,MG,minimum_coverage,0.8212203979492188
Meta-Llama-3.1-8B-Instruct,17,18,0.5483870967741935,False,unit_normalized,category,MG,coverage_standard_deviation,0.05157870054244995
Meta-Llama-3.1-8B-Instruct,17,18,0.5483870967741935,False,unit_normalized,category,MG,resultant_length,0.8595266938209534
Meta-Llama-3.1-8B-Instruct,17,18,0.5483870967741935,False,raw_magnitude,mechanism,prefix_injection,C_k,0.8447001576423645
Meta-Llama-3.1-8B-Instruct,17,18,0.5483870967741935,False,raw_magnitude,mechanism,prefix_injection,parallel_energy_fraction,0.7135183563210354
Meta-Llama-3.1-8B-Instruct,17,18,0.5483870967741935,False,raw_magnitude,mechanism,prefix_injection,residual_energy_fraction,0.28648164367896456
Meta-Llama-3.1-8B-Instruct,17,18,0.5483870967741935,False,raw_magnitude,mechanism,refusal_suppression,C_k,0.643780529499054
Meta-Llama-3.1-8B-Instruct,17,18,0.5483870967741935,False,raw_magnitude,mechanism,refusal_suppression,parallel_energy_fraction,0.4144533701620823
Meta-Llama-3.1-8B-Instruct,17,18,0.5483870967741935,False,raw_magnitude,mechanism,refusal_suppression,residual_energy_fraction,0.5855466298379177
Meta-Llama-3.1-8B-Instruct,17,18,0.5483870967741935,False,raw_magnitude,mechanism,persona_roleplay,C_k,0.8008401393890381
Meta-Llama-3.1-8B-Instruct,17,18,0.5483870967741935,False,raw_magnitude,mechanism,persona_roleplay,parallel_energy_fraction,0.641344928856654
Meta-Llama-3.1-8B-Instruct,17,18,0.5483870967741935,False,raw_magnitude,mechanism,persona_roleplay,residual_energy_fraction,0.35865507114334605
Meta-Llama-3.1-8B-Instruct,17,18,0.5483870967741935,False,raw_magnitude,mechanism,encoding_obfuscation,C_k,0.8830311298370361
Meta-Llama-3.1-8B-Instruct,17,18,0.5483870967741935,False,raw_magnitude,mechanism,encoding_obfuscation,parallel_energy_fraction,0.7797439762612726
Meta-Llama-3.1-8B-Instruct,17,18,0.5483870967741935,False,raw_magnitude,mechanism,encoding_obfuscation,residual_energy_fraction,0.22025602373872744
Meta-Llama-3.1-8B-Instruct,17,18,0.5483870967741935,False,raw_magnitude,mechanism,payload_splitting,C_k,0.9107893705368042
Meta-Llama-3.1-8B-Instruct,17,18,0.5483870967741935,False,raw_magnitude,mechanism,payload_splitting,parallel_energy_fraction,0.829537277482828
Meta-Llama-3.1-8B-Instruct,17,18,0.5483870967741935,False,raw_magnitude,mechanism,payload_splitting,residual_energy_fraction,0.17046272251717198
Meta-Llama-3.1-8B-Instruct,17,18,0.5483870967741935,False,raw_magnitude,mechanism,distractors_negated,C_k,0.774702250957489
Meta-Llama-3.1-8B-Instruct,17,18,0.5483870967741935,False,raw_magnitude,mechanism,distractors_negated,parallel_energy_fraction,0.6001635776386003
Meta-Llama-3.1-8B-Instruct,17,18,0.5483870967741935,False,raw_magnitude,mechanism,distractors_negated,residual_energy_fraction,0.3998364223613997
Meta-Llama-3.1-8B-Instruct,17,18,0.5483870967741935,False,raw_magnitude,category,CO,mean_coverage,0.7631070017814636
Meta-Llama-3.1-8B-Instruct,17,18,0.5483870967741935,False,raw_magnitude,category,CO,minimum_coverage,0.643780529499054
Meta-Llama-3.1-8B-Instruct,17,18,0.5483870967741935,False,raw_magnitude,category,CO,coverage_standard_deviation,0.10564099252223969
Meta-Llama-3.1-8B-Instruct,17,18,0.5483870967741935,False,raw_magnitude,category,CO,resultant_length,0.763715922832489
Meta-Llama-3.1-8B-Instruct,17,18,0.5483870967741935,False,raw_magnitude,category,MG,mean_coverage,0.8561742305755615
Meta-Llama-3.1-8B-Instruct,17,18,0.5483870967741935,False,raw_magnitude,category,MG,minimum_coverage,0.774702250957489
Meta-Llama-3.1-8B-Instruct,17,18,0.5483870967741935,False,raw_magnitude,category,MG,coverage_standard_deviation,0.07190893590450287
Meta-Llama-3.1-8B-Instruct,17,18,0.5483870967741935,False,raw_magnitude,category,MG,resultant_length,0.8595266938209534
Meta-Llama-3.1-8B-Instruct,18,19,0.5806451612903226,False,unit_normalized,mechanism,prefix_injection,C_k,0.84215247631073
Meta-Llama-3.1-8B-Instruct,18,19,0.5806451612903226,False,unit_normalized,mechanism,prefix_injection,parallel_energy_fraction,0.7092207933562946
Meta-Llama-3.1-8B-Instruct,18,19,0.5806451612903226,False,unit_normalized,mechanism,prefix_injection,residual_energy_fraction,0.2907792066437054
Meta-Llama-3.1-8B-Instruct,18,19,0.5806451612903226,False,unit_normalized,mechanism,refusal_suppression,C_k,0.623279333114624
Meta-Llama-3.1-8B-Instruct,18,19,0.5806451612903226,False,unit_normalized,mechanism,refusal_suppression,parallel_energy_fraction,0.38847712708781046
Meta-Llama-3.1-8B-Instruct,18,19,0.5806451612903226,False,unit_normalized,mechanism,refusal_suppression,residual_energy_fraction,0.6115228729121895
Meta-Llama-3.1-8B-Instruct,18,19,0.5806451612903226,False,unit_normalized,mechanism,persona_roleplay,C_k,0.8281381726264954
Meta-Llama-3.1-8B-Instruct,18,19,0.5806451612903226,False,unit_normalized,mechanism,persona_roleplay,parallel_energy_fraction,0.685812832961151
Meta-Llama-3.1-8B-Instruct,18,19,0.5806451612903226,False,unit_normalized,mechanism,persona_roleplay,residual_energy_fraction,0.31418716703884897
Meta-Llama-3.1-8B-Instruct,18,19,0.5806451612903226,False,unit_normalized,mechanism,encoding_obfuscation,C_k,0.8177393078804016
Meta-Llama-3.1-8B-Instruct,18,19,0.5806451612903226,False,unit_normalized,mechanism,encoding_obfuscation,parallel_energy_fraction,0.6686975756527183
Meta-Llama-3.1-8B-Instruct,18,19,0.5806451612903226,False,unit_normalized,mechanism,encoding_obfuscation,residual_energy_fraction,0.33130242434728174
Meta-Llama-3.1-8B-Instruct,18,19,0.5806451612903226,False,unit_normalized,mechanism,payload_splitting,C_k,0.9062906503677368
Meta-Llama-3.1-8B-Instruct,18,19,0.5806451612903226,False,unit_normalized,mechanism,payload_splitting,parallel_energy_fraction,0.8213627429439754
Meta-Llama-3.1-8B-Instruct,18,19,0.5806451612903226,False,unit_normalized,mechanism,payload_splitting,residual_energy_fraction,0.17863725705602462
Meta-Llama-3.1-8B-Instruct,18,19,0.5806451612903226,False,unit_normalized,mechanism,distractors_negated,C_k,0.8215201497077942
Meta-Llama-3.1-8B-Instruct,18,19,0.5806451612903226,False,unit_normalized,mechanism,distractors_negated,parallel_energy_fraction,0.6748953563759166
Meta-Llama-3.1-8B-Instruct,18,19,0.5806451612903226,False,unit_normalized,mechanism,distractors_negated,residual_energy_fraction,0.3251046436240834
Meta-Llama-3.1-8B-Instruct,18,19,0.5806451612903226,False,unit_normalized,category,CO,mean_coverage,0.7645233273506165
Meta-Llama-3.1-8B-Instruct,18,19,0.5806451612903226,False,unit_normalized,category,CO,minimum_coverage,0.623279333114624
Meta-Llama-3.1-8B-Instruct,18,19,0.5806451612903226,False,unit_normalized,category,CO,coverage_standard_deviation,0.12252142280340195
Meta-Llama-3.1-8B-Instruct,18,19,0.5806451612903226,False,unit_normalized,category,CO,resultant_length,0.7645232081413269
Meta-Llama-3.1-8B-Instruct,18,19,0.5806451612903226,False,unit_normalized,category,MG,mean_coverage,0.8485167026519775
Meta-Llama-3.1-8B-Instruct,18,19,0.5806451612903226,False,unit_normalized,category,MG,minimum_coverage,0.8177393078804016
Meta-Llama-3.1-8B-Instruct,18,19,0.5806451612903226,False,unit_normalized,category,MG,coverage_standard_deviation,0.050069406628608704
Meta-Llama-3.1-8B-Instruct,18,19,0.5806451612903226,False,unit_normalized,category,MG,resultant_length,0.8485167026519775
Meta-Llama-3.1-8B-Instruct,18,19,0.5806451612903226,False,raw_magnitude,mechanism,prefix_injection,C_k,0.8407067060470581
Meta-Llama-3.1-8B-Instruct,18,19,0.5806451612903226,False,raw_magnitude,mechanism,prefix_injection,parallel_energy_fraction,0.7067877655924946
Meta-Llama-3.1-8B-Instruct,18,19,0.5806451612903226,False,raw_magnitude,mechanism,prefix_injection,residual_energy_fraction,0.29321223440750543
Meta-Llama-3.1-8B-Instruct,18,19,0.5806451612903226,False,raw_magnitude,mechanism,refusal_suppression,C_k,0.6527998447418213
Meta-Llama-3.1-8B-Instruct,18,19,0.5806451612903226,False,raw_magnitude,mechanism,refusal_suppression,parallel_energy_fraction,0.426147637294946
Meta-Llama-3.1-8B-Instruct,18,19,0.5806451612903226,False,raw_magnitude,mechanism,refusal_suppression,residual_energy_fraction,0.573852362705054
Meta-Llama-3.1-8B-Instruct,18,19,0.5806451612903226,False,raw_magnitude,mechanism,persona_roleplay,C_k,0.7967309951782227
Meta-Llama-3.1-8B-Instruct,18,19,0.5806451612903226,False,raw_magnitude,mechanism,persona_roleplay,parallel_energy_fraction,0.634780278677681
Meta-Llama-3.1-8B-Instruct,18,19,0.5806451612903226,False,raw_magnitude,mechanism,persona_roleplay,residual_energy_fraction,0.36521972132231895
Meta-Llama-3.1-8B-Instruct,18,19,0.5806451612903226,False,raw_magnitude,mechanism,encoding_obfuscation,C_k,0.873566210269928
Meta-Llama-3.1-8B-Instruct,18,19,0.5806451612903226,False,raw_magnitude,mechanism,encoding_obfuscation,parallel_energy_fraction,0.763117923725364
Meta-Llama-3.1-8B-Instruct,18,19,0.5806451612903226,False,raw_magnitude,mechanism,encoding_obfuscation,residual_energy_fraction,0.23688207627463598
Meta-Llama-3.1-8B-Instruct,18,19,0.5806451612903226,False,raw_magnitude,mechanism,payload_splitting,C_k,0.890982985496521
Meta-Llama-3.1-8B-Instruct,18,19,0.5806451612903226,False,raw_magnitude,mechanism,payload_splitting,parallel_energy_fraction,0.7938506804442937
Meta-Llama-3.1-8B-Instruct,18,19,0.5806451612903226,False,raw_magnitude,mechanism,payload_splitting,residual_energy_fraction,0.20614931955570626
Meta-Llama-3.1-8B-Instruct,18,19,0.5806451612903226,False,raw_magnitude,mechanism,distractors_negated,C_k,0.7665352821350098
Meta-Llama-3.1-8B-Instruct,18,19,0.5806451612903226,False,raw_magnitude,mechanism,distractors_negated,parallel_energy_fraction,0.587576338757799
Meta-Llama-3.1-8B-Instruct,18,19,0.5806451612903226,False,raw_magnitude,mechanism,distractors_negated,residual_energy_fraction,0.412423661242201
Meta-Llama-3.1-8B-Instruct,18,19,0.5806451612903226,False,raw_magnitude,category,CO,mean_coverage,0.7634124755859375
Meta-Llama-3.1-8B-Instruct,18,19,0.5806451612903226,False,raw_magnitude,category,CO,minimum_coverage,0.6527998447418213
Meta-Llama-3.1-8B-Instruct,18,19,0.5806451612903226,False,raw_magnitude,category,CO,coverage_standard_deviation,0.09828447550535202
Meta-Llama-3.1-8B-Instruct,18,19,0.5806451612903226,False,raw_magnitude,category,CO,resultant_length,0.7645232081413269
Meta-Llama-3.1-8B-Instruct,18,19,0.5806451612903226,False,raw_magnitude,category,MG,mean_coverage,0.8436948657035828
Meta-Llama-3.1-8B-Instruct,18,19,0.5806451612903226,False,raw_magnitude,category,MG,minimum_coverage,0.7665352821350098
Meta-Llama-3.1-8B-Instruct,18,19,0.5806451612903226,False,raw_magnitude,category,MG,coverage_standard_deviation,0.0673871859908104
Meta-Llama-3.1-8B-Instruct,18,19,0.5806451612903226,False,raw_magnitude,category,MG,resultant_length,0.8485167026519775
Meta-Llama-3.1-8B-Instruct,19,20,0.6129032258064516,True,unit_normalized,mechanism,prefix_injection,C_k,0.8309633731842041
Meta-Llama-3.1-8B-Instruct,19,20,0.6129032258064516,True,unit_normalized,mechanism,prefix_injection,parallel_energy_fraction,0.6905001275736709
Meta-Llama-3.1-8B-Instruct,19,20,0.6129032258064516,True,unit_normalized,mechanism,prefix_injection,residual_energy_fraction,0.30949987242632915
Meta-Llama-3.1-8B-Instruct,19,20,0.6129032258064516,True,unit_normalized,mechanism,refusal_suppression,C_k,0.5960679054260254
Meta-Llama-3.1-8B-Instruct,19,20,0.6129032258064516,True,unit_normalized,mechanism,refusal_suppression,parallel_energy_fraction,0.35529694787896915
Meta-Llama-3.1-8B-Instruct,19,20,0.6129032258064516,True,unit_normalized,mechanism,refusal_suppression,residual_energy_fraction,0.6447030521210309
Meta-Llama-3.1-8B-Instruct,19,20,0.6129032258064516,True,unit_normalized,mechanism,persona_roleplay,C_k,0.8285177946090698
Meta-Llama-3.1-8B-Instruct,19,20,0.6129032258064516,True,unit_normalized,mechanism,persona_roleplay,parallel_energy_fraction,0.6864417359838768
Meta-Llama-3.1-8B-Instruct,19,20,0.6129032258064516,True,unit_normalized,mechanism,persona_roleplay,residual_energy_fraction,0.3135582640161232
Meta-Llama-3.1-8B-Instruct,19,20,0.6129032258064516,True,unit_normalized,mechanism,encoding_obfuscation,C_k,0.8080960512161255
Meta-Llama-3.1-8B-Instruct,19,20,0.6129032258064516,True,unit_normalized,mechanism,encoding_obfuscation,parallel_energy_fraction,0.6530192279910949
Meta-Llama-3.1-8B-Instruct,19,20,0.6129032258064516,True,unit_normalized,mechanism,encoding_obfuscation,residual_energy_fraction,0.3469807720089051
Meta-Llama-3.1-8B-Instruct,19,20,0.6129032258064516,True,unit_normalized,mechanism,payload_splitting,C_k,0.902411162853241
Meta-Llama-3.1-8B-Instruct,19,20,0.6129032258064516,True,unit_normalized,mechanism,payload_splitting,parallel_energy_fraction,0.8143459068421386
Meta-Llama-3.1-8B-Instruct,19,20,0.6129032258064516,True,unit_normalized,mechanism,payload_splitting,residual_energy_fraction,0.1856540931578614
Meta-Llama-3.1-8B-Instruct,19,20,0.6129032258064516,True,unit_normalized,mechanism,distractors_negated,C_k,0.8154661655426025
Meta-Llama-3.1-8B-Instruct,19,20,0.6129032258064516,True,unit_normalized,mechanism,distractors_negated,parallel_energy_fraction,0.6649850671447552
Meta-Llama-3.1-8B-Instruct,19,20,0.6129032258064516,True,unit_normalized,mechanism,distractors_negated,residual_energy_fraction,0.33501493285524475
Meta-Llama-3.1-8B-Instruct,19,20,0.6129032258064516,True,unit_normalized,category,CO,mean_coverage,0.7518496513366699
Meta-Llama-3.1-8B-Instruct,19,20,0.6129032258064516,True,unit_normalized,category,CO,minimum_coverage,0.5960679054260254
Meta-Llama-3.1-8B-Instruct,19,20,0.6129032258064516,True,unit_normalized,category,CO,coverage_standard_deviation,0.1349165290594101
Meta-Llama-3.1-8B-Instruct,19,20,0.6129032258064516,True,unit_normalized,category,CO,resultant_length,0.7518496513366699
Meta-Llama-3.1-8B-Instruct,19,20,0.6129032258064516,True,unit_normalized,category,MG,mean_coverage,0.841991126537323
Meta-Llama-3.1-8B-Instruct,19,20,0.6129032258064516,True,unit_normalized,category,MG,minimum_coverage,0.8080960512161255
Meta-Llama-3.1-8B-Instruct,19,20,0.6129032258064516,True,unit_normalized,category,MG,coverage_standard_deviation,0.05245488882064819
Meta-Llama-3.1-8B-Instruct,19,20,0.6129032258064516,True,unit_normalized,category,MG,resultant_length,0.8419911861419678
Meta-Llama-3.1-8B-Instruct,19,20,0.6129032258064516,True,raw_magnitude,mechanism,prefix_injection,C_k,0.8273618817329407
Meta-Llama-3.1-8B-Instruct,19,20,0.6129032258064516,True,raw_magnitude,mechanism,prefix_injection,parallel_energy_fraction,0.6845276833446725
Meta-Llama-3.1-8B-Instruct,19,20,0.6129032258064516,True,raw_magnitude,mechanism,prefix_injection,residual_energy_fraction,0.3154723166553275
Meta-Llama-3.1-8B-Instruct,19,20,0.6129032258064516,True,raw_magnitude,mechanism,refusal_suppression,C_k,0.6279867887496948
Meta-Llama-3.1-8B-Instruct,19,20,0.6129032258064516,True,raw_magnitude,mechanism,refusal_suppression,parallel_energy_fraction,0.39436740684415383
Meta-Llama-3.1-8B-Instruct,19,20,0.6129032258064516,True,raw_magnitude,mechanism,refusal_suppression,residual_energy_fraction,0.6056325931558462
Meta-Llama-3.1-8B-Instruct,19,20,0.6129032258064516,True,raw_magnitude,mechanism,persona_roleplay,C_k,0.7968611717224121
Meta-Llama-3.1-8B-Instruct,19,20,0.6129032258064516,True,raw_magnitude,mechanism,persona_roleplay,parallel_energy_fraction,0.6349877269988156
Meta-Llama-3.1-8B-Instruct,19,20,0.6129032258064516,True,raw_magnitude,mechanism,persona_roleplay,residual_energy_fraction,0.36501227300118444
Meta-Llama-3.1-8B-Instruct,19,20,0.6129032258064516,True,raw_magnitude,mechanism,encoding_obfuscation,C_k,0.8724953532218933
Meta-Llama-3.1-8B-Instruct,19,20,0.6129032258064516,True,raw_magnitude,mechanism,encoding_obfuscation,parallel_energy_fraction,0.7612481413937964
Meta-Llama-3.1-8B-Instruct,19,20,0.6129032258064516,True,raw_magnitude,mechanism,encoding_obfuscation,residual_energy_fraction,0.23875185860620363
Meta-Llama-3.1-8B-Instruct,19,20,0.6129032258064516,True,raw_magnitude,mechanism,payload_splitting,C_k,0.8824153542518616
Meta-Llama-3.1-8B-Instruct,19,20,0.6129032258064516,True,raw_magnitude,mechanism,payload_splitting,parallel_energy_fraction,0.7786568574194384
Meta-Llama-3.1-8B-Instruct,19,20,0.6129032258064516,True,raw_magnitude,mechanism,payload_splitting,residual_energy_fraction,0.22134314258056165
Meta-Llama-3.1-8B-Instruct,19,20,0.6129032258064516,True,raw_magnitude,mechanism,distractors_negated,C_k,0.7526667714118958
Meta-Llama-3.1-8B-Instruct,19,20,0.6129032258064516,True,raw_magnitude,mechanism,distractors_negated,parallel_energy_fraction,0.5665072687876069
Meta-Llama-3.1-8B-Instruct,19,20,0.6129032258064516,True,raw_magnitude,mechanism,distractors_negated,residual_energy_fraction,0.43349273121239307
Meta-Llama-3.1-8B-Instruct,19,20,0.6129032258064516,True,raw_magnitude,category,CO,mean_coverage,0.750736653804779
Meta-Llama-3.1-8B-Instruct,19,20,0.6129032258064516,True,raw_magnitude,category,CO,minimum_coverage,0.6279867887496948
Meta-Llama-3.1-8B-Instruct,19,20,0.6129032258064516,True,raw_magnitude,category,CO,coverage_standard_deviation,0.1073927953839302
Meta-Llama-3.1-8B-Instruct,19,20,0.6129032258064516,True,raw_magnitude,category,CO,resultant_length,0.7518496513366699
Meta-Llama-3.1-8B-Instruct,19,20,0.6129032258064516,True,raw_magnitude,category,MG,mean_coverage,0.8358591198921204
Meta-Llama-3.1-8B-Instruct,19,20,0.6129032258064516,True,raw_magnitude,category,MG,minimum_coverage,0.7526667714118958
Meta-Llama-3.1-8B-Instruct,19,20,0.6129032258064516,True,raw_magnitude,category,MG,coverage_standard_deviation,0.07221725583076477
Meta-Llama-3.1-8B-Instruct,19,20,0.6129032258064516,True,raw_magnitude,category,MG,resultant_length,0.8419911861419678
Meta-Llama-3.1-8B-Instruct,20,21,0.6451612903225806,False,unit_normalized,mechanism,prefix_injection,C_k,0.827237606048584
Meta-Llama-3.1-8B-Instruct,20,21,0.6451612903225806,False,unit_normalized,mechanism,prefix_injection,parallel_energy_fraction,0.6843220568609922
Meta-Llama-3.1-8B-Instruct,20,21,0.6451612903225806,False,unit_normalized,mechanism,prefix_injection,residual_energy_fraction,0.31567794313900777
Meta-Llama-3.1-8B-Instruct,20,21,0.6451612903225806,False,unit_normalized,mechanism,refusal_suppression,C_k,0.5606464147567749
Meta-Llama-3.1-8B-Instruct,20,21,0.6451612903225806,False,unit_normalized,mechanism,refusal_suppression,parallel_energy_fraction,0.31432440237962567
Meta-Llama-3.1-8B-Instruct,20,21,0.6451612903225806,False,unit_normalized,mechanism,refusal_suppression,residual_energy_fraction,0.6856755976203743
Meta-Llama-3.1-8B-Instruct,20,21,0.6451612903225806,False,unit_normalized,mechanism,persona_roleplay,C_k,0.8283342719078064
Meta-Llama-3.1-8B-Instruct,20,21,0.6451612903225806,False,unit_normalized,mechanism,persona_roleplay,parallel_energy_fraction,0.6861376660170357
Meta-Llama-3.1-8B-Instruct,20,21,0.6451612903225806,False,unit_normalized,mechanism,persona_roleplay,residual_energy_fraction,0.31386233398296426
Meta-Llama-3.1-8B-Instruct,20,21,0.6451612903225806,False,unit_normalized,mechanism,encoding_obfuscation,C_k,0.8105214834213257
Meta-Llama-3.1-8B-Instruct,20,21,0.6451612903225806,False,unit_normalized,mechanism,encoding_obfuscation,parallel_energy_fraction,0.6569450750875063
Meta-Llama-3.1-8B-Instruct,20,21,0.6451612903225806,False,unit_normalized,mechanism,encoding_obfuscation,residual_energy_fraction,0.3430549249124937
Meta-Llama-3.1-8B-Instruct,20,21,0.6451612903225806,False,unit_normalized,mechanism,payload_splitting,C_k,0.9001135230064392
Meta-Llama-3.1-8B-Instruct,20,21,0.6451612903225806,False,unit_normalized,mechanism,payload_splitting,parallel_energy_fraction,0.8102043542990636
Meta-Llama-3.1-8B-Instruct,20,21,0.6451612903225806,False,unit_normalized,mechanism,payload_splitting,residual_energy_fraction,0.18979564570093643
Meta-Llama-3.1-8B-Instruct,20,21,0.6451612903225806,False,unit_normalized,mechanism,distractors_negated,C_k,0.8103476762771606
Meta-Llama-3.1-8B-Instruct,20,21,0.6451612903225806,False,unit_normalized,mechanism,distractors_negated,parallel_energy_fraction,0.6566633564477939
Meta-Llama-3.1-8B-Instruct,20,21,0.6451612903225806,False,unit_normalized,mechanism,distractors_negated,residual_energy_fraction,0.34333664355220606
Meta-Llama-3.1-8B-Instruct,20,21,0.6451612903225806,False,unit_normalized,category,CO,mean_coverage,0.7387394309043884
Meta-Llama-3.1-8B-Instruct,20,21,0.6451612903225806,False,unit_normalized,category,CO,minimum_coverage,0.5606464147567749
Meta-Llama-3.1-8B-Instruct,20,21,0.6451612903225806,False,unit_normalized,category,CO,coverage_standard_deviation,0.15423405170440674
Meta-Llama-3.1-8B-Instruct,20,21,0.6451612903225806,False,unit_normalized,category,CO,resultant_length,0.7387393712997437
Meta-Llama-3.1-8B-Instruct,20,21,0.6451612903225806,False,unit_normalized,category,MG,mean_coverage,0.8403275609016418
Meta-Llama-3.1-8B-Instruct,20,21,0.6451612903225806,False,unit_normalized,category,MG,minimum_coverage,0.8103476762771606
Meta-Llama-3.1-8B-Instruct,20,21,0.6451612903225806,False,unit_normalized,category,MG,coverage_standard_deviation,0.051776234060525894
Meta-Llama-3.1-8B-Instruct,20,21,0.6451612903225806,False,unit_normalized,category,MG,resultant_length,0.8403276205062866
Meta-Llama-3.1-8B-Instruct,20,21,0.6451612903225806,False,raw_magnitude,mechanism,prefix_injection,C_k,0.8228839635848999
Meta-Llama-3.1-8B-Instruct,20,21,0.6451612903225806,False,raw_magnitude,mechanism,prefix_injection,parallel_energy_fraction,0.6771380175251949
Meta-Llama-3.1-8B-Instruct,20,21,0.6451612903225806,False,raw_magnitude,mechanism,prefix_injection,residual_energy_fraction,0.32286198247480513
Meta-Llama-3.1-8B-Instruct,20,21,0.6451612903225806,False,raw_magnitude,mechanism,refusal_suppression,C_k,0.5894464254379272
Meta-Llama-3.1-8B-Instruct,20,21,0.6451612903225806,False,raw_magnitude,mechanism,refusal_suppression,parallel_energy_fraction,0.3474470884615499
Meta-Llama-3.1-8B-Instruct,20,21,0.6451612903225806,False,raw_magnitude,mechanism,refusal_suppression,residual_energy_fraction,0.6525529115384501
Meta-Llama-3.1-8B-Instruct,20,21,0.6451612903225806,False,raw_magnitude,mechanism,persona_roleplay,C_k,0.8015061616897583
Meta-Llama-3.1-8B-Instruct,20,21,0.6451612903225806,False,raw_magnitude,mechanism,persona_roleplay,parallel_energy_fraction,0.642412127226649
Meta-Llama-3.1-8B-Instruct,20,21,0.6451612903225806,False,raw_magnitude,mechanism,persona_roleplay,residual_energy_fraction,0.357587872773351
Meta-Llama-3.1-8B-Instruct,20,21,0.6451612903225806,False,raw_magnitude,mechanism,encoding_obfuscation,C_k,0.8789731860160828
Meta-Llama-3.1-8B-Instruct,20,21,0.6451612903225806,False,raw_magnitude,mechanism,encoding_obfuscation,parallel_energy_fraction,0.7725938617352632
Meta-Llama-3.1-8B-Instruct,20,21,0.6451612903225806,False,raw_magnitude,mechanism,encoding_obfuscation,residual_energy_fraction,0.22740613826473677
Meta-Llama-3.1-8B-Instruct,20,21,0.6451612903225806,False,raw_magnitude,mechanism,payload_splitting,C_k,0.879952073097229
Meta-Llama-3.1-8B-Instruct,20,21,0.6451612903225806,False,raw_magnitude,mechanism,payload_splitting,parallel_energy_fraction,0.7743156509481111
Meta-Llama-3.1-8B-Instruct,20,21,0.6451612903225806,False,raw_magnitude,mechanism,payload_splitting,residual_energy_fraction,0.22568434905188894
Meta-Llama-3.1-8B-Instruct,20,21,0.6451612903225806,False,raw_magnitude,mechanism,distractors_negated,C_k,0.7405633330345154
Meta-Llama-3.1-8B-Instruct,20,21,0.6451612903225806,False,raw_magnitude,mechanism,distractors_negated,parallel_energy_fraction,0.5484340502351905
Meta-Llama-3.1-8B-Instruct,20,21,0.6451612903225806,False,raw_magnitude,mechanism,distractors_negated,residual_energy_fraction,0.45156594976480946
Meta-Llama-3.1-8B-Instruct,20,21,0.6451612903225806,False,raw_magnitude,category,CO,mean_coverage,0.737945556640625
Meta-Llama-3.1-8B-Instruct,20,21,0.6451612903225806,False,raw_magnitude,category,CO,minimum_coverage,0.5894464254379272
Meta-Llama-3.1-8B-Instruct,20,21,0.6451612903225806,False,raw_magnitude,category,CO,coverage_standard_deviation,0.1290474236011505
Meta-Llama-3.1-8B-Instruct,20,21,0.6451612903225806,False,raw_magnitude,category,CO,resultant_length,0.7387393712997437
Meta-Llama-3.1-8B-Instruct,20,21,0.6451612903225806,False,raw_magnitude,category,MG,mean_coverage,0.8331628441810608
Meta-Llama-3.1-8B-Instruct,20,21,0.6451612903225806,False,raw_magnitude,category,MG,minimum_coverage,0.7405633330345154
Meta-Llama-3.1-8B-Instruct,20,21,0.6451612903225806,False,raw_magnitude,category,MG,coverage_standard_deviation,0.08019503951072693
Meta-Llama-3.1-8B-Instruct,20,21,0.6451612903225806,False,raw_magnitude,category,MG,resultant_length,0.8403276205062866
Meta-Llama-3.1-8B-Instruct,21,22,0.6774193548387096,False,unit_normalized,mechanism,prefix_injection,C_k,0.8337062001228333
Meta-Llama-3.1-8B-Instruct,21,22,0.6774193548387096,False,unit_normalized,mechanism,prefix_injection,parallel_energy_fraction,0.6950660281232537
Meta-Llama-3.1-8B-Instruct,21,22,0.6774193548387096,False,unit_normalized,mechanism,prefix_injection,residual_energy_fraction,0.3049339718767463
Meta-Llama-3.1-8B-Instruct,21,22,0.6774193548387096,False,unit_normalized,mechanism,refusal_suppression,C_k,0.5596007704734802
Meta-Llama-3.1-8B-Instruct,21,22,0.6774193548387096,False,unit_normalized,mechanism,refusal_suppression,parallel_energy_fraction,0.3131530223145127
Meta-Llama-3.1-8B-Instruct,21,22,0.6774193548387096,False,unit_normalized,mechanism,refusal_suppression,residual_energy_fraction,0.6868469776854873
Meta-Llama-3.1-8B-Instruct,21,22,0.6774193548387096,False,unit_normalized,mechanism,persona_roleplay,C_k,0.8325027823448181
Meta-Llama-3.1-8B-Instruct,21,22,0.6774193548387096,False,unit_normalized,mechanism,persona_roleplay,parallel_energy_fraction,0.6930608826118636
Meta-Llama-3.1-8B-Instruct,21,22,0.6774193548387096,False,unit_normalized,mechanism,persona_roleplay,residual_energy_fraction,0.3069391173881364
Meta-Llama-3.1-8B-Instruct,21,22,0.6774193548387096,False,unit_normalized,mechanism,encoding_obfuscation,C_k,0.7917267084121704
Meta-Llama-3.1-8B-Instruct,21,22,0.6774193548387096,False,unit_normalized,mechanism,encoding_obfuscation,parallel_energy_fraction,0.6268311808131699
Meta-Llama-3.1-8B-Instruct,21,22,0.6774193548387096,False,unit_normalized,mechanism,encoding_obfuscation,residual_energy_fraction,0.3731688191868301
Meta-Llama-3.1-8B-Instruct,21,22,0.6774193548387096,False,unit_normalized,mechanism,payload_splitting,C_k,0.8837016820907593
Meta-Llama-3.1-8B-Instruct,21,22,0.6774193548387096,False,unit_normalized,mechanism,payload_splitting,parallel_energy_fraction,0.7809286629300374
Meta-Llama-3.1-8B-Instruct,21,22,0.6774193548387096,False,unit_normalized,mechanism,payload_splitting,residual_energy_fraction,0.21907133706996262
Meta-Llama-3.1-8B-Instruct,21,22,0.6774193548387096,False,unit_normalized,mechanism,distractors_negated,C_k,0.8136910796165466
Meta-Llama-3.1-8B-Instruct,21,22,0.6774193548387096,False,unit_normalized,mechanism,distractors_negated,parallel_energy_fraction,0.6620931730475412
Meta-Llama-3.1-8B-Instruct,21,22,0.6774193548387096,False,unit_normalized,mechanism,distractors_negated,residual_energy_fraction,0.33790682695245877
Meta-Llama-3.1-8B-Instruct,21,22,0.6774193548387096,False,unit_normalized,category,CO,mean_coverage,0.7419366240501404
Meta-Llama-3.1-8B-Instruct,21,22,0.6774193548387096,False,unit_normalized,category,CO,minimum_coverage,0.5596007704734802
Meta-Llama-3.1-8B-Instruct,21,22,0.6774193548387096,False,unit_normalized,category,CO,coverage_standard_deviation,0.1579085886478424
Meta-Llama-3.1-8B-Instruct,21,22,0.6774193548387096,False,unit_normalized,category,CO,resultant_length,0.7419365644454956
Meta-Llama-3.1-8B-Instruct,21,22,0.6774193548387096,False,unit_normalized,category,MG,mean_coverage,0.8297064900398254
Meta-Llama-3.1-8B-Instruct,21,22,0.6774193548387096,False,unit_normalized,category,MG,minimum_coverage,0.7917267084121704
Meta-Llama-3.1-8B-Instruct,21,22,0.6774193548387096,False,unit_normalized,category,MG,coverage_standard_deviation,0.048033520579338074
Meta-Llama-3.1-8B-Instruct,21,22,0.6774193548387096,False,unit_normalized,category,MG,resultant_length,0.8297064304351807
Meta-Llama-3.1-8B-Instruct,21,22,0.6774193548387096,False,raw_magnitude,mechanism,prefix_injection,C_k,0.8352653384208679
Meta-Llama-3.1-8B-Instruct,21,22,0.6774193548387096,False,raw_magnitude,mechanism,prefix_injection,parallel_energy_fraction,0.697668185567327
Meta-Llama-3.1-8B-Instruct,21,22,0.6774193548387096,False,raw_magnitude,mechanism,prefix_injection,residual_energy_fraction,0.302331814432673
Meta-Llama-3.1-8B-Instruct,21,22,0.6774193548387096,False,raw_magnitude,mechanism,refusal_suppression,C_k,0.5760165452957153
Meta-Llama-3.1-8B-Instruct,21,22,0.6774193548387096,False,raw_magnitude,mechanism,refusal_suppression,parallel_energy_fraction,0.3317950604544109
Meta-Llama-3.1-8B-Instruct,21,22,0.6774193548387096,False,raw_magnitude,mechanism,refusal_suppression,residual_energy_fraction,0.6682049395455891
Meta-Llama-3.1-8B-Instruct,21,22,0.6774193548387096,False,raw_magnitude,mechanism,persona_roleplay,C_k,0.8131718635559082
Meta-Llama-3.1-8B-Instruct,21,22,0.6774193548387096,False,raw_magnitude,mechanism,persona_roleplay,parallel_energy_fraction,0.6612484796789886
Meta-Llama-3.1-8B-Instruct,21,22,0.6774193548387096,False,raw_magnitude,mechanism,persona_roleplay,residual_energy_fraction,0.3387515203210114
Meta-Llama-3.1-8B-Instruct,21,22,0.6774193548387096,False,raw_magnitude,mechanism,encoding_obfuscation,C_k,0.8704358339309692
Meta-Llama-3.1-8B-Instruct,21,22,0.6774193548387096,False,raw_magnitude,mechanism,encoding_obfuscation,parallel_energy_fraction,0.7576585409911019
Meta-Llama-3.1-8B-Instruct,21,22,0.6774193548387096,False,raw_magnitude,mechanism,encoding_obfuscation,residual_energy_fraction,0.24234145900889814
Meta-Llama-3.1-8B-Instruct,21,22,0.6774193548387096,False,raw_magnitude,mechanism,payload_splitting,C_k,0.8562637567520142
Meta-Llama-3.1-8B-Instruct,21,22,0.6774193548387096,False,raw_magnitude,mechanism,payload_splitting,parallel_energy_fraction,0.7331876211270725
Meta-Llama-3.1-8B-Instruct,21,22,0.6774193548387096,False,raw_magnitude,mechanism,payload_splitting,residual_energy_fraction,0.2668123788729275
Meta-Llama-3.1-8B-Instruct,21,22,0.6774193548387096,False,raw_magnitude,mechanism,distractors_negated,C_k,0.7360182404518127
Meta-Llama-3.1-8B-Instruct,21,22,0.6774193548387096,False,raw_magnitude,mechanism,distractors_negated,parallel_energy_fraction,0.5417228502777824
Meta-Llama-3.1-8B-Instruct,21,22,0.6774193548387096,False,raw_magnitude,mechanism,distractors_negated,residual_energy_fraction,0.45827714972221756
Meta-Llama-3.1-8B-Instruct,21,22,0.6774193548387096,False,raw_magnitude,category,CO,mean_coverage,0.7414845824241638
Meta-Llama-3.1-8B-Instruct,21,22,0.6774193548387096,False,raw_magnitude,category,CO,minimum_coverage,0.5760165452957153
Meta-Llama-3.1-8B-Instruct,21,22,0.6774193548387096,False,raw_magnitude,category,CO,coverage_standard_deviation,0.14372467994689941
Meta-Llama-3.1-8B-Instruct,21,22,0.6774193548387096,False,raw_magnitude,category,CO,resultant_length,0.7419365644454956
Meta-Llama-3.1-8B-Instruct,21,22,0.6774193548387096,False,raw_magnitude,category,MG,mean_coverage,0.8209059238433838
Meta-Llama-3.1-8B-Instruct,21,22,0.6774193548387096,False,raw_magnitude,category,MG,minimum_coverage,0.7360182404518127
Meta-Llama-3.1-8B-Instruct,21,22,0.6774193548387096,False,raw_magnitude,category,MG,coverage_standard_deviation,0.07385562360286713
Meta-Llama-3.1-8B-Instruct,21,22,0.6774193548387096,False,raw_magnitude,category,MG,resultant_length,0.8297064304351807
Meta-Llama-3.1-8B-Instruct,22,23,0.7096774193548387,False,unit_normalized,mechanism,prefix_injection,C_k,0.8311058282852173
Meta-Llama-3.1-8B-Instruct,22,23,0.7096774193548387,False,unit_normalized,mechanism,prefix_injection,parallel_energy_fraction,0.6907368978096571
Meta-Llama-3.1-8B-Instruct,22,23,0.7096774193548387,False,unit_normalized,mechanism,prefix_injection,residual_energy_fraction,0.3092631021903429
Meta-Llama-3.1-8B-Instruct,22,23,0.7096774193548387,False,unit_normalized,mechanism,refusal_suppression,C_k,0.5471180081367493
Meta-Llama-3.1-8B-Instruct,22,23,0.7096774193548387,False,unit_normalized,mechanism,refusal_suppression,parallel_energy_fraction,0.29933811482752404
Meta-Llama-3.1-8B-Instruct,22,23,0.7096774193548387,False,unit_normalized,mechanism,refusal_suppression,residual_energy_fraction,0.700661885172476
Meta-Llama-3.1-8B-Instruct,22,23,0.7096774193548387,False,unit_normalized,mechanism,persona_roleplay,C_k,0.8300361037254333
Meta-Llama-3.1-8B-Instruct,22,23,0.7096774193548387,False,unit_normalized,mechanism,persona_roleplay,parallel_energy_fraction,0.6889599334876984
Meta-Llama-3.1-8B-Instruct,22,23,0.7096774193548387,False,unit_normalized,mechanism,persona_roleplay,residual_energy_fraction,0.31104006651230165
Meta-Llama-3.1-8B-Instruct,22,23,0.7096774193548387,False,unit_normalized,mechanism,encoding_obfuscation,C_k,0.7975953817367554
Meta-Llama-3.1-8B-Instruct,22,23,0.7096774193548387,False,unit_normalized,mechanism,encoding_obfuscation,parallel_energy_fraction,0.6361583929678005
Meta-Llama-3.1-8B-Instruct,22,23,0.7096774193548387,False,unit_normalized,mechanism,encoding_obfuscation,residual_energy_fraction,0.3638416070321995
Meta-Llama-3.1-8B-Instruct,22,23,0.7096774193548387,False,unit_normalized,mechanism,payload_splitting,C_k,0.8870458006858826
Meta-Llama-3.1-8B-Instruct,22,23,0.7096774193548387,False,unit_normalized,mechanism,payload_splitting,parallel_energy_fraction,0.7868502525144585
Meta-Llama-3.1-8B-Instruct,22,23,0.7096774193548387,False,unit_normalized,mechanism,payload_splitting,residual_energy_fraction,0.2131497474855415
Meta-Llama-3.1-8B-Instruct,22,23,0.7096774193548387,False,unit_normalized,mechanism,distractors_negated,C_k,0.8172549605369568
Meta-Llama-3.1-8B-Instruct,22,23,0.7096774193548387,False,unit_normalized,mechanism,distractors_negated,parallel_energy_fraction,0.6679056705222628
Meta-Llama-3.1-8B-Instruct,22,23,0.7096774193548387,False,unit_normalized,mechanism,distractors_negated,residual_energy_fraction,0.3320943294777372
Meta-Llama-3.1-8B-Instruct,22,23,0.7096774193548387,False,unit_normalized,category,CO,mean_coverage,0.7360866665840149
Meta-Llama-3.1-8B-Instruct,22,23,0.7096774193548387,False,unit_normalized,category,CO,minimum_coverage,0.5471180081367493
Meta-Llama-3.1-8B-Instruct,22,23,0.7096774193548387,False,unit_normalized,category,CO,coverage_standard_deviation,0.16365250945091248
Meta-Llama-3.1-8B-Instruct,22,23,0.7096774193548387,False,unit_normalized,category,CO,resultant_length,0.7360865473747253
Meta-Llama-3.1-8B-Instruct,22,23,0.7096774193548387,False,unit_normalized,category,MG,mean_coverage,0.8339653611183167
Meta-Llama-3.1-8B-Instruct,22,23,0.7096774193548387,False,unit_normalized,category,MG,minimum_coverage,0.7975953817367554
Meta-Llama-3.1-8B-Instruct,22,23,0.7096774193548387,False,unit_normalized,category,MG,coverage_standard_deviation,0.047008223831653595
Meta-Llama-3.1-8B-Instruct,22,23,0.7096774193548387,False,unit_normalized,category,MG,resultant_length,0.8339654207229614
Meta-Llama-3.1-8B-Instruct,22,23,0.7096774193548387,False,raw_magnitude,mechanism,prefix_injection,C_k,0.8351648449897766
Meta-Llama-3.1-8B-Instruct,22,23,0.7096774193548387,False,raw_magnitude,mechanism,prefix_injection,parallel_energy_fraction,0.6975003183067976
Meta-Llama-3.1-8B-Instruct,22,23,0.7096774193548387,False,raw_magnitude,mechanism,prefix_injection,residual_energy_fraction,0.3024996816932024
Meta-Llama-3.1-8B-Instruct,22,23,0.7096774193548387,False,raw_magnitude,mechanism,refusal_suppression,C_k,0.5580369234085083
Meta-Llama-3.1-8B-Instruct,22,23,0.7096774193548387,False,raw_magnitude,mechanism,refusal_suppression,parallel_energy_fraction,0.31140520788723336
Meta-Llama-3.1-8B-Instruct,22,23,0.7096774193548387,False,raw_magnitude,mechanism,refusal_suppression,residual_energy_fraction,0.6885947921127666
Meta-Llama-3.1-8B-Instruct,22,23,0.7096774193548387,False,raw_magnitude,mechanism,persona_roleplay,C_k,0.8140416145324707
Meta-Llama-3.1-8B-Instruct,22,23,0.7096774193548387,False,raw_magnitude,mechanism,persona_roleplay,parallel_energy_fraction,0.6626637501906316
Meta-Llama-3.1-8B-Instruct,22,23,0.7096774193548387,False,raw_magnitude,mechanism,persona_roleplay,residual_energy_fraction,0.3373362498093684
Meta-Llama-3.1-8B-Instruct,22,23,0.7096774193548387,False,raw_magnitude,mechanism,encoding_obfuscation,C_k,0.8773953914642334
Meta-Llama-3.1-8B-Instruct,22,23,0.7096774193548387,False,raw_magnitude,mechanism,encoding_obfuscation,parallel_energy_fraction,0.7698226729626754
Meta-Llama-3.1-8B-Instruct,22,23,0.7096774193548387,False,raw_magnitude,mechanism,encoding_obfuscation,residual_energy_fraction,0.23017732703732463
Meta-Llama-3.1-8B-Instruct,22,23,0.7096774193548387,False,raw_magnitude,mechanism,payload_splitting,C_k,0.8598787784576416
Meta-Llama-3.1-8B-Instruct,22,23,0.7096774193548387,False,raw_magnitude,mechanism,payload_splitting,parallel_energy_fraction,0.7393915136418059
Meta-Llama-3.1-8B-Instruct,22,23,0.7096774193548387,False,raw_magnitude,mechanism,payload_splitting,residual_energy_fraction,0.2606084863581941
Meta-Llama-3.1-8B-Instruct,22,23,0.7096774193548387,False,raw_magnitude,mechanism,distractors_negated,C_k,0.7360830903053284
Meta-Llama-3.1-8B-Instruct,22,23,0.7096774193548387,False,raw_magnitude,mechanism,distractors_negated,parallel_energy_fraction,0.5418183158334422
Meta-Llama-3.1-8B-Instruct,22,23,0.7096774193548387,False,raw_magnitude,mechanism,distractors_negated,residual_energy_fraction,0.4581816841665578
Meta-Llama-3.1-8B-Instruct,22,23,0.7096774193548387,False,raw_magnitude,category,CO,mean_coverage,0.7357478141784668
Meta-Llama-3.1-8B-Instruct,22,23,0.7096774193548387,False,raw_magnitude,category,CO,minimum_coverage,0.5580369234085083
Meta-Llama-3.1-8B-Instruct,22,23,0.7096774193548387,False,raw_magnitude,category,CO,coverage_standard_deviation,0.15426410734653473
Meta-Llama-3.1-8B-Instruct,22,23,0.7096774193548387,False,raw_magnitude,category,CO,resultant_length,0.7360865473747253
Meta-Llama-3.1-8B-Instruct,22,23,0.7096774193548387,False,raw_magnitude,category,MG,mean_coverage,0.8244524002075195
Meta-Llama-3.1-8B-Instruct,22,23,0.7096774193548387,False,raw_magnitude,category,MG,minimum_coverage,0.7360830903053284
Meta-Llama-3.1-8B-Instruct,22,23,0.7096774193548387,False,raw_magnitude,category,MG,coverage_standard_deviation,0.07702961564064026
Meta-Llama-3.1-8B-Instruct,22,23,0.7096774193548387,False,raw_magnitude,category,MG,resultant_length,0.8339654207229614
Meta-Llama-3.1-8B-Instruct,23,24,0.7419354838709677,False,unit_normalized,mechanism,prefix_injection,C_k,0.8338462114334106
Meta-Llama-3.1-8B-Instruct,23,24,0.7419354838709677,False,unit_normalized,mechanism,prefix_injection,parallel_energy_fraction,0.6952995043218522
Meta-Llama-3.1-8B-Instruct,23,24,0.7419354838709677,False,unit_normalized,mechanism,prefix_injection,residual_energy_fraction,0.30470049567814783
Meta-Llama-3.1-8B-Instruct,23,24,0.7419354838709677,False,unit_normalized,mechanism,refusal_suppression,C_k,0.5050297975540161
Meta-Llama-3.1-8B-Instruct,23,24,0.7419354838709677,False,unit_normalized,mechanism,refusal_suppression,parallel_energy_fraction,0.2550550964174505
Meta-Llama-3.1-8B-Instruct,23,24,0.7419354838709677,False,unit_normalized,mechanism,refusal_suppression,residual_energy_fraction,0.7449449035825495
Meta-Llama-3.1-8B-Instruct,23,24,0.7419354838709677,False,unit_normalized,mechanism,persona_roleplay,C_k,0.8238616585731506
Meta-Llama-3.1-8B-Instruct,23,24,0.7419354838709677,False,unit_normalized,mechanism,persona_roleplay,parallel_energy_fraction,0.6787480324669026
Meta-Llama-3.1-8B-Instruct,23,24,0.7419354838709677,False,unit_normalized,mechanism,persona_roleplay,residual_energy_fraction,0.32125196753309737
Meta-Llama-3.1-8B-Instruct,23,24,0.7419354838709677,False,unit_normalized,mechanism,encoding_obfuscation,C_k,0.79270339012146
Meta-Llama-3.1-8B-Instruct,23,24,0.7419354838709677,False,unit_normalized,mechanism,encoding_obfuscation,parallel_energy_fraction,0.6283786647100555
Meta-Llama-3.1-8B-Instruct,23,24,0.7419354838709677,False,unit_normalized,mechanism,encoding_obfuscation,residual_energy_fraction,0.37162133528994445
Meta-Llama-3.1-8B-Instruct,23,24,0.7419354838709677,False,unit_normalized,mechanism,payload_splitting,C_k,0.8872981667518616
Meta-Llama-3.1-8B-Instruct,23,24,0.7419354838709677,False,unit_normalized,mechanism,payload_splitting,parallel_energy_fraction,0.7872980367212143
Meta-Llama-3.1-8B-Instruct,23,24,0.7419354838709677,False,unit_normalized,mechanism,payload_splitting,residual_energy_fraction,0.21270196327878566
Meta-Llama-3.1-8B-Instruct,23,24,0.7419354838709677,False,unit_normalized,mechanism,distractors_negated,C_k,0.8237383365631104
Meta-Llama-3.1-8B-Instruct,23,24,0.7419354838709677,False,unit_normalized,mechanism,distractors_negated,parallel_energy_fraction,0.6785448471237601
Meta-Llama-3.1-8B-Instruct,23,24,0.7419354838709677,False,unit_normalized,mechanism,distractors_negated,residual_energy_fraction,0.32145515287623994
Meta-Llama-3.1-8B-Instruct,23,24,0.7419354838709677,False,unit_normalized,category,CO,mean_coverage,0.720912516117096
Meta-Llama-3.1-8B-Instruct,23,24,0.7419354838709677,False,unit_normalized,category,CO,minimum_coverage,0.5050297975540161
Meta-Llama-3.1-8B-Instruct,23,24,0.7419354838709677,False,unit_normalized,category,CO,coverage_standard_deviation,0.18702659010887146
Meta-Llama-3.1-8B-Instruct,23,24,0.7419354838709677,False,unit_normalized,category,CO,resultant_length,0.720912516117096
Meta-Llama-3.1-8B-Instruct,23,24,0.7419354838709677,False,unit_normalized,category,MG,mean_coverage,0.8345799446105957
Meta-Llama-3.1-8B-Instruct,23,24,0.7419354838709677,False,unit_normalized,category,MG,minimum_coverage,0.79270339012146
Meta-Llama-3.1-8B-Instruct,23,24,0.7419354838709677,False,unit_normalized,category,MG,coverage_standard_deviation,0.04822031408548355
Meta-Llama-3.1-8B-Instruct,23,24,0.7419354838709677,False,unit_normalized,category,MG,resultant_length,0.8345798850059509
Meta-Llama-3.1-8B-Instruct,23,24,0.7419354838709677,False,raw_magnitude,mechanism,prefix_injection,C_k,0.8463947772979736
Meta-Llama-3.1-8B-Instruct,23,24,0.7419354838709677,False,raw_magnitude,mechanism,prefix_injection,parallel_energy_fraction,0.7163841190372864
Meta-Llama-3.1-8B-Instruct,23,24,0.7419354838709677,False,raw_magnitude,mechanism,prefix_injection,residual_energy_fraction,0.2836158809627136
Meta-Llama-3.1-8B-Instruct,23,24,0.7419354838709677,False,raw_magnitude,mechanism,refusal_suppression,C_k,0.5002303123474121
Meta-Llama-3.1-8B-Instruct,23,24,0.7419354838709677,False,raw_magnitude,mechanism,refusal_suppression,parallel_energy_fraction,0.2502303653911895
Meta-Llama-3.1-8B-Instruct,23,24,0.7419354838709677,False,raw_magnitude,mechanism,refusal_suppression,residual_energy_fraction,0.7497696346088105
Meta-Llama-3.1-8B-Instruct,23,24,0.7419354838709677,False,raw_magnitude,mechanism,persona_roleplay,C_k,0.8151029944419861
Meta-Llama-3.1-8B-Instruct,23,24,0.7419354838709677,False,raw_magnitude,mechanism,persona_roleplay,parallel_energy_fraction,0.6643928915482924
Meta-Llama-3.1-8B-Instruct,23,24,0.7419354838709677,False,raw_magnitude,mechanism,persona_roleplay,residual_energy_fraction,0.3356071084517076
Meta-Llama-3.1-8B-Instruct,23,24,0.7419354838709677,False,raw_magnitude,mechanism,encoding_obfuscation,C_k,0.8767330646514893
Meta-Llama-3.1-8B-Instruct,23,24,0.7419354838709677,False,raw_magnitude,mechanism,encoding_obfuscation,parallel_energy_fraction,0.7686608666531924
Meta-Llama-3.1-8B-Instruct,23,24,0.7419354838709677,False,raw_magnitude,mechanism,encoding_obfuscation,residual_energy_fraction,0.23133913334680756
Meta-Llama-3.1-8B-Instruct,23,24,0.7419354838709677,False,raw_magnitude,mechanism,payload_splitting,C_k,0.8560261726379395
Meta-Llama-3.1-8B-Instruct,23,24,0.7419354838709677,False,raw_magnitude,mechanism,payload_splitting,parallel_energy_fraction,0.7327808082411593
Meta-Llama-3.1-8B-Instruct,23,24,0.7419354838709677,False,raw_magnitude,mechanism,payload_splitting,residual_energy_fraction,0.2672191917588407
Meta-Llama-3.1-8B-Instruct,23,24,0.7419354838709677,False,raw_magnitude,mechanism,distractors_negated,C_k,0.7398177981376648
Meta-Llama-3.1-8B-Instruct,23,24,0.7419354838709677,False,raw_magnitude,mechanism,distractors_negated,parallel_energy_fraction,0.5473303744412625
Meta-Llama-3.1-8B-Instruct,23,24,0.7419354838709677,False,raw_magnitude,mechanism,distractors_negated,residual_energy_fraction,0.45266962555873747
Meta-Llama-3.1-8B-Instruct,23,24,0.7419354838709677,False,raw_magnitude,category,CO,mean_coverage,0.7205760478973389
Meta-Llama-3.1-8B-Instruct,23,24,0.7419354838709677,False,raw_magnitude,category,CO,minimum_coverage,0.5002303123474121
Meta-Llama-3.1-8B-Instruct,23,24,0.7419354838709677,False,raw_magnitude,category,CO,coverage_standard_deviation,0.1914653182029724
Meta-Llama-3.1-8B-Instruct,23,24,0.7419354838709677,False,raw_magnitude,category,CO,resultant_length,0.720912516117096
Meta-Llama-3.1-8B-Instruct,23,24,0.7419354838709677,False,raw_magnitude,category,MG,mean_coverage,0.8241923451423645
Meta-Llama-3.1-8B-Instruct,23,24,0.7419354838709677,False,raw_magnitude,category,MG,minimum_coverage,0.7398177981376648
Meta-Llama-3.1-8B-Instruct,23,24,0.7419354838709677,False,raw_magnitude,category,MG,coverage_standard_deviation,0.07380035519599915
Meta-Llama-3.1-8B-Instruct,23,24,0.7419354838709677,False,raw_magnitude,category,MG,resultant_length,0.8345798850059509
Meta-Llama-3.1-8B-Instruct,24,25,0.7741935483870968,False,unit_normalized,mechanism,prefix_injection,C_k,0.8363585472106934
Meta-Llama-3.1-8B-Instruct,24,25,0.7741935483870968,False,unit_normalized,mechanism,prefix_injection,parallel_energy_fraction,0.6994956194923816
Meta-Llama-3.1-8B-Instruct,24,25,0.7741935483870968,False,unit_normalized,mechanism,prefix_injection,residual_energy_fraction,0.3005043805076184
Meta-Llama-3.1-8B-Instruct,24,25,0.7741935483870968,False,unit_normalized,mechanism,refusal_suppression,C_k,0.4966804087162018
Meta-Llama-3.1-8B-Instruct,24,25,0.7741935483870968,False,unit_normalized,mechanism,refusal_suppression,parallel_energy_fraction,0.24669142840249325
Meta-Llama-3.1-8B-Instruct,24,25,0.7741935483870968,False,unit_normalized,mechanism,refusal_suppression,residual_energy_fraction,0.7533085715975067
Meta-Llama-3.1-8B-Instruct,24,25,0.7741935483870968,False,unit_normalized,mechanism,persona_roleplay,C_k,0.8179597854614258
Meta-Llama-3.1-8B-Instruct,24,25,0.7741935483870968,False,unit_normalized,mechanism,persona_roleplay,parallel_energy_fraction,0.6690582106321017
Meta-Llama-3.1-8B-Instruct,24,25,0.7741935483870968,False,unit_normalized,mechanism,persona_roleplay,residual_energy_fraction,0.3309417893678983
Meta-Llama-3.1-8B-Instruct,24,25,0.7741935483870968,False,unit_normalized,mechanism,encoding_obfuscation,C_k,0.7860311269760132
Meta-Llama-3.1-8B-Instruct,24,25,0.7741935483870968,False,unit_normalized,mechanism,encoding_obfuscation,parallel_energy_fraction,0.6178449325751814
Meta-Llama-3.1-8B-Instruct,24,25,0.7741935483870968,False,unit_normalized,mechanism,encoding_obfuscation,residual_energy_fraction,0.38215506742481864
Meta-Llama-3.1-8B-Instruct,24,25,0.7741935483870968,False,unit_normalized,mechanism,payload_splitting,C_k,0.8847347497940063
Meta-Llama-3.1-8B-Instruct,24,25,0.7741935483870968,False,unit_normalized,mechanism,payload_splitting,parallel_energy_fraction,0.782755577493063
Meta-Llama-3.1-8B-Instruct,24,25,0.7741935483870968,False,unit_normalized,mechanism,payload_splitting,residual_energy_fraction,0.21724442250693698
Meta-Llama-3.1-8B-Instruct,24,25,0.7741935483870968,False,unit_normalized,mechanism,distractors_negated,C_k,0.819688081741333
Meta-Llama-3.1-8B-Instruct,24,25,0.7741935483870968,False,unit_normalized,mechanism,distractors_negated,parallel_energy_fraction,0.6718885513487862
Meta-Llama-3.1-8B-Instruct,24,25,0.7741935483870968,False,unit_normalized,mechanism,distractors_negated,residual_energy_fraction,0.3281114486512138
Meta-Llama-3.1-8B-Instruct,24,25,0.7741935483870968,False,unit_normalized,category,CO,mean_coverage,0.7169995307922363
Meta-Llama-3.1-8B-Instruct,24,25,0.7741935483870968,False,unit_normalized,category,CO,minimum_coverage,0.4966804087162018
Meta-Llama-3.1-8B-Instruct,24,25,0.7741935483870968,False,unit_normalized,category,CO,coverage_standard_deviation,0.19102364778518677
Meta-Llama-3.1-8B-Instruct,24,25,0.7741935483870968,False,unit_normalized,category,CO,resultant_length,0.7169996500015259
Meta-Llama-3.1-8B-Instruct,24,25,0.7741935483870968,False,unit_normalized,category,MG,mean_coverage,0.8301513195037842
Meta-Llama-3.1-8B-Instruct,24,25,0.7741935483870968,False,unit_normalized,category,MG,minimum_coverage,0.7860311269760132
Meta-Llama-3.1-8B-Instruct,24,25,0.7741935483870968,False,unit_normalized,category,MG,coverage_standard_deviation,0.050176795572042465
Meta-Llama-3.1-8B-Instruct,24,25,0.7741935483870968,False,unit_normalized,category,MG,resultant_length,0.8301513195037842
Meta-Llama-3.1-8B-Instruct,24,25,0.7741935483870968,False,raw_magnitude,mechanism,prefix_injection,C_k,0.8468496203422546
Meta-Llama-3.1-8B-Instruct,24,25,0.7741935483870968,False,raw_magnitude,mechanism,prefix_injection,parallel_energy_fraction,0.7171542794738208
Meta-Llama-3.1-8B-Instruct,24,25,0.7741935483870968,False,raw_magnitude,mechanism,prefix_injection,residual_energy_fraction,0.2828457205261792
Meta-Llama-3.1-8B-Instruct,24,25,0.7741935483870968,False,raw_magnitude,mechanism,refusal_suppression,C_k,0.49381667375564575
Meta-Llama-3.1-8B-Instruct,24,25,0.7741935483870968,False,raw_magnitude,mechanism,refusal_suppression,parallel_energy_fraction,0.24385490727908987
Meta-Llama-3.1-8B-Instruct,24,25,0.7741935483870968,False,raw_magnitude,mechanism,refusal_suppression,residual_energy_fraction,0.7561450927209101
Meta-Llama-3.1-8B-Instruct,24,25,0.7741935483870968,False,raw_magnitude,mechanism,persona_roleplay,C_k,0.8095574378967285
Meta-Llama-3.1-8B-Instruct,24,25,0.7741935483870968,False,raw_magnitude,mechanism,persona_roleplay,parallel_energy_fraction,0.6553832452539154
Meta-Llama-3.1-8B-Instruct,24,25,0.7741935483870968,False,raw_magnitude,mechanism,persona_roleplay,residual_energy_fraction,0.34461675474608455
Meta-Llama-3.1-8B-Instruct,24,25,0.7741935483870968,False,raw_magnitude,mechanism,encoding_obfuscation,C_k,0.8736478090286255
Meta-Llama-3.1-8B-Instruct,24,25,0.7741935483870968,False,raw_magnitude,mechanism,encoding_obfuscation,parallel_energy_fraction,0.7632604942205177
Meta-Llama-3.1-8B-Instruct,24,25,0.7741935483870968,False,raw_magnitude,mechanism,encoding_obfuscation,residual_energy_fraction,0.23673950577948233
Meta-Llama-3.1-8B-Instruct,24,25,0.7741935483870968,False,raw_magnitude,mechanism,payload_splitting,C_k,0.851486086845398
Meta-Llama-3.1-8B-Instruct,24,25,0.7741935483870968,False,raw_magnitude,mechanism,payload_splitting,parallel_energy_fraction,0.7250285560912886
Meta-Llama-3.1-8B-Instruct,24,25,0.7741935483870968,False,raw_magnitude,mechanism,payload_splitting,residual_energy_fraction,0.2749714439087114
Meta-Llama-3.1-8B-Instruct,24,25,0.7741935483870968,False,raw_magnitude,mechanism,distractors_negated,C_k,0.7325651049613953
Meta-Llama-3.1-8B-Instruct,24,25,0.7741935483870968,False,raw_magnitude,mechanism,distractors_negated,parallel_energy_fraction,0.5366516330071001
Meta-Llama-3.1-8B-Instruct,24,25,0.7741935483870968,False,raw_magnitude,mechanism,distractors_negated,residual_energy_fraction,0.46334836699289994
Meta-Llama-3.1-8B-Instruct,24,25,0.7741935483870968,False,raw_magnitude,category,CO,mean_coverage,0.7167412638664246
Meta-Llama-3.1-8B-Instruct,24,25,0.7741935483870968,False,raw_magnitude,category,CO,minimum_coverage,0.49381667375564575
Meta-Llama-3.1-8B-Instruct,24,25,0.7741935483870968,False,raw_magnitude,category,CO,coverage_standard_deviation,0.19395670294761658
Meta-Llama-3.1-8B-Instruct,24,25,0.7741935483870968,False,raw_magnitude,category,CO,resultant_length,0.7169996500015259
Meta-Llama-3.1-8B-Instruct,24,25,0.7741935483870968,False,raw_magnitude,category,MG,mean_coverage,0.8192330002784729
Meta-Llama-3.1-8B-Instruct,24,25,0.7741935483870968,False,raw_magnitude,category,MG,minimum_coverage,0.7325651049613953
Meta-Llama-3.1-8B-Instruct,24,25,0.7741935483870968,False,raw_magnitude,category,MG,coverage_standard_deviation,0.07587014138698578
Meta-Llama-3.1-8B-Instruct,24,25,0.7741935483870968,False,raw_magnitude,category,MG,resultant_length,0.8301513195037842
Meta-Llama-3.1-8B-Instruct,25,26,0.8064516129032258,False,unit_normalized,mechanism,prefix_injection,C_k,0.8368716835975647
Meta-Llama-3.1-8B-Instruct,25,26,0.8064516129032258,False,unit_normalized,mechanism,prefix_injection,parallel_energy_fraction,0.7003542148074224
Meta-Llama-3.1-8B-Instruct,25,26,0.8064516129032258,False,unit_normalized,mechanism,prefix_injection,residual_energy_fraction,0.29964578519257756
Meta-Llama-3.1-8B-Instruct,25,26,0.8064516129032258,False,unit_normalized,mechanism,refusal_suppression,C_k,0.47470784187316895
Meta-Llama-3.1-8B-Instruct,25,26,0.8064516129032258,False,unit_normalized,mechanism,refusal_suppression,parallel_energy_fraction,0.22534753513588157
Meta-Llama-3.1-8B-Instruct,25,26,0.8064516129032258,False,unit_normalized,mechanism,refusal_suppression,residual_energy_fraction,0.7746524648641184
Meta-Llama-3.1-8B-Instruct,25,26,0.8064516129032258,False,unit_normalized,mechanism,persona_roleplay,C_k,0.812058687210083
Meta-Llama-3.1-8B-Instruct,25,26,0.8064516129032258,False,unit_normalized,mechanism,persona_roleplay,parallel_energy_fraction,0.6594393114733634
Meta-Llama-3.1-8B-Instruct,25,26,0.8064516129032258,False,unit_normalized,mechanism,persona_roleplay,residual_energy_fraction,0.34056068852663657
Meta-Llama-3.1-8B-Instruct,25,26,0.8064516129032258,False,unit_normalized,mechanism,encoding_obfuscation,C_k,0.7784609198570251
Meta-Llama-3.1-8B-Instruct,25,26,0.8064516129032258,False,unit_normalized,mechanism,encoding_obfuscation,parallel_energy_fraction,0.6060014037446457
Meta-Llama-3.1-8B-Instruct,25,26,0.8064516129032258,False,unit_normalized,mechanism,encoding_obfuscation,residual_energy_fraction,0.39399859625535427
Meta-Llama-3.1-8B-Instruct,25,26,0.8064516129032258,False,unit_normalized,mechanism,payload_splitting,C_k,0.8814176321029663
Meta-Llama-3.1-8B-Instruct,25,26,0.8064516129032258,False,unit_normalized,mechanism,payload_splitting,parallel_energy_fraction,0.7768970421820001
Meta-Llama-3.1-8B-Instruct,25,26,0.8064516129032258,False,unit_normalized,mechanism,payload_splitting,residual_energy_fraction,0.22310295781799994
Meta-Llama-3.1-8B-Instruct,25,26,0.8064516129032258,False,unit_normalized,mechanism,distractors_negated,C_k,0.8210350275039673
Meta-Llama-3.1-8B-Instruct,25,26,0.8064516129032258,False,unit_normalized,mechanism,distractors_negated,parallel_energy_fraction,0.6740985163884403
Meta-Llama-3.1-8B-Instruct,25,26,0.8064516129032258,False,unit_normalized,mechanism,distractors_negated,residual_energy_fraction,0.3259014836115597
Meta-Llama-3.1-8B-Instruct,25,26,0.8064516129032258,False,unit_normalized,category,CO,mean_coverage,0.707879364490509
Meta-Llama-3.1-8B-Instruct,25,26,0.8064516129032258,False,unit_normalized,category,CO,minimum_coverage,0.47470784187316895
Meta-Llama-3.1-8B-Instruct,25,26,0.8064516129032258,False,unit_normalized,category,CO,coverage_standard_deviation,0.20231325924396515
Meta-Llama-3.1-8B-Instruct,25,26,0.8064516129032258,False,unit_normalized,category,CO,resultant_length,0.7078793048858643
Meta-Llama-3.1-8B-Instruct,25,26,0.8064516129032258,False,unit_normalized,category,MG,mean_coverage,0.8269712328910828
Meta-Llama-3.1-8B-Instruct,25,26,0.8064516129032258,False,unit_normalized,category,MG,minimum_coverage,0.7784609198570251
Meta-Llama-3.1-8B-Instruct,25,26,0.8064516129032258,False,unit_normalized,category,MG,coverage_standard_deviation,0.05173441395163536
Meta-Llama-3.1-8B-Instruct,25,26,0.8064516129032258,False,unit_normalized,category,MG,resultant_length,0.8269710540771484
Meta-Llama-3.1-8B-Instruct,25,26,0.8064516129032258,False,raw_magnitude,mechanism,prefix_injection,C_k,0.8466624617576599
Meta-Llama-3.1-8B-Instruct,25,26,0.8064516129032258,False,raw_magnitude,mechanism,prefix_injection,parallel_energy_fraction,0.7168373241495409
Meta-Llama-3.1-8B-Instruct,25,26,0.8064516129032258,False,raw_magnitude,mechanism,prefix_injection,residual_energy_fraction,0.28316267585045907
Meta-Llama-3.1-8B-Instruct,25,26,0.8064516129032258,False,raw_magnitude,mechanism,refusal_suppression,C_k,0.4720838963985443
Meta-Llama-3.1-8B-Instruct,25,26,0.8064516129032258,False,raw_magnitude,mechanism,refusal_suppression,parallel_energy_fraction,0.22286320523883152
Meta-Llama-3.1-8B-Instruct,25,26,0.8064516129032258,False,raw_magnitude,mechanism,refusal_suppression,residual_energy_fraction,0.7771367947611685
Meta-Llama-3.1-8B-Instruct,25,26,0.8064516129032258,False,raw_magnitude,mechanism,persona_roleplay,C_k,0.8042171597480774
Meta-Llama-3.1-8B-Instruct,25,26,0.8064516129032258,False,raw_magnitude,mechanism,persona_roleplay,parallel_energy_fraction,0.6467652400332646
Meta-Llama-3.1-8B-Instruct,25,26,0.8064516129032258,False,raw_magnitude,mechanism,persona_roleplay,residual_energy_fraction,0.35323475996673537
Meta-Llama-3.1-8B-Instruct,25,26,0.8064516129032258,False,raw_magnitude,mechanism,encoding_obfuscation,C_k,0.8711675405502319
Meta-Llama-3.1-8B-Instruct,25,26,0.8064516129032258,False,raw_magnitude,mechanism,encoding_obfuscation,parallel_energy_fraction,0.75893288370834
Meta-Llama-3.1-8B-Instruct,25,26,0.8064516129032258,False,raw_magnitude,mechanism,encoding_obfuscation,residual_energy_fraction,0.24106711629166
Meta-Llama-3.1-8B-Instruct,25,26,0.8064516129032258,False,raw_magnitude,mechanism,payload_splitting,C_k,0.843966007232666
Meta-Llama-3.1-8B-Instruct,25,26,0.8064516129032258,False,raw_magnitude,mechanism,payload_splitting,parallel_energy_fraction,0.7122786213642485
Meta-Llama-3.1-8B-Instruct,25,26,0.8064516129032258,False,raw_magnitude,mechanism,payload_splitting,residual_energy_fraction,0.28772137863575153
Meta-Llama-3.1-8B-Instruct,25,26,0.8064516129032258,False,raw_magnitude,mechanism,distractors_negated,C_k,0.7302091121673584
Meta-Llama-3.1-8B-Instruct,25,26,0.8064516129032258,False,raw_magnitude,mechanism,distractors_negated,parallel_energy_fraction,0.5332053474922418
Meta-Llama-3.1-8B-Instruct,25,26,0.8064516129032258,False,raw_magnitude,mechanism,distractors_negated,residual_energy_fraction,0.4667946525077582
Meta-Llama-3.1-8B-Instruct,25,26,0.8064516129032258,False,raw_magnitude,category,CO,mean_coverage,0.7076544761657715
Meta-Llama-3.1-8B-Instruct,25,26,0.8064516129032258,False,raw_magnitude,category,CO,minimum_coverage,0.4720838963985443
Meta-Llama-3.1-8B-Instruct,25,26,0.8064516129032258,False,raw_magnitude,category,CO,coverage_standard_deviation,0.20511102676391602
Meta-Llama-3.1-8B-Instruct,25,26,0.8064516129032258,False,raw_magnitude,category,CO,resultant_length,0.7078793048858643
Meta-Llama-3.1-8B-Instruct,25,26,0.8064516129032258,False,raw_magnitude,category,MG,mean_coverage,0.8151142001152039
Meta-Llama-3.1-8B-Instruct,25,26,0.8064516129032258,False,raw_magnitude,category,MG,minimum_coverage,0.7302091121673584
Meta-Llama-3.1-8B-Instruct,25,26,0.8064516129032258,False,raw_magnitude,category,MG,coverage_standard_deviation,0.0747772604227066
Meta-Llama-3.1-8B-Instruct,25,26,0.8064516129032258,False,raw_magnitude,category,MG,resultant_length,0.8269710540771484
Meta-Llama-3.1-8B-Instruct,26,27,0.8387096774193549,False,unit_normalized,mechanism,prefix_injection,C_k,0.8407683968544006
Meta-Llama-3.1-8B-Instruct,26,27,0.8387096774193549,False,unit_normalized,mechanism,prefix_injection,parallel_energy_fraction,0.7068914971491189
Meta-Llama-3.1-8B-Instruct,26,27,0.8387096774193549,False,unit_normalized,mechanism,prefix_injection,residual_energy_fraction,0.2931085028508811
Meta-Llama-3.1-8B-Instruct,26,27,0.8387096774193549,False,unit_normalized,mechanism,refusal_suppression,C_k,0.49104559421539307
Meta-Llama-3.1-8B-Instruct,26,27,0.8387096774193549,False,unit_normalized,mechanism,refusal_suppression,parallel_energy_fraction,0.24112577559834847
Meta-Llama-3.1-8B-Instruct,26,27,0.8387096774193549,False,unit_normalized,mechanism,refusal_suppression,residual_energy_fraction,0.7588742244016515
Meta-Llama-3.1-8B-Instruct,26,27,0.8387096774193549,False,unit_normalized,mechanism,persona_roleplay,C_k,0.8122531771659851
Meta-Llama-3.1-8B-Instruct,26,27,0.8387096774193549,False,unit_normalized,mechanism,persona_roleplay,parallel_energy_fraction,0.6597552238162372
Meta-Llama-3.1-8B-Instruct,26,27,0.8387096774193549,False,unit_normalized,mechanism,persona_roleplay,residual_energy_fraction,0.3402447761837628
Meta-Llama-3.1-8B-Instruct,26,27,0.8387096774193549,False,unit_normalized,mechanism,encoding_obfuscation,C_k,0.7789713144302368
Meta-Llama-3.1-8B-Instruct,26,27,0.8387096774193549,False,unit_normalized,mechanism,encoding_obfuscation,parallel_energy_fraction,0.6067963087051709
Meta-Llama-3.1-8B-Instruct,26,27,0.8387096774193549,False,unit_normalized,mechanism,encoding_obfuscation,residual_energy_fraction,0.3932036912948291
Meta-Llama-3.1-8B-Instruct,26,27,0.8387096774193549,False,unit_normalized,mechanism,payload_splitting,C_k,0.8817341327667236
Meta-Llama-3.1-8B-Instruct,26,27,0.8387096774193549,False,unit_normalized,mechanism,payload_splitting,parallel_energy_fraction,0.7774550808858862
Meta-Llama-3.1-8B-Instruct,26,27,0.8387096774193549,False,unit_normalized,mechanism,payload_splitting,residual_energy_fraction,0.22254491911411378
Meta-Llama-3.1-8B-Instruct,26,27,0.8387096774193549,False,unit_normalized,mechanism,distractors_negated,C_k,0.8280696272850037
Meta-Llama-3.1-8B-Instruct,26,27,0.8387096774193549,False,unit_normalized,mechanism,distractors_negated,parallel_energy_fraction,0.6856993076319249
Meta-Llama-3.1-8B-Instruct,26,27,0.8387096774193549,False,unit_normalized,mechanism,distractors_negated,residual_energy_fraction,0.3143006923680751
Meta-Llama-3.1-8B-Instruct,26,27,0.8387096774193549,False,unit_normalized,category,CO,mean_coverage,0.7146890759468079
Meta-Llama-3.1-8B-Instruct,26,27,0.8387096774193549,False,unit_normalized,category,CO,minimum_coverage,0.49104559421539307
Meta-Llama-3.1-8B-Instruct,26,27,0.8387096774193549,False,unit_normalized,category,CO,coverage_standard_deviation,0.19420498609542847
Meta-Llama-3.1-8B-Instruct,26,27,0.8387096774193549,False,unit_normalized,category,CO,resultant_length,0.7146891355514526
Meta-Llama-3.1-8B-Instruct,26,27,0.8387096774193549,False,unit_normalized,category,MG,mean_coverage,0.829591691493988
Meta-Llama-3.1-8B-Instruct,26,27,0.8387096774193549,False,unit_normalized,category,MG,minimum_coverage,0.7789713144302368
Meta-Llama-3.1-8B-Instruct,26,27,0.8387096774193549,False,unit_normalized,category,MG,coverage_standard_deviation,0.05139831453561783
Meta-Llama-3.1-8B-Instruct,26,27,0.8387096774193549,False,unit_normalized,category,MG,resultant_length,0.8295917510986328
Meta-Llama-3.1-8B-Instruct,26,27,0.8387096774193549,False,raw_magnitude,mechanism,prefix_injection,C_k,0.8561007976531982
Meta-Llama-3.1-8B-Instruct,26,27,0.8387096774193549,False,raw_magnitude,mechanism,prefix_injection,parallel_energy_fraction,0.7329085757424423
Meta-Llama-3.1-8B-Instruct,26,27,0.8387096774193549,False,raw_magnitude,mechanism,prefix_injection,residual_energy_fraction,0.2670914242575577
Meta-Llama-3.1-8B-Instruct,26,27,0.8387096774193549,False,raw_magnitude,mechanism,refusal_suppression,C_k,0.47616732120513916
Meta-Llama-3.1-8B-Instruct,26,27,0.8387096774193549,False,raw_magnitude,mechanism,refusal_suppression,parallel_energy_fraction,0.22673531778367817
Meta-Llama-3.1-8B-Instruct,26,27,0.8387096774193549,False,raw_magnitude,mechanism,refusal_suppression,residual_energy_fraction,0.7732646822163218
Meta-Llama-3.1-8B-Instruct,26,27,0.8387096774193549,False,raw_magnitude,mechanism,persona_roleplay,C_k,0.8108320832252502
Meta-Llama-3.1-8B-Instruct,26,27,0.8387096774193549,False,raw_magnitude,mechanism,persona_roleplay,parallel_energy_fraction,0.6574486671873991
Meta-Llama-3.1-8B-Instruct,26,27,0.8387096774193549,False,raw_magnitude,mechanism,persona_roleplay,residual_energy_fraction,0.34255133281260086
Meta-Llama-3.1-8B-Instruct,26,27,0.8387096774193549,False,raw_magnitude,mechanism,encoding_obfuscation,C_k,0.8721578121185303
Meta-Llama-3.1-8B-Instruct,26,27,0.8387096774193549,False,raw_magnitude,mechanism,encoding_obfuscation,parallel_energy_fraction,0.7606592492393816
Meta-Llama-3.1-8B-Instruct,26,27,0.8387096774193549,False,raw_magnitude,mechanism,encoding_obfuscation,residual_energy_fraction,0.23934075076061845
Meta-Llama-3.1-8B-Instruct,26,27,0.8387096774193549,False,raw_magnitude,mechanism,payload_splitting,C_k,0.841998279094696
Meta-Llama-3.1-8B-Instruct,26,27,0.8387096774193549,False,raw_magnitude,mechanism,payload_splitting,parallel_energy_fraction,0.7089611019984297
Meta-Llama-3.1-8B-Instruct,26,27,0.8387096774193549,False,raw_magnitude,mechanism,payload_splitting,residual_energy_fraction,0.29103889800157035
Meta-Llama-3.1-8B-Instruct,26,27,0.8387096774193549,False,raw_magnitude,mechanism,distractors_negated,C_k,0.7385057210922241
Meta-Llama-3.1-8B-Instruct,26,27,0.8387096774193549,False,raw_magnitude,mechanism,distractors_negated,parallel_energy_fraction,0.5453907000859459
Meta-Llama-3.1-8B-Instruct,26,27,0.8387096774193549,False,raw_magnitude,mechanism,distractors_negated,residual_energy_fraction,0.4546092999140541
Meta-Llama-3.1-8B-Instruct,26,27,0.8387096774193549,False,raw_magnitude,category,CO,mean_coverage,0.7143667340278625
Meta-Llama-3.1-8B-Instruct,26,27,0.8387096774193549,False,raw_magnitude,category,CO,minimum_coverage,0.47616732120513916
Meta-Llama-3.1-8B-Instruct,26,27,0.8387096774193549,False,raw_magnitude,category,CO,coverage_standard_deviation,0.20752477645874023
Meta-Llama-3.1-8B-Instruct,26,27,0.8387096774193549,False,raw_magnitude,category,CO,resultant_length,0.7146891355514526
Meta-Llama-3.1-8B-Instruct,26,27,0.8387096774193549,False,raw_magnitude,category,MG,mean_coverage,0.8175539970397949
Meta-Llama-3.1-8B-Instruct,26,27,0.8387096774193549,False,raw_magnitude,category,MG,minimum_coverage,0.7385057210922241
Meta-Llama-3.1-8B-Instruct,26,27,0.8387096774193549,False,raw_magnitude,category,MG,coverage_standard_deviation,0.07009896636009216
Meta-Llama-3.1-8B-Instruct,26,27,0.8387096774193549,False,raw_magnitude,category,MG,resultant_length,0.8295917510986328
Meta-Llama-3.1-8B-Instruct,27,28,0.8709677419354839,False,unit_normalized,mechanism,prefix_injection,C_k,0.8401646018028259
Meta-Llama-3.1-8B-Instruct,27,28,0.8709677419354839,False,unit_normalized,mechanism,prefix_injection,parallel_energy_fraction,0.705876558122501
Meta-Llama-3.1-8B-Instruct,27,28,0.8709677419354839,False,unit_normalized,mechanism,prefix_injection,residual_energy_fraction,0.29412344187749895
Meta-Llama-3.1-8B-Instruct,27,28,0.8709677419354839,False,unit_normalized,mechanism,refusal_suppression,C_k,0.4903625547885895
Meta-Llama-3.1-8B-Instruct,27,28,0.8709677419354839,False,unit_normalized,mechanism,refusal_suppression,parallel_energy_fraction,0.24045543513879242
Meta-Llama-3.1-8B-Instruct,27,28,0.8709677419354839,False,unit_normalized,mechanism,refusal_suppression,residual_energy_fraction,0.7595445648612076
Meta-Llama-3.1-8B-Instruct,27,28,0.8709677419354839,False,unit_normalized,mechanism,persona_roleplay,C_k,0.8105821013450623
Meta-Llama-3.1-8B-Instruct,27,28,0.8709677419354839,False,unit_normalized,mechanism,persona_roleplay,parallel_energy_fraction,0.6570433430209768
Meta-Llama-3.1-8B-Instruct,27,28,0.8709677419354839,False,unit_normalized,mechanism,persona_roleplay,residual_energy_fraction,0.3429566569790232
Meta-Llama-3.1-8B-Instruct,27,28,0.8709677419354839,False,unit_normalized,mechanism,encoding_obfuscation,C_k,0.7764557600021362
Meta-Llama-3.1-8B-Instruct,27,28,0.8709677419354839,False,unit_normalized,mechanism,encoding_obfuscation,parallel_energy_fraction,0.602883547240495
Meta-Llama-3.1-8B-Instruct,27,28,0.8709677419354839,False,unit_normalized,mechanism,encoding_obfuscation,residual_energy_fraction,0.397116452759505
Meta-Llama-3.1-8B-Instruct,27,28,0.8709677419354839,False,unit_normalized,mechanism,payload_splitting,C_k,0.882787823677063
Meta-Llama-3.1-8B-Instruct,27,28,0.8709677419354839,False,unit_normalized,mechanism,payload_splitting,parallel_energy_fraction,0.7793143416324853
Meta-Llama-3.1-8B-Instruct,27,28,0.8709677419354839,False,unit_normalized,mechanism,payload_splitting,residual_energy_fraction,0.22068565836751475
Meta-Llama-3.1-8B-Instruct,27,28,0.8709677419354839,False,unit_normalized,mechanism,distractors_negated,C_k,0.8252893090248108
Meta-Llama-3.1-8B-Instruct,27,28,0.8709677419354839,False,unit_normalized,mechanism,distractors_negated,parallel_energy_fraction,0.6811024435906496
Meta-Llama-3.1-8B-Instruct,27,28,0.8709677419354839,False,unit_normalized,mechanism,distractors_negated,residual_energy_fraction,0.31889755640935036
Meta-Llama-3.1-8B-Instruct,27,28,0.8709677419354839,False,unit_normalized,category,CO,mean_coverage,0.7137030959129333
Meta-Llama-3.1-8B-Instruct,27,28,0.8709677419354839,False,unit_normalized,category,CO,minimum_coverage,0.4903625547885895
Meta-Llama-3.1-8B-Instruct,27,28,0.8709677419354839,False,unit_normalized,category,CO,coverage_standard_deviation,0.1939833164215088
Meta-Llama-3.1-8B-Instruct,27,28,0.8709677419354839,False,unit_normalized,category,CO,resultant_length,0.7137030363082886
Meta-Llama-3.1-8B-Instruct,27,28,0.8709677419354839,False,unit_normalized,category,MG,mean_coverage,0.8281776309013367
Meta-Llama-3.1-8B-Instruct,27,28,0.8709677419354839,False,unit_normalized,category,MG,minimum_coverage,0.7764557600021362
Meta-Llama-3.1-8B-Instruct,27,28,0.8709677419354839,False,unit_normalized,category,MG,coverage_standard_deviation,0.0532248429954052
Meta-Llama-3.1-8B-Instruct,27,28,0.8709677419354839,False,unit_normalized,category,MG,resultant_length,0.8281775712966919
Meta-Llama-3.1-8B-Instruct,27,28,0.8709677419354839,False,raw_magnitude,mechanism,prefix_injection,C_k,0.8561537265777588
Meta-Llama-3.1-8B-Instruct,27,28,0.8709677419354839,False,raw_magnitude,mechanism,prefix_injection,parallel_energy_fraction,0.7329992035329838
Meta-Llama-3.1-8B-Instruct,27,28,0.8709677419354839,False,raw_magnitude,mechanism,prefix_injection,residual_energy_fraction,0.26700079646701624
Meta-Llama-3.1-8B-Instruct,27,28,0.8709677419354839,False,raw_magnitude,mechanism,refusal_suppression,C_k,0.47393178939819336
Meta-Llama-3.1-8B-Instruct,27,28,0.8709677419354839,False,raw_magnitude,mechanism,refusal_suppression,parallel_energy_fraction,0.2246113410021735
Meta-Llama-3.1-8B-Instruct,27,28,0.8709677419354839,False,raw_magnitude,mechanism,refusal_suppression,residual_energy_fraction,0.7753886589978265
Meta-Llama-3.1-8B-Instruct,27,28,0.8709677419354839,False,raw_magnitude,mechanism,persona_roleplay,C_k,0.8100037574768066
Meta-Llama-3.1-8B-Instruct,27,28,0.8709677419354839,False,raw_magnitude,mechanism,persona_roleplay,parallel_energy_fraction,0.6561060871265454
Meta-Llama-3.1-8B-Instruct,27,28,0.8709677419354839,False,raw_magnitude,mechanism,persona_roleplay,residual_energy_fraction,0.3438939128734546
Meta-Llama-3.1-8B-Instruct,27,28,0.8709677419354839,False,raw_magnitude,mechanism,encoding_obfuscation,C_k,0.8712297677993774
Meta-Llama-3.1-8B-Instruct,27,28,0.8709677419354839,False,raw_magnitude,mechanism,encoding_obfuscation,parallel_energy_fraction,0.7590413082997571
Meta-Llama-3.1-8B-Instruct,27,28,0.8709677419354839,False,raw_magnitude,mechanism,encoding_obfuscation,residual_energy_fraction,0.24095869170024287
Meta-Llama-3.1-8B-Instruct,27,28,0.8709677419354839,False,raw_magnitude,mechanism,payload_splitting,C_k,0.8421339988708496
Meta-Llama-3.1-8B-Instruct,27,28,0.8709677419354839,False,raw_magnitude,mechanism,payload_splitting,parallel_energy_fraction,0.7091896720542081
Meta-Llama-3.1-8B-Instruct,27,28,0.8709677419354839,False,raw_magnitude,mechanism,payload_splitting,residual_energy_fraction,0.29081032794579187
Meta-Llama-3.1-8B-Instruct,27,28,0.8709677419354839,False,raw_magnitude,mechanism,distractors_negated,C_k,0.7344147562980652
Meta-Llama-3.1-8B-Instruct,27,28,0.8709677419354839,False,raw_magnitude,mechanism,distractors_negated,parallel_energy_fraction,0.5393650342683465
Meta-Llama-3.1-8B-Instruct,27,28,0.8709677419354839,False,raw_magnitude,mechanism,distractors_negated,residual_energy_fraction,0.4606349657316535
Meta-Llama-3.1-8B-Instruct,27,28,0.8709677419354839,False,raw_magnitude,category,CO,mean_coverage,0.7133631110191345
Meta-Llama-3.1-8B-Instruct,27,28,0.8709677419354839,False,raw_magnitude,category,CO,minimum_coverage,0.47393178939819336
Meta-Llama-3.1-8B-Instruct,27,28,0.8709677419354839,False,raw_magnitude,category,CO,coverage_standard_deviation,0.20863357186317444
Meta-Llama-3.1-8B-Instruct,27,28,0.8709677419354839,False,raw_magnitude,category,CO,resultant_length,0.7137030363082886
Meta-Llama-3.1-8B-Instruct,27,28,0.8709677419354839,False,raw_magnitude,category,MG,mean_coverage,0.8159261345863342
Meta-Llama-3.1-8B-Instruct,27,28,0.8709677419354839,False,raw_magnitude,category,MG,minimum_coverage,0.7344147562980652
Meta-Llama-3.1-8B-Instruct,27,28,0.8709677419354839,False,raw_magnitude,category,MG,coverage_standard_deviation,0.07207443565130234
Meta-Llama-3.1-8B-Instruct,27,28,0.8709677419354839,False,raw_magnitude,category,MG,resultant_length,0.8281775712966919
Meta-Llama-3.1-8B-Instruct,28,29,0.9032258064516129,False,unit_normalized,mechanism,prefix_injection,C_k,0.8413378596305847
Meta-Llama-3.1-8B-Instruct,28,29,0.9032258064516129,False,unit_normalized,mechanism,prefix_injection,parallel_energy_fraction,0.7078493940477735
Meta-Llama-3.1-8B-Instruct,28,29,0.9032258064516129,False,unit_normalized,mechanism,prefix_injection,residual_energy_fraction,0.2921506059522265
Meta-Llama-3.1-8B-Instruct,28,29,0.9032258064516129,False,unit_normalized,mechanism,refusal_suppression,C_k,0.48718881607055664
Meta-Llama-3.1-8B-Instruct,28,29,0.9032258064516129,False,unit_normalized,mechanism,refusal_suppression,parallel_energy_fraction,0.23735294250423067
Meta-Llama-3.1-8B-Instruct,28,29,0.9032258064516129,False,unit_normalized,mechanism,refusal_suppression,residual_energy_fraction,0.7626470574957693
Meta-Llama-3.1-8B-Instruct,28,29,0.9032258064516129,False,unit_normalized,mechanism,persona_roleplay,C_k,0.7984545230865479
Meta-Llama-3.1-8B-Instruct,28,29,0.9032258064516129,False,unit_normalized,mechanism,persona_roleplay,parallel_energy_fraction,0.6375296254373666
Meta-Llama-3.1-8B-Instruct,28,29,0.9032258064516129,False,unit_normalized,mechanism,persona_roleplay,residual_energy_fraction,0.3624703745626334
Meta-Llama-3.1-8B-Instruct,28,29,0.9032258064516129,False,unit_normalized,mechanism,encoding_obfuscation,C_k,0.7713674902915955
Meta-Llama-3.1-8B-Instruct,28,29,0.9032258064516129,False,unit_normalized,mechanism,encoding_obfuscation,parallel_energy_fraction,0.5950078050787546
Meta-Llama-3.1-8B-Instruct,28,29,0.9032258064516129,False,unit_normalized,mechanism,encoding_obfuscation,residual_energy_fraction,0.4049921949212454
Meta-Llama-3.1-8B-Instruct,28,29,0.9032258064516129,False,unit_normalized,mechanism,payload_splitting,C_k,0.8812857866287231
Meta-Llama-3.1-8B-Instruct,28,29,0.9032258064516129,False,unit_normalized,mechanism,payload_splitting,parallel_energy_fraction,0.7766646377138073
Meta-Llama-3.1-8B-Instruct,28,29,0.9032258064516129,False,unit_normalized,mechanism,payload_splitting,residual_energy_fraction,0.22333536228619266
Meta-Llama-3.1-8B-Instruct,28,29,0.9032258064516129,False,unit_normalized,mechanism,distractors_negated,C_k,0.8249139189720154
Meta-Llama-3.1-8B-Instruct,28,29,0.9032258064516129,False,unit_normalized,mechanism,distractors_negated,parallel_energy_fraction,0.6804829737137688
Meta-Llama-3.1-8B-Instruct,28,29,0.9032258064516129,False,unit_normalized,mechanism,distractors_negated,residual_energy_fraction,0.31951702628623124
Meta-Llama-3.1-8B-Instruct,28,29,0.9032258064516129,False,unit_normalized,category,CO,mean_coverage,0.7089937329292297
Meta-Llama-3.1-8B-Instruct,28,29,0.9032258064516129,False,unit_normalized,category,CO,minimum_coverage,0.48718881607055664
Meta-Llama-3.1-8B-Instruct,28,29,0.9032258064516129,False,unit_normalized,category,CO,coverage_standard_deviation,0.19328169524669647
Meta-Llama-3.1-8B-Instruct,28,29,0.9032258064516129,False,unit_normalized,category,CO,resultant_length,0.7089937329292297
Meta-Llama-3.1-8B-Instruct,28,29,0.9032258064516129,False,unit_normalized,category,MG,mean_coverage,0.8258557319641113
Meta-Llama-3.1-8B-Instruct,28,29,0.9032258064516129,False,unit_normalized,category,MG,minimum_coverage,0.7713674902915955
Meta-Llama-3.1-8B-Instruct,28,29,0.9032258064516129,False,unit_normalized,category,MG,coverage_standard_deviation,0.05496520176529884
Meta-Llama-3.1-8B-Instruct,28,29,0.9032258064516129,False,unit_normalized,category,MG,resultant_length,0.8258557319641113
Meta-Llama-3.1-8B-Instruct,28,29,0.9032258064516129,False,raw_magnitude,mechanism,prefix_injection,C_k,0.8632089495658875
Meta-Llama-3.1-8B-Instruct,28,29,0.9032258064516129,False,raw_magnitude,mechanism,prefix_injection,parallel_energy_fraction,0.7451296906106428
Meta-Llama-3.1-8B-Instruct,28,29,0.9032258064516129,False,raw_magnitude,mechanism,prefix_injection,residual_energy_fraction,0.2548703093893572
Meta-Llama-3.1-8B-Instruct,28,29,0.9032258064516129,False,raw_magnitude,mechanism,refusal_suppression,C_k,0.4596681594848633
Meta-Llama-3.1-8B-Instruct,28,29,0.9032258064516129,False,raw_magnitude,mechanism,refusal_suppression,parallel_energy_fraction,0.2112948168442017
Meta-Llama-3.1-8B-Instruct,28,29,0.9032258064516129,False,raw_magnitude,mechanism,refusal_suppression,residual_energy_fraction,0.7887051831557983
Meta-Llama-3.1-8B-Instruct,28,29,0.9032258064516129,False,raw_magnitude,mechanism,persona_roleplay,C_k,0.8022423982620239
Meta-Llama-3.1-8B-Instruct,28,29,0.9032258064516129,False,raw_magnitude,mechanism,persona_roleplay,parallel_energy_fraction,0.6435928655692038
Meta-Llama-3.1-8B-Instruct,28,29,0.9032258064516129,False,raw_magnitude,mechanism,persona_roleplay,residual_energy_fraction,0.3564071344307962
Meta-Llama-3.1-8B-Instruct,28,29,0.9032258064516129,False,raw_magnitude,mechanism,encoding_obfuscation,C_k,0.8670623898506165
Meta-Llama-3.1-8B-Instruct,28,29,0.9032258064516129,False,raw_magnitude,mechanism,encoding_obfuscation,parallel_energy_fraction,0.7517971878934624
Meta-Llama-3.1-8B-Instruct,28,29,0.9032258064516129,False,raw_magnitude,mechanism,encoding_obfuscation,residual_energy_fraction,0.2482028121065376
Meta-Llama-3.1-8B-Instruct,28,29,0.9032258064516129,False,raw_magnitude,mechanism,payload_splitting,C_k,0.839996337890625
Meta-Llama-3.1-8B-Instruct,28,29,0.9032258064516129,False,raw_magnitude,mechanism,payload_splitting,parallel_energy_fraction,0.705593847669661
Meta-Llama-3.1-8B-Instruct,28,29,0.9032258064516129,False,raw_magnitude,mechanism,payload_splitting,residual_energy_fraction,0.29440615233033895
Meta-Llama-3.1-8B-Instruct,28,29,0.9032258064516129,False,raw_magnitude,mechanism,distractors_negated,C_k,0.7339997291564941
Meta-Llama-3.1-8B-Instruct,28,29,0.9032258064516129,False,raw_magnitude,mechanism,distractors_negated,parallel_energy_fraction,0.5387556024018068
Meta-Llama-3.1-8B-Instruct,28,29,0.9032258064516129,False,raw_magnitude,mechanism,distractors_negated,residual_energy_fraction,0.46124439759819325
Meta-Llama-3.1-8B-Instruct,28,29,0.9032258064516129,False,raw_magnitude,category,CO,mean_coverage,0.7083732485771179
Meta-Llama-3.1-8B-Instruct,28,29,0.9032258064516129,False,raw_magnitude,category,CO,minimum_coverage,0.4596681594848633
Meta-Llama-3.1-8B-Instruct,28,29,0.9032258064516129,False,raw_magnitude,category,CO,coverage_standard_deviation,0.21753129363059998
Meta-Llama-3.1-8B-Instruct,28,29,0.9032258064516129,False,raw_magnitude,category,CO,resultant_length,0.7089937329292297
Meta-Llama-3.1-8B-Instruct,28,29,0.9032258064516129,False,raw_magnitude,category,MG,mean_coverage,0.8136861324310303
Meta-Llama-3.1-8B-Instruct,28,29,0.9032258064516129,False,raw_magnitude,category,MG,minimum_coverage,0.7339997291564941
Meta-Llama-3.1-8B-Instruct,28,29,0.9032258064516129,False,raw_magnitude,category,MG,coverage_standard_deviation,0.0703248679637909
Meta-Llama-3.1-8B-Instruct,28,29,0.9032258064516129,False,raw_magnitude,category,MG,resultant_length,0.8258557319641113
Meta-Llama-3.1-8B-Instruct,29,30,0.9354838709677419,False,unit_normalized,mechanism,prefix_injection,C_k,0.8428199291229248
Meta-Llama-3.1-8B-Instruct,29,30,0.9354838709677419,False,unit_normalized,mechanism,prefix_injection,parallel_energy_fraction,0.710345432926772
Meta-Llama-3.1-8B-Instruct,29,30,0.9354838709677419,False,unit_normalized,mechanism,prefix_injection,residual_energy_fraction,0.289654567073228
Meta-Llama-3.1-8B-Instruct,29,30,0.9354838709677419,False,unit_normalized,mechanism,refusal_suppression,C_k,0.5031045079231262
Meta-Llama-3.1-8B-Instruct,29,30,0.9354838709677419,False,unit_normalized,mechanism,refusal_suppression,parallel_energy_fraction,0.253114145892571
Meta-Llama-3.1-8B-Instruct,29,30,0.9354838709677419,False,unit_normalized,mechanism,refusal_suppression,residual_energy_fraction,0.746885854107429
Meta-Llama-3.1-8B-Instruct,29,30,0.9354838709677419,False,unit_normalized,mechanism,persona_roleplay,C_k,0.8072421550750732
Meta-Llama-3.1-8B-Instruct,29,30,0.9354838709677419,False,unit_normalized,mechanism,persona_roleplay,parallel_energy_fraction,0.6516398969302486
Meta-Llama-3.1-8B-Instruct,29,30,0.9354838709677419,False,unit_normalized,mechanism,persona_roleplay,residual_energy_fraction,0.3483601030697514
Meta-Llama-3.1-8B-Instruct,29,30,0.9354838709677419,False,unit_normalized,mechanism,encoding_obfuscation,C_k,0.7744983434677124
Meta-Llama-3.1-8B-Instruct,29,30,0.9354838709677419,False,unit_normalized,mechanism,encoding_obfuscation,parallel_energy_fraction,0.5998476840342306
Meta-Llama-3.1-8B-Instruct,29,30,0.9354838709677419,False,unit_normalized,mechanism,encoding_obfuscation,residual_energy_fraction,0.4001523159657694
Meta-Llama-3.1-8B-Instruct,29,30,0.9354838709677419,False,unit_normalized,mechanism,payload_splitting,C_k,0.8846619725227356
Meta-Llama-3.1-8B-Instruct,29,30,0.9354838709677419,False,unit_normalized,mechanism,payload_splitting,parallel_energy_fraction,0.7826268056278174
Meta-Llama-3.1-8B-Instruct,29,30,0.9354838709677419,False,unit_normalized,mechanism,payload_splitting,residual_energy_fraction,0.2173731943721826
Meta-Llama-3.1-8B-Instruct,29,30,0.9354838709677419,False,unit_normalized,mechanism,distractors_negated,C_k,0.8224095106124878
Meta-Llama-3.1-8B-Instruct,29,30,0.9354838709677419,False,unit_normalized,mechanism,distractors_negated,parallel_energy_fraction,0.6763574031458717
Meta-Llama-3.1-8B-Instruct,29,30,0.9354838709677419,False,unit_normalized,mechanism,distractors_negated,residual_energy_fraction,0.32364259685412833
Meta-Llama-3.1-8B-Instruct,29,30,0.9354838709677419,False,unit_normalized,category,CO,mean_coverage,0.7177221775054932
Meta-Llama-3.1-8B-Instruct,29,30,0.9354838709677419,False,unit_normalized,category,CO,minimum_coverage,0.5031045079231262
Meta-Llama-3.1-8B-Instruct,29,30,0.9354838709677419,False,unit_normalized,category,CO,coverage_standard_deviation,0.18671371042728424
Meta-Llama-3.1-8B-Instruct,29,30,0.9354838709677419,False,unit_normalized,category,CO,resultant_length,0.7177221775054932
Meta-Llama-3.1-8B-Instruct,29,30,0.9354838709677419,False,unit_normalized,category,MG,mean_coverage,0.8271899223327637
Meta-Llama-3.1-8B-Instruct,29,30,0.9354838709677419,False,unit_normalized,category,MG,minimum_coverage,0.7744983434677124
Meta-Llama-3.1-8B-Instruct,29,30,0.9354838709677419,False,unit_normalized,category,MG,coverage_standard_deviation,0.05523717775940895
Meta-Llama-3.1-8B-Instruct,29,30,0.9354838709677419,False,unit_normalized,category,MG,resultant_length,0.8271899819374084
Meta-Llama-3.1-8B-Instruct,29,30,0.9354838709677419,False,raw_magnitude,mechanism,prefix_injection,C_k,0.8707172274589539
Meta-Llama-3.1-8B-Instruct,29,30,0.9354838709677419,False,raw_magnitude,mechanism,prefix_injection,parallel_energy_fraction,0.7581484901938076
Meta-Llama-3.1-8B-Instruct,29,30,0.9354838709677419,False,raw_magnitude,mechanism,prefix_injection,residual_energy_fraction,0.2418515098061924
Meta-Llama-3.1-8B-Instruct,29,30,0.9354838709677419,False,raw_magnitude,mechanism,refusal_suppression,C_k,0.462257981300354
Meta-Llama-3.1-8B-Instruct,29,30,0.9354838709677419,False,raw_magnitude,mechanism,refusal_suppression,parallel_energy_fraction,0.21368244127587843
Meta-Llama-3.1-8B-Instruct,29,30,0.9354838709677419,False,raw_magnitude,mechanism,refusal_suppression,residual_energy_fraction,0.7863175587241216
Meta-Llama-3.1-8B-Instruct,29,30,0.9354838709677419,False,raw_magnitude,mechanism,persona_roleplay,C_k,0.8169319033622742
Meta-Llama-3.1-8B-Instruct,29,30,0.9354838709677419,False,raw_magnitude,mechanism,persona_roleplay,parallel_energy_fraction,0.6673777347311081
Meta-Llama-3.1-8B-Instruct,29,30,0.9354838709677419,False,raw_magnitude,mechanism,persona_roleplay,residual_energy_fraction,0.33262226526889194
Meta-Llama-3.1-8B-Instruct,29,30,0.9354838709677419,False,raw_magnitude,mechanism,encoding_obfuscation,C_k,0.866258978843689
Meta-Llama-3.1-8B-Instruct,29,30,0.9354838709677419,False,raw_magnitude,mechanism,encoding_obfuscation,parallel_energy_fraction,0.7504046184273108
Meta-Llama-3.1-8B-Instruct,29,30,0.9354838709677419,False,raw_magnitude,mechanism,encoding_obfuscation,residual_energy_fraction,0.24959538157268923
Meta-Llama-3.1-8B-Instruct,29,30,0.9354838709677419,False,raw_magnitude,mechanism,payload_splitting,C_k,0.8469989895820618
Meta-Llama-3.1-8B-Instruct,29,30,0.9354838709677419,False,raw_magnitude,mechanism,payload_splitting,parallel_energy_fraction,0.7174072883530336
Meta-Llama-3.1-8B-Instruct,29,30,0.9354838709677419,False,raw_magnitude,mechanism,payload_splitting,residual_energy_fraction,0.2825927116469664
Meta-Llama-3.1-8B-Instruct,29,30,0.9354838709677419,False,raw_magnitude,mechanism,distractors_negated,C_k,0.7345514893531799
Meta-Llama-3.1-8B-Instruct,29,30,0.9354838709677419,False,raw_magnitude,mechanism,distractors_negated,parallel_energy_fraction,0.5395658905109748
Meta-Llama-3.1-8B-Instruct,29,30,0.9354838709677419,False,raw_magnitude,mechanism,distractors_negated,residual_energy_fraction,0.4604341094890252
Meta-Llama-3.1-8B-Instruct,29,30,0.9354838709677419,False,raw_magnitude,category,CO,mean_coverage,0.7166357040405273
Meta-Llama-3.1-8B-Instruct,29,30,0.9354838709677419,False,raw_magnitude,category,CO,minimum_coverage,0.462257981300354
Meta-Llama-3.1-8B-Instruct,29,30,0.9354838709677419,False,raw_magnitude,category,CO,coverage_standard_deviation,0.22193294763565063
Meta-Llama-3.1-8B-Instruct,29,30,0.9354838709677419,False,raw_magnitude,category,CO,resultant_length,0.7177221775054932
Meta-Llama-3.1-8B-Instruct,29,30,0.9354838709677419,False,raw_magnitude,category,MG,mean_coverage,0.8159365057945251
Meta-Llama-3.1-8B-Instruct,29,30,0.9354838709677419,False,raw_magnitude,category,MG,minimum_coverage,0.7345514893531799
Meta-Llama-3.1-8B-Instruct,29,30,0.9354838709677419,False,raw_magnitude,category,MG,coverage_standard_deviation,0.07113631069660187
Meta-Llama-3.1-8B-Instruct,29,30,0.9354838709677419,False,raw_magnitude,category,MG,resultant_length,0.8271899819374084
Meta-Llama-3.1-8B-Instruct,30,31,0.967741935483871,False,unit_normalized,mechanism,prefix_injection,C_k,0.8499587178230286
Meta-Llama-3.1-8B-Instruct,30,31,0.967741935483871,False,unit_normalized,mechanism,prefix_injection,parallel_energy_fraction,0.7224298220033667
Meta-Llama-3.1-8B-Instruct,30,31,0.967741935483871,False,unit_normalized,mechanism,prefix_injection,residual_energy_fraction,0.2775701779966333
Meta-Llama-3.1-8B-Instruct,30,31,0.967741935483871,False,unit_normalized,mechanism,refusal_suppression,C_k,0.5322168469429016
Meta-Llama-3.1-8B-Instruct,30,31,0.967741935483871,False,unit_normalized,mechanism,refusal_suppression,parallel_energy_fraction,0.28325477216984396
Meta-Llama-3.1-8B-Instruct,30,31,0.967741935483871,False,unit_normalized,mechanism,refusal_suppression,residual_energy_fraction,0.716745227830156
Meta-Llama-3.1-8B-Instruct,30,31,0.967741935483871,False,unit_normalized,mechanism,persona_roleplay,C_k,0.8080227375030518
Meta-Llama-3.1-8B-Instruct,30,31,0.967741935483871,False,unit_normalized,mechanism,persona_roleplay,parallel_energy_fraction,0.6529007443219257
Meta-Llama-3.1-8B-Instruct,30,31,0.967741935483871,False,unit_normalized,mechanism,persona_roleplay,residual_energy_fraction,0.3470992556780743
Meta-Llama-3.1-8B-Instruct,30,31,0.967741935483871,False,unit_normalized,mechanism,encoding_obfuscation,C_k,0.7909596562385559
Meta-Llama-3.1-8B-Instruct,30,31,0.967741935483871,False,unit_normalized,mechanism,encoding_obfuscation,parallel_energy_fraction,0.6256171777970145
Meta-Llama-3.1-8B-Instruct,30,31,0.967741935483871,False,unit_normalized,mechanism,encoding_obfuscation,residual_energy_fraction,0.37438282220298547
Meta-Llama-3.1-8B-Instruct,30,31,0.967741935483871,False,unit_normalized,mechanism,payload_splitting,C_k,0.8933448791503906
Meta-Llama-3.1-8B-Instruct,30,31,0.967741935483871,False,unit_normalized,mechanism,payload_splitting,parallel_energy_fraction,0.798065073104226
Meta-Llama-3.1-8B-Instruct,30,31,0.967741935483871,False,unit_normalized,mechanism,payload_splitting,residual_energy_fraction,0.20193492689577397
Meta-Llama-3.1-8B-Instruct,30,31,0.967741935483871,False,unit_normalized,mechanism,distractors_negated,C_k,0.8367516994476318
Meta-Llama-3.1-8B-Instruct,30,31,0.967741935483871,False,unit_normalized,mechanism,distractors_negated,parallel_energy_fraction,0.7001534065285
Meta-Llama-3.1-8B-Instruct,30,31,0.967741935483871,False,unit_normalized,mechanism,distractors_negated,residual_energy_fraction,0.2998465934715
Meta-Llama-3.1-8B-Instruct,30,31,0.967741935483871,False,unit_normalized,category,CO,mean_coverage,0.7300661206245422
Meta-Llama-3.1-8B-Instruct,30,31,0.967741935483871,False,unit_normalized,category,CO,minimum_coverage,0.5322168469429016
Meta-Llama-3.1-8B-Instruct,30,31,0.967741935483871,False,unit_normalized,category,CO,coverage_standard_deviation,0.17262068390846252
Meta-Llama-3.1-8B-Instruct,30,31,0.967741935483871,False,unit_normalized,category,CO,resultant_length,0.7300660014152527
Meta-Llama-3.1-8B-Instruct,30,31,0.967741935483871,False,unit_normalized,category,MG,mean_coverage,0.8403520584106445
Meta-Llama-3.1-8B-Instruct,30,31,0.967741935483871,False,unit_normalized,category,MG,minimum_coverage,0.7909596562385559
Meta-Llama-3.1-8B-Instruct,30,31,0.967741935483871,False,unit_normalized,category,MG,coverage_standard_deviation,0.05128747969865799
Meta-Llama-3.1-8B-Instruct,30,31,0.967741935483871,False,unit_normalized,category,MG,resultant_length,0.8403520584106445
Meta-Llama-3.1-8B-Instruct,30,31,0.967741935483871,False,raw_magnitude,mechanism,prefix_injection,C_k,0.8788776993751526
Meta-Llama-3.1-8B-Instruct,30,31,0.967741935483871,False,raw_magnitude,mechanism,prefix_injection,parallel_energy_fraction,0.7724260104589611
Meta-Llama-3.1-8B-Instruct,30,31,0.967741935483871,False,raw_magnitude,mechanism,prefix_injection,residual_energy_fraction,0.2275739895410389
Meta-Llama-3.1-8B-Instruct,30,31,0.967741935483871,False,raw_magnitude,mechanism,refusal_suppression,C_k,0.4878610074520111
Meta-Llama-3.1-8B-Instruct,30,31,0.967741935483871,False,raw_magnitude,mechanism,refusal_suppression,parallel_energy_fraction,0.23800836259209124
Meta-Llama-3.1-8B-Instruct,30,31,0.967741935483871,False,raw_magnitude,mechanism,refusal_suppression,residual_energy_fraction,0.7619916374079088
Meta-Llama-3.1-8B-Instruct,30,31,0.967741935483871,False,raw_magnitude,mechanism,persona_roleplay,C_k,0.8196017742156982
Meta-Llama-3.1-8B-Instruct,30,31,0.967741935483871,False,raw_magnitude,mechanism,persona_roleplay,parallel_energy_fraction,0.6717470682975204
Meta-Llama-3.1-8B-Instruct,30,31,0.967741935483871,False,raw_magnitude,mechanism,persona_roleplay,residual_energy_fraction,0.3282529317024796
Meta-Llama-3.1-8B-Instruct,30,31,0.967741935483871,False,raw_magnitude,mechanism,encoding_obfuscation,C_k,0.8756861686706543
Meta-Llama-3.1-8B-Instruct,30,31,0.967741935483871,False,raw_magnitude,mechanism,encoding_obfuscation,parallel_energy_fraction,0.7668262660010896
Meta-Llama-3.1-8B-Instruct,30,31,0.967741935483871,False,raw_magnitude,mechanism,encoding_obfuscation,residual_energy_fraction,0.2331737339989104
Meta-Llama-3.1-8B-Instruct,30,31,0.967741935483871,False,raw_magnitude,mechanism,payload_splitting,C_k,0.8587331175804138
Meta-Llama-3.1-8B-Instruct,30,31,0.967741935483871,False,raw_magnitude,mechanism,payload_splitting,parallel_energy_fraction,0.7374225672293768
Meta-Llama-3.1-8B-Instruct,30,31,0.967741935483871,False,raw_magnitude,mechanism,payload_splitting,residual_energy_fraction,0.2625774327706232
Meta-Llama-3.1-8B-Instruct,30,31,0.967741935483871,False,raw_magnitude,mechanism,distractors_negated,C_k,0.7552289962768555
Meta-Llama-3.1-8B-Instruct,30,31,0.967741935483871,False,raw_magnitude,mechanism,distractors_negated,parallel_energy_fraction,0.5703708368173466
Meta-Llama-3.1-8B-Instruct,30,31,0.967741935483871,False,raw_magnitude,mechanism,distractors_negated,residual_energy_fraction,0.42962916318265343
Meta-Llama-3.1-8B-Instruct,30,31,0.967741935483871,False,raw_magnitude,category,CO,mean_coverage,0.7287800908088684
Meta-Llama-3.1-8B-Instruct,30,31,0.967741935483871,False,raw_magnitude,category,CO,minimum_coverage,0.4878610074520111
Meta-Llama-3.1-8B-Instruct,30,31,0.967741935483871,False,raw_magnitude,category,CO,coverage_standard_deviation,0.21073664724826813
Meta-Llama-3.1-8B-Instruct,30,31,0.967741935483871,False,raw_magnitude,category,CO,resultant_length,0.7300660014152527
Meta-Llama-3.1-8B-Instruct,30,31,0.967741935483871,False,raw_magnitude,category,MG,mean_coverage,0.829882800579071
Meta-Llama-3.1-8B-Instruct,30,31,0.967741935483871,False,raw_magnitude,category,MG,minimum_coverage,0.7552289962768555
Meta-Llama-3.1-8B-Instruct,30,31,0.967741935483871,False,raw_magnitude,category,MG,coverage_standard_deviation,0.06520536541938782
Meta-Llama-3.1-8B-Instruct,30,31,0.967741935483871,False,raw_magnitude,category,MG,resultant_length,0.8403520584106445
Meta-Llama-3.1-8B-Instruct,31,32,1.0,False,unit_normalized,mechanism,prefix_injection,C_k,0.8435584902763367
Meta-Llama-3.1-8B-Instruct,31,32,1.0,False,unit_normalized,mechanism,prefix_injection,parallel_energy_fraction,0.7115909265172924
Meta-Llama-3.1-8B-Instruct,31,32,1.0,False,unit_normalized,mechanism,prefix_injection,residual_energy_fraction,0.2884090734827076
Meta-Llama-3.1-8B-Instruct,31,32,1.0,False,unit_normalized,mechanism,refusal_suppression,C_k,0.5245854258537292
Meta-Llama-3.1-8B-Instruct,31,32,1.0,False,unit_normalized,mechanism,refusal_suppression,parallel_energy_fraction,0.27518986901813847
Meta-Llama-3.1-8B-Instruct,31,32,1.0,False,unit_normalized,mechanism,refusal_suppression,residual_energy_fraction,0.7248101309818615
Meta-Llama-3.1-8B-Instruct,31,32,1.0,False,unit_normalized,mechanism,persona_roleplay,C_k,0.8019593358039856
Meta-Llama-3.1-8B-Instruct,31,32,1.0,False,unit_normalized,mechanism,persona_roleplay,parallel_energy_fraction,0.6431387762831697
Meta-Llama-3.1-8B-Instruct,31,32,1.0,False,unit_normalized,mechanism,persona_roleplay,residual_energy_fraction,0.35686122371683027
Meta-Llama-3.1-8B-Instruct,31,32,1.0,False,unit_normalized,mechanism,encoding_obfuscation,C_k,0.7894085049629211
Meta-Llama-3.1-8B-Instruct,31,32,1.0,False,unit_normalized,mechanism,encoding_obfuscation,parallel_energy_fraction,0.6231657877077943
Meta-Llama-3.1-8B-Instruct,31,32,1.0,False,unit_normalized,mechanism,encoding_obfuscation,residual_energy_fraction,0.3768342122922057
Meta-Llama-3.1-8B-Instruct,31,32,1.0,False,unit_normalized,mechanism,payload_splitting,C_k,0.8929622769355774
Meta-Llama-3.1-8B-Instruct,31,32,1.0,False,unit_normalized,mechanism,payload_splitting,parallel_energy_fraction,0.7973816280299708
Meta-Llama-3.1-8B-Instruct,31,32,1.0,False,unit_normalized,mechanism,payload_splitting,residual_energy_fraction,0.2026183719700292
Meta-Llama-3.1-8B-Instruct,31,32,1.0,False,unit_normalized,mechanism,distractors_negated,C_k,0.834248960018158
Meta-Llama-3.1-8B-Instruct,31,32,1.0,False,unit_normalized,mechanism,distractors_negated,parallel_energy_fraction,0.6959713272913781
Meta-Llama-3.1-8B-Instruct,31,32,1.0,False,unit_normalized,mechanism,distractors_negated,residual_energy_fraction,0.3040286727086219
Meta-Llama-3.1-8B-Instruct,31,32,1.0,False,unit_normalized,category,CO,mean_coverage,0.7233677506446838
Meta-Llama-3.1-8B-Instruct,31,32,1.0,False,unit_normalized,category,CO,minimum_coverage,0.5245854258537292
Meta-Llama-3.1-8B-Instruct,31,32,1.0,False,unit_normalized,category,CO,coverage_standard_deviation,0.17340251803398132
Meta-Llama-3.1-8B-Instruct,31,32,1.0,False,unit_normalized,category,CO,resultant_length,0.7233678102493286
Meta-Llama-3.1-8B-Instruct,31,32,1.0,False,unit_normalized,category,MG,mean_coverage,0.8388732075691223
Meta-Llama-3.1-8B-Instruct,31,32,1.0,False,unit_normalized,category,MG,minimum_coverage,0.7894085049629211
Meta-Llama-3.1-8B-Instruct,31,32,1.0,False,unit_normalized,category,MG,coverage_standard_deviation,0.051931530237197876
Meta-Llama-3.1-8B-Instruct,31,32,1.0,False,unit_normalized,category,MG,resultant_length,0.8388733267784119
Meta-Llama-3.1-8B-Instruct,31,32,1.0,False,raw_magnitude,mechanism,prefix_injection,C_k,0.8824062347412109
Meta-Llama-3.1-8B-Instruct,31,32,1.0,False,raw_magnitude,mechanism,prefix_injection,parallel_energy_fraction,0.7786407631101611
Meta-Llama-3.1-8B-Instruct,31,32,1.0,False,raw_magnitude,mechanism,prefix_injection,residual_energy_fraction,0.22135923688983894
Meta-Llama-3.1-8B-Instruct,31,32,1.0,False,raw_magnitude,mechanism,refusal_suppression,C_k,0.46572744846343994
Meta-Llama-3.1-8B-Instruct,31,32,1.0,False,raw_magnitude,mechanism,refusal_suppression,parallel_energy_fraction,0.2169020562522661
Meta-Llama-3.1-8B-Instruct,31,32,1.0,False,raw_magnitude,mechanism,refusal_suppression,residual_energy_fraction,0.7830979437477339
Meta-Llama-3.1-8B-Instruct,31,32,1.0,False,raw_magnitude,mechanism,persona_roleplay,C_k,0.815173864364624
Meta-Llama-3.1-8B-Instruct,31,32,1.0,False,raw_magnitude,mechanism,persona_roleplay,parallel_energy_fraction,0.6645084291431544
Meta-Llama-3.1-8B-Instruct,31,32,1.0,False,raw_magnitude,mechanism,persona_roleplay,residual_energy_fraction,0.33549157085684556
Meta-Llama-3.1-8B-Instruct,31,32,1.0,False,raw_magnitude,mechanism,encoding_obfuscation,C_k,0.873522937297821
Meta-Llama-3.1-8B-Instruct,31,32,1.0,False,raw_magnitude,mechanism,encoding_obfuscation,parallel_energy_fraction,0.763042321985413
Meta-Llama-3.1-8B-Instruct,31,32,1.0,False,raw_magnitude,mechanism,encoding_obfuscation,residual_energy_fraction,0.236957678014587
Meta-Llama-3.1-8B-Instruct,31,32,1.0,False,raw_magnitude,mechanism,payload_splitting,C_k,0.8595011234283447
Meta-Llama-3.1-8B-Instruct,31,32,1.0,False,raw_magnitude,mechanism,payload_splitting,parallel_energy_fraction,0.7387421811745867
Meta-Llama-3.1-8B-Instruct,31,32,1.0,False,raw_magnitude,mechanism,payload_splitting,residual_energy_fraction,0.2612578188254133
Meta-Llama-3.1-8B-Instruct,31,32,1.0,False,raw_magnitude,mechanism,distractors_negated,C_k,0.7529515624046326
Meta-Llama-3.1-8B-Instruct,31,32,1.0,False,raw_magnitude,mechanism,distractors_negated,parallel_energy_fraction,0.5669360553275773
Meta-Llama-3.1-8B-Instruct,31,32,1.0,False,raw_magnitude,mechanism,distractors_negated,residual_energy_fraction,0.4330639446724227
Meta-Llama-3.1-8B-Instruct,31,32,1.0,False,raw_magnitude,category,CO,mean_coverage,0.7211025357246399
Meta-Llama-3.1-8B-Instruct,31,32,1.0,False,raw_magnitude,category,CO,minimum_coverage,0.46572744846343994
Meta-Llama-3.1-8B-Instruct,31,32,1.0,False,raw_magnitude,category,CO,coverage_standard_deviation,0.22370150685310364
Meta-Llama-3.1-8B-Instruct,31,32,1.0,False,raw_magnitude,category,CO,resultant_length,0.7233678102493286
Meta-Llama-3.1-8B-Instruct,31,32,1.0,False,raw_magnitude,category,MG,mean_coverage,0.8286585807800293
Meta-Llama-3.1-8B-Instruct,31,32,1.0,False,raw_magnitude,category,MG,minimum_coverage,0.7529515624046326
Meta-Llama-3.1-8B-Instruct,31,32,1.0,False,raw_magnitude,category,MG,coverage_standard_deviation,0.06593794375658035
Meta-Llama-3.1-8B-Instruct,31,32,1.0,False,raw_magnitude,category,MG,resultant_length,0.8388733267784119
gemma-2-9b-it,0,1,0.0,False,unit_normalized,mechanism,prefix_injection,C_k,0.0
gemma-2-9b-it,0,1,0.0,False,unit_normalized,mechanism,prefix_injection,parallel_energy_fraction,0.0
gemma-2-9b-it,0,1,0.0,False,unit_normalized,mechanism,prefix_injection,residual_energy_fraction,1.0
gemma-2-9b-it,0,1,0.0,False,unit_normalized,mechanism,refusal_suppression,C_k,0.0
gemma-2-9b-it,0,1,0.0,False,unit_normalized,mechanism,refusal_suppression,parallel_energy_fraction,0.0
gemma-2-9b-it,0,1,0.0,False,unit_normalized,mechanism,refusal_suppression,residual_energy_fraction,1.0
gemma-2-9b-it,0,1,0.0,False,unit_normalized,mechanism,persona_roleplay,C_k,0.0
gemma-2-9b-it,0,1,0.0,False,unit_normalized,mechanism,persona_roleplay,parallel_energy_fraction,0.0
gemma-2-9b-it,0,1,0.0,False,unit_normalized,mechanism,persona_roleplay,residual_energy_fraction,1.0
gemma-2-9b-it,0,1,0.0,False,unit_normalized,mechanism,encoding_obfuscation,C_k,0.0
gemma-2-9b-it,0,1,0.0,False,unit_normalized,mechanism,encoding_obfuscation,parallel_energy_fraction,0.0
gemma-2-9b-it,0,1,0.0,False,unit_normalized,mechanism,encoding_obfuscation,residual_energy_fraction,1.0
gemma-2-9b-it,0,1,0.0,False,unit_normalized,mechanism,payload_splitting,C_k,0.0
gemma-2-9b-it,0,1,0.0,False,unit_normalized,mechanism,payload_splitting,parallel_energy_fraction,0.0
gemma-2-9b-it,0,1,0.0,False,unit_normalized,mechanism,payload_splitting,residual_energy_fraction,1.0
gemma-2-9b-it,0,1,0.0,False,unit_normalized,mechanism,distractors_negated,C_k,0.0
gemma-2-9b-it,0,1,0.0,False,unit_normalized,mechanism,distractors_negated,parallel_energy_fraction,0.0
gemma-2-9b-it,0,1,0.0,False,unit_normalized,mechanism,distractors_negated,residual_energy_fraction,1.0
gemma-2-9b-it,0,1,0.0,False,unit_normalized,category,CO,mean_coverage,0.0
gemma-2-9b-it,0,1,0.0,False,unit_normalized,category,CO,minimum_coverage,0.0
gemma-2-9b-it,0,1,0.0,False,unit_normalized,category,CO,coverage_standard_deviation,0.0
gemma-2-9b-it,0,1,0.0,False,unit_normalized,category,CO,resultant_length,0.0
gemma-2-9b-it,0,1,0.0,False,unit_normalized,category,MG,mean_coverage,0.0
gemma-2-9b-it,0,1,0.0,False,unit_normalized,category,MG,minimum_coverage,0.0
gemma-2-9b-it,0,1,0.0,False,unit_normalized,category,MG,coverage_standard_deviation,0.0
gemma-2-9b-it,0,1,0.0,False,unit_normalized,category,MG,resultant_length,0.0
gemma-2-9b-it,0,1,0.0,False,raw_magnitude,mechanism,prefix_injection,C_k,0.0
gemma-2-9b-it,0,1,0.0,False,raw_magnitude,mechanism,prefix_injection,parallel_energy_fraction,0.0
gemma-2-9b-it,0,1,0.0,False,raw_magnitude,mechanism,prefix_injection,residual_energy_fraction,1.0
gemma-2-9b-it,0,1,0.0,False,raw_magnitude,mechanism,refusal_suppression,C_k,0.0
gemma-2-9b-it,0,1,0.0,False,raw_magnitude,mechanism,refusal_suppression,parallel_energy_fraction,0.0
gemma-2-9b-it,0,1,0.0,False,raw_magnitude,mechanism,refusal_suppression,residual_energy_fraction,1.0
gemma-2-9b-it,0,1,0.0,False,raw_magnitude,mechanism,persona_roleplay,C_k,0.0
gemma-2-9b-it,0,1,0.0,False,raw_magnitude,mechanism,persona_roleplay,parallel_energy_fraction,0.0
gemma-2-9b-it,0,1,0.0,False,raw_magnitude,mechanism,persona_roleplay,residual_energy_fraction,1.0
gemma-2-9b-it,0,1,0.0,False,raw_magnitude,mechanism,encoding_obfuscation,C_k,0.0
gemma-2-9b-it,0,1,0.0,False,raw_magnitude,mechanism,encoding_obfuscation,parallel_energy_fraction,0.0
gemma-2-9b-it,0,1,0.0,False,raw_magnitude,mechanism,encoding_obfuscation,residual_energy_fraction,1.0
gemma-2-9b-it,0,1,0.0,False,raw_magnitude,mechanism,payload_splitting,C_k,0.0
gemma-2-9b-it,0,1,0.0,False,raw_magnitude,mechanism,payload_splitting,parallel_energy_fraction,0.0
gemma-2-9b-it,0,1,0.0,False,raw_magnitude,mechanism,payload_splitting,residual_energy_fraction,1.0
gemma-2-9b-it,0,1,0.0,False,raw_magnitude,mechanism,distractors_negated,C_k,0.0
gemma-2-9b-it,0,1,0.0,False,raw_magnitude,mechanism,distractors_negated,parallel_energy_fraction,0.0
gemma-2-9b-it,0,1,0.0,False,raw_magnitude,mechanism,distractors_negated,residual_energy_fraction,1.0
gemma-2-9b-it,0,1,0.0,False,raw_magnitude,category,CO,mean_coverage,0.0
gemma-2-9b-it,0,1,0.0,False,raw_magnitude,category,CO,minimum_coverage,0.0
gemma-2-9b-it,0,1,0.0,False,raw_magnitude,category,CO,coverage_standard_deviation,0.0
gemma-2-9b-it,0,1,0.0,False,raw_magnitude,category,CO,resultant_length,0.0
gemma-2-9b-it,0,1,0.0,False,raw_magnitude,category,MG,mean_coverage,0.0
gemma-2-9b-it,0,1,0.0,False,raw_magnitude,category,MG,minimum_coverage,0.0
gemma-2-9b-it,0,1,0.0,False,raw_magnitude,category,MG,coverage_standard_deviation,0.0
gemma-2-9b-it,0,1,0.0,False,raw_magnitude,category,MG,resultant_length,0.0
gemma-2-9b-it,1,2,0.024390243902439025,False,unit_normalized,mechanism,prefix_injection,C_k,0.7508717775344849
gemma-2-9b-it,1,2,0.024390243902439025,False,unit_normalized,mechanism,prefix_injection,parallel_energy_fraction,0.5638084262977969
gemma-2-9b-it,1,2,0.024390243902439025,False,unit_normalized,mechanism,prefix_injection,residual_energy_fraction,0.4361915737022031
gemma-2-9b-it,1,2,0.024390243902439025,False,unit_normalized,mechanism,refusal_suppression,C_k,0.8682515025138855
gemma-2-9b-it,1,2,0.024390243902439025,False,unit_normalized,mechanism,refusal_suppression,parallel_energy_fraction,0.7538606716176197
gemma-2-9b-it,1,2,0.024390243902439025,False,unit_normalized,mechanism,refusal_suppression,residual_energy_fraction,0.24613932838238028
gemma-2-9b-it,1,2,0.024390243902439025,False,unit_normalized,mechanism,persona_roleplay,C_k,0.7367172241210938
gemma-2-9b-it,1,2,0.024390243902439025,False,unit_normalized,mechanism,persona_roleplay,parallel_energy_fraction,0.5427522683166899
gemma-2-9b-it,1,2,0.024390243902439025,False,unit_normalized,mechanism,persona_roleplay,residual_energy_fraction,0.4572477316833101
gemma-2-9b-it,1,2,0.024390243902439025,False,unit_normalized,mechanism,encoding_obfuscation,C_k,0.4401066303253174
gemma-2-9b-it,1,2,0.024390243902439025,False,unit_normalized,mechanism,encoding_obfuscation,parallel_energy_fraction,0.19369384605630557
gemma-2-9b-it,1,2,0.024390243902439025,False,unit_normalized,mechanism,encoding_obfuscation,residual_energy_fraction,0.8063061539436944
gemma-2-9b-it,1,2,0.024390243902439025,False,unit_normalized,mechanism,payload_splitting,C_k,0.7409605979919434
gemma-2-9b-it,1,2,0.024390243902439025,False,unit_normalized,mechanism,payload_splitting,parallel_energy_fraction,0.5490226077765783
gemma-2-9b-it,1,2,0.024390243902439025,False,unit_normalized,mechanism,payload_splitting,residual_energy_fraction,0.4509773922234217
gemma-2-9b-it,1,2,0.024390243902439025,False,unit_normalized,mechanism,distractors_negated,C_k,0.6679895520210266
gemma-2-9b-it,1,2,0.024390243902439025,False,unit_normalized,mechanism,distractors_negated,parallel_energy_fraction,0.4462100416092518
gemma-2-9b-it,1,2,0.024390243902439025,False,unit_normalized,mechanism,distractors_negated,residual_energy_fraction,0.5537899583907482
gemma-2-9b-it,1,2,0.024390243902439025,False,unit_normalized,category,CO,mean_coverage,0.785280168056488
gemma-2-9b-it,1,2,0.024390243902439025,False,unit_normalized,category,CO,minimum_coverage,0.7367172241210938
gemma-2-9b-it,1,2,0.024390243902439025,False,unit_normalized,category,CO,coverage_standard_deviation,0.07220297306776047
gemma-2-9b-it,1,2,0.024390243902439025,False,unit_normalized,category,CO,resultant_length,0.7852802276611328
gemma-2-9b-it,1,2,0.024390243902439025,False,unit_normalized,category,MG,mean_coverage,0.6163522601127625
gemma-2-9b-it,1,2,0.024390243902439025,False,unit_normalized,category,MG,minimum_coverage,0.4401066303253174
gemma-2-9b-it,1,2,0.024390243902439025,False,unit_normalized,category,MG,coverage_standard_deviation,0.15693338215351105
gemma-2-9b-it,1,2,0.024390243902439025,False,unit_normalized,category,MG,resultant_length,0.6163522601127625
gemma-2-9b-it,1,2,0.024390243902439025,False,raw_magnitude,mechanism,prefix_injection,C_k,0.7994418740272522
gemma-2-9b-it,1,2,0.024390243902439025,False,raw_magnitude,mechanism,prefix_injection,parallel_energy_fraction,0.639107309948205
gemma-2-9b-it,1,2,0.024390243902439025,False,raw_magnitude,mechanism,prefix_injection,residual_energy_fraction,0.36089269005179503
gemma-2-9b-it,1,2,0.024390243902439025,False,raw_magnitude,mechanism,refusal_suppression,C_k,0.8771258592605591
gemma-2-9b-it,1,2,0.024390243902439025,False,raw_magnitude,mechanism,refusal_suppression,parallel_energy_fraction,0.7693497729835741
gemma-2-9b-it,1,2,0.024390243902439025,False,raw_magnitude,mechanism,refusal_suppression,residual_energy_fraction,0.2306502270164259
gemma-2-9b-it,1,2,0.024390243902439025,False,raw_magnitude,mechanism,persona_roleplay,C_k,0.6681177616119385
gemma-2-9b-it,1,2,0.024390243902439025,False,raw_magnitude,mechanism,persona_roleplay,parallel_energy_fraction,0.44638134338134705
gemma-2-9b-it,1,2,0.024390243902439025,False,raw_magnitude,mechanism,persona_roleplay,residual_energy_fraction,0.553618656618653
gemma-2-9b-it,1,2,0.024390243902439025,False,raw_magnitude,mechanism,encoding_obfuscation,C_k,0.7430852055549622
gemma-2-9b-it,1,2,0.024390243902439025,False,raw_magnitude,mechanism,encoding_obfuscation,parallel_energy_fraction,0.5521756227146604
gemma-2-9b-it,1,2,0.024390243902439025,False,raw_magnitude,mechanism,encoding_obfuscation,residual_energy_fraction,0.44782437728533964
gemma-2-9b-it,1,2,0.024390243902439025,False,raw_magnitude,mechanism,payload_splitting,C_k,0.49954408407211304
gemma-2-9b-it,1,2,0.024390243902439025,False,raw_magnitude,mechanism,payload_splitting,parallel_energy_fraction,0.24954429193144634
gemma-2-9b-it,1,2,0.024390243902439025,False,raw_magnitude,mechanism,payload_splitting,residual_energy_fraction,0.7504557080685537
gemma-2-9b-it,1,2,0.024390243902439025,False,raw_magnitude,mechanism,distractors_negated,C_k,0.4668772220611572
gemma-2-9b-it,1,2,0.024390243902439025,False,raw_magnitude,mechanism,distractors_negated,parallel_energy_fraction,0.21797434047954312
gemma-2-9b-it,1,2,0.024390243902439025,False,raw_magnitude,mechanism,distractors_negated,residual_energy_fraction,0.7820256595204569
gemma-2-9b-it,1,2,0.024390243902439025,False,raw_magnitude,category,CO,mean_coverage,0.7815618515014648
gemma-2-9b-it,1,2,0.024390243902439025,False,raw_magnitude,category,CO,minimum_coverage,0.6681177616119385
gemma-2-9b-it,1,2,0.024390243902439025,False,raw_magnitude,category,CO,coverage_standard_deviation,0.10564500838518143
gemma-2-9b-it,1,2,0.024390243902439025,False,raw_magnitude,category,CO,resultant_length,0.7852802276611328
gemma-2-9b-it,1,2,0.024390243902439025,False,raw_magnitude,category,MG,mean_coverage,0.5698354840278625
gemma-2-9b-it,1,2,0.024390243902439025,False,raw_magnitude,category,MG,minimum_coverage,0.4668772220611572
gemma-2-9b-it,1,2,0.024390243902439025,False,raw_magnitude,category,MG,coverage_standard_deviation,0.15092507004737854
gemma-2-9b-it,1,2,0.024390243902439025,False,raw_magnitude,category,MG,resultant_length,0.6163522601127625
gemma-2-9b-it,2,3,0.04878048780487805,False,unit_normalized,mechanism,prefix_injection,C_k,0.8318811058998108
gemma-2-9b-it,2,3,0.04878048780487805,False,unit_normalized,mechanism,prefix_injection,parallel_energy_fraction,0.6920261743530922
gemma-2-9b-it,2,3,0.04878048780487805,False,unit_normalized,mechanism,prefix_injection,residual_energy_fraction,0.3079738256469078
gemma-2-9b-it,2,3,0.04878048780487805,False,unit_normalized,mechanism,refusal_suppression,C_k,0.847437858581543
gemma-2-9b-it,2,3,0.04878048780487805,False,unit_normalized,mechanism,refusal_suppression,parallel_energy_fraction,0.7181509241572712
gemma-2-9b-it,2,3,0.04878048780487805,False,unit_normalized,mechanism,refusal_suppression,residual_energy_fraction,0.2818490758427288
gemma-2-9b-it,2,3,0.04878048780487805,False,unit_normalized,mechanism,persona_roleplay,C_k,0.8031494617462158
gemma-2-9b-it,2,3,0.04878048780487805,False,unit_normalized,mechanism,persona_roleplay,parallel_energy_fraction,0.6450490579032362
gemma-2-9b-it,2,3,0.04878048780487805,False,unit_normalized,mechanism,persona_roleplay,residual_energy_fraction,0.3549509420967638
gemma-2-9b-it,2,3,0.04878048780487805,False,unit_normalized,mechanism,encoding_obfuscation,C_k,0.6199338436126709
gemma-2-9b-it,2,3,0.04878048780487805,False,unit_normalized,mechanism,encoding_obfuscation,parallel_energy_fraction,0.3843179704563795
gemma-2-9b-it,2,3,0.04878048780487805,False,unit_normalized,mechanism,encoding_obfuscation,residual_energy_fraction,0.6156820295436205
gemma-2-9b-it,2,3,0.04878048780487805,False,unit_normalized,mechanism,payload_splitting,C_k,0.7907053232192993
gemma-2-9b-it,2,3,0.04878048780487805,False,unit_normalized,mechanism,payload_splitting,parallel_energy_fraction,0.6252149081673366
gemma-2-9b-it,2,3,0.04878048780487805,False,unit_normalized,mechanism,payload_splitting,residual_energy_fraction,0.3747850918326634
gemma-2-9b-it,2,3,0.04878048780487805,False,unit_normalized,mechanism,distractors_negated,C_k,0.7247958183288574
gemma-2-9b-it,2,3,0.04878048780487805,False,unit_normalized,mechanism,distractors_negated,parallel_energy_fraction,0.5253289782669981
gemma-2-9b-it,2,3,0.04878048780487805,False,unit_normalized,mechanism,distractors_negated,residual_energy_fraction,0.4746710217330019
gemma-2-9b-it,2,3,0.04878048780487805,False,unit_normalized,category,CO,mean_coverage,0.82748943567276
gemma-2-9b-it,2,3,0.04878048780487805,False,unit_normalized,category,CO,minimum_coverage,0.8031494617462158
gemma-2-9b-it,2,3,0.04878048780487805,False,unit_normalized,category,CO,coverage_standard_deviation,0.022468429058790207
gemma-2-9b-it,2,3,0.04878048780487805,False,unit_normalized,category,CO,resultant_length,0.82748943567276
gemma-2-9b-it,2,3,0.04878048780487805,False,unit_normalized,category,MG,mean_coverage,0.7118117213249207
gemma-2-9b-it,2,3,0.04878048780487805,False,unit_normalized,category,MG,minimum_coverage,0.6199338436126709
gemma-2-9b-it,2,3,0.04878048780487805,False,unit_normalized,category,MG,coverage_standard_deviation,0.08612296730279922
gemma-2-9b-it,2,3,0.04878048780487805,False,unit_normalized,category,MG,resultant_length,0.7118117213249207
gemma-2-9b-it,2,3,0.04878048780487805,False,raw_magnitude,mechanism,prefix_injection,C_k,0.8308995962142944
gemma-2-9b-it,2,3,0.04878048780487805,False,raw_magnitude,mechanism,prefix_injection,parallel_energy_fraction,0.6903941389890775
gemma-2-9b-it,2,3,0.04878048780487805,False,raw_magnitude,mechanism,prefix_injection,residual_energy_fraction,0.30960586101092247
gemma-2-9b-it,2,3,0.04878048780487805,False,raw_magnitude,mechanism,refusal_suppression,C_k,0.8370158672332764
gemma-2-9b-it,2,3,0.04878048780487805,False,raw_magnitude,mechanism,refusal_suppression,parallel_energy_fraction,0.7005955620002737
gemma-2-9b-it,2,3,0.04878048780487805,False,raw_magnitude,mechanism,refusal_suppression,residual_energy_fraction,0.29940443799972627
gemma-2-9b-it,2,3,0.04878048780487805,False,raw_magnitude,mechanism,persona_roleplay,C_k,0.8139704465866089
gemma-2-9b-it,2,3,0.04878048780487805,False,raw_magnitude,mechanism,persona_roleplay,parallel_energy_fraction,0.6625478879164035
gemma-2-9b-it,2,3,0.04878048780487805,False,raw_magnitude,mechanism,persona_roleplay,residual_energy_fraction,0.3374521120835965
gemma-2-9b-it,2,3,0.04878048780487805,False,raw_magnitude,mechanism,encoding_obfuscation,C_k,0.7932321429252625
gemma-2-9b-it,2,3,0.04878048780487805,False,raw_magnitude,mechanism,encoding_obfuscation,parallel_energy_fraction,0.629217232569804
gemma-2-9b-it,2,3,0.04878048780487805,False,raw_magnitude,mechanism,encoding_obfuscation,residual_energy_fraction,0.370782767430196
gemma-2-9b-it,2,3,0.04878048780487805,False,raw_magnitude,mechanism,payload_splitting,C_k,0.6857713460922241
gemma-2-9b-it,2,3,0.04878048780487805,False,raw_magnitude,mechanism,payload_splitting,parallel_energy_fraction,0.47028233912114104
gemma-2-9b-it,2,3,0.04878048780487805,False,raw_magnitude,mechanism,payload_splitting,residual_energy_fraction,0.529717660878859
gemma-2-9b-it,2,3,0.04878048780487805,False,raw_magnitude,mechanism,distractors_negated,C_k,0.5913907289505005
gemma-2-9b-it,2,3,0.04878048780487805,False,raw_magnitude,mechanism,distractors_negated,parallel_energy_fraction,0.34974299428860434
gemma-2-9b-it,2,3,0.04878048780487805,False,raw_magnitude,mechanism,distractors_negated,residual_energy_fraction,0.6502570057113957
gemma-2-9b-it,2,3,0.04878048780487805,False,raw_magnitude,category,CO,mean_coverage,0.8272953033447266
gemma-2-9b-it,2,3,0.04878048780487805,False,raw_magnitude,category,CO,minimum_coverage,0.8139704465866089
gemma-2-9b-it,2,3,0.04878048780487805,False,raw_magnitude,category,CO,coverage_standard_deviation,0.011938008479773998
gemma-2-9b-it,2,3,0.04878048780487805,False,raw_magnitude,category,CO,resultant_length,0.82748943567276
gemma-2-9b-it,2,3,0.04878048780487805,False,raw_magnitude,category,MG,mean_coverage,0.6901313662528992
gemma-2-9b-it,2,3,0.04878048780487805,False,raw_magnitude,category,MG,minimum_coverage,0.5913907289505005
gemma-2-9b-it,2,3,0.04878048780487805,False,raw_magnitude,category,MG,coverage_standard_deviation,0.10099132359027863
gemma-2-9b-it,2,3,0.04878048780487805,False,raw_magnitude,category,MG,resultant_length,0.7118117213249207
gemma-2-9b-it,3,4,0.07317073170731707,False,unit_normalized,mechanism,prefix_injection,C_k,0.8072014451026917
gemma-2-9b-it,3,4,0.07317073170731707,False,unit_normalized,mechanism,prefix_injection,parallel_energy_fraction,0.6515741729758737
gemma-2-9b-it,3,4,0.07317073170731707,False,unit_normalized,mechanism,prefix_injection,residual_energy_fraction,0.3484258270241263
gemma-2-9b-it,3,4,0.07317073170731707,False,unit_normalized,mechanism,refusal_suppression,C_k,0.8374840617179871
gemma-2-9b-it,3,4,0.07317073170731707,False,unit_normalized,mechanism,refusal_suppression,parallel_energy_fraction,0.7013795536316572
gemma-2-9b-it,3,4,0.07317073170731707,False,unit_normalized,mechanism,refusal_suppression,residual_energy_fraction,0.29862044636834284
gemma-2-9b-it,3,4,0.07317073170731707,False,unit_normalized,mechanism,persona_roleplay,C_k,0.7996104955673218
gemma-2-9b-it,3,4,0.07317073170731707,False,unit_normalized,mechanism,persona_roleplay,parallel_energy_fraction,0.6393769446214179
gemma-2-9b-it,3,4,0.07317073170731707,False,unit_normalized,mechanism,persona_roleplay,residual_energy_fraction,0.3606230553785821
gemma-2-9b-it,3,4,0.07317073170731707,False,unit_normalized,mechanism,encoding_obfuscation,C_k,0.6351724863052368
gemma-2-9b-it,3,4,0.07317073170731707,False,unit_normalized,mechanism,encoding_obfuscation,parallel_energy_fraction,0.40344408735917625
gemma-2-9b-it,3,4,0.07317073170731707,False,unit_normalized,mechanism,encoding_obfuscation,residual_energy_fraction,0.5965559126408237
gemma-2-9b-it,3,4,0.07317073170731707,False,unit_normalized,mechanism,payload_splitting,C_k,0.811930239200592
gemma-2-9b-it,3,4,0.07317073170731707,False,unit_normalized,mechanism,payload_splitting,parallel_energy_fraction,0.6592307133283306
gemma-2-9b-it,3,4,0.07317073170731707,False,unit_normalized,mechanism,payload_splitting,residual_energy_fraction,0.3407692866716694
gemma-2-9b-it,3,4,0.07317073170731707,False,unit_normalized,mechanism,distractors_negated,C_k,0.7160155177116394
gemma-2-9b-it,3,4,0.07317073170731707,False,unit_normalized,mechanism,distractors_negated,parallel_energy_fraction,0.512678221603867
gemma-2-9b-it,3,4,0.07317073170731707,False,unit_normalized,mechanism,distractors_negated,residual_energy_fraction,0.487321778396133
gemma-2-9b-it,3,4,0.07317073170731707,False,unit_normalized,category,CO,mean_coverage,0.8147652745246887
gemma-2-9b-it,3,4,0.07317073170731707,False,unit_normalized,category,CO,minimum_coverage,0.7996104955673218
gemma-2-9b-it,3,4,0.07317073170731707,False,unit_normalized,category,CO,coverage_standard_deviation,0.020037740468978882
gemma-2-9b-it,3,4,0.07317073170731707,False,unit_normalized,category,CO,resultant_length,0.8147652745246887
gemma-2-9b-it,3,4,0.07317073170731707,False,unit_normalized,category,MG,mean_coverage,0.7210394740104675
gemma-2-9b-it,3,4,0.07317073170731707,False,unit_normalized,category,MG,minimum_coverage,0.6351724863052368
gemma-2-9b-it,3,4,0.07317073170731707,False,unit_normalized,category,MG,coverage_standard_deviation,0.08848590403795242
gemma-2-9b-it,3,4,0.07317073170731707,False,unit_normalized,category,MG,resultant_length,0.721039354801178
gemma-2-9b-it,3,4,0.07317073170731707,False,raw_magnitude,mechanism,prefix_injection,C_k,0.8025233745574951
gemma-2-9b-it,3,4,0.07317073170731707,False,raw_magnitude,mechanism,prefix_injection,parallel_energy_fraction,0.6440437667111496
gemma-2-9b-it,3,4,0.07317073170731707,False,raw_magnitude,mechanism,prefix_injection,residual_energy_fraction,0.3559562332888504
gemma-2-9b-it,3,4,0.07317073170731707,False,raw_magnitude,mechanism,refusal_suppression,C_k,0.8307795524597168
gemma-2-9b-it,3,4,0.07317073170731707,False,raw_magnitude,mechanism,refusal_suppression,parallel_energy_fraction,0.6901946647851673
gemma-2-9b-it,3,4,0.07317073170731707,False,raw_magnitude,mechanism,refusal_suppression,residual_energy_fraction,0.30980533521483267
gemma-2-9b-it,3,4,0.07317073170731707,False,raw_magnitude,mechanism,persona_roleplay,C_k,0.8105599880218506
gemma-2-9b-it,3,4,0.07317073170731707,False,raw_magnitude,mechanism,persona_roleplay,parallel_energy_fraction,0.6570074941819826
gemma-2-9b-it,3,4,0.07317073170731707,False,raw_magnitude,mechanism,persona_roleplay,residual_energy_fraction,0.34299250581801743
gemma-2-9b-it,3,4,0.07317073170731707,False,raw_magnitude,mechanism,encoding_obfuscation,C_k,0.7980157732963562
gemma-2-9b-it,3,4,0.07317073170731707,False,raw_magnitude,mechanism,encoding_obfuscation,parallel_energy_fraction,0.6368291744297814
gemma-2-9b-it,3,4,0.07317073170731707,False,raw_magnitude,mechanism,encoding_obfuscation,residual_energy_fraction,0.3631708255702186
gemma-2-9b-it,3,4,0.07317073170731707,False,raw_magnitude,mechanism,payload_splitting,C_k,0.727271556854248
gemma-2-9b-it,3,4,0.07317073170731707,False,raw_magnitude,mechanism,payload_splitting,parallel_energy_fraction,0.5289239174092017
gemma-2-9b-it,3,4,0.07317073170731707,False,raw_magnitude,mechanism,payload_splitting,residual_energy_fraction,0.47107608259079825
gemma-2-9b-it,3,4,0.07317073170731707,False,raw_magnitude,mechanism,distractors_negated,C_k,0.5777996778488159
gemma-2-9b-it,3,4,0.07317073170731707,False,raw_magnitude,mechanism,distractors_negated,parallel_energy_fraction,0.33385246772219546
gemma-2-9b-it,3,4,0.07317073170731707,False,raw_magnitude,mechanism,distractors_negated,residual_energy_fraction,0.6661475322778045
gemma-2-9b-it,3,4,0.07317073170731707,False,raw_magnitude,category,CO,mean_coverage,0.8146209716796875
gemma-2-9b-it,3,4,0.07317073170731707,False,raw_magnitude,category,CO,minimum_coverage,0.8025233745574951
gemma-2-9b-it,3,4,0.07317073170731707,False,raw_magnitude,category,CO,coverage_standard_deviation,0.014559243805706501
gemma-2-9b-it,3,4,0.07317073170731707,False,raw_magnitude,category,CO,resultant_length,0.8147652745246887
gemma-2-9b-it,3,4,0.07317073170731707,False,raw_magnitude,category,MG,mean_coverage,0.7010290026664734
gemma-2-9b-it,3,4,0.07317073170731707,False,raw_magnitude,category,MG,minimum_coverage,0.5777996778488159
gemma-2-9b-it,3,4,0.07317073170731707,False,raw_magnitude,category,MG,coverage_standard_deviation,0.11242902278900146
gemma-2-9b-it,3,4,0.07317073170731707,False,raw_magnitude,category,MG,resultant_length,0.721039354801178
gemma-2-9b-it,4,5,0.0975609756097561,False,unit_normalized,mechanism,prefix_injection,C_k,0.8047533631324768
gemma-2-9b-it,4,5,0.0975609756097561,False,unit_normalized,mechanism,prefix_injection,parallel_energy_fraction,0.6476279754730321
gemma-2-9b-it,4,5,0.0975609756097561,False,unit_normalized,mechanism,prefix_injection,residual_energy_fraction,0.3523720245269679
gemma-2-9b-it,4,5,0.0975609756097561,False,unit_normalized,mechanism,refusal_suppression,C_k,0.8269016742706299
gemma-2-9b-it,4,5,0.0975609756097561,False,unit_normalized,mechanism,refusal_suppression,parallel_energy_fraction,0.6837663789115709
gemma-2-9b-it,4,5,0.0975609756097561,False,unit_normalized,mechanism,refusal_suppression,residual_energy_fraction,0.3162336210884291
gemma-2-9b-it,4,5,0.0975609756097561,False,unit_normalized,mechanism,persona_roleplay,C_k,0.8073553442955017
gemma-2-9b-it,4,5,0.0975609756097561,False,unit_normalized,mechanism,persona_roleplay,parallel_energy_fraction,0.6518226519625081
gemma-2-9b-it,4,5,0.0975609756097561,False,unit_normalized,mechanism,persona_roleplay,residual_energy_fraction,0.3481773480374919
gemma-2-9b-it,4,5,0.0975609756097561,False,unit_normalized,mechanism,encoding_obfuscation,C_k,0.6588702201843262
gemma-2-9b-it,4,5,0.0975609756097561,False,unit_normalized,mechanism,encoding_obfuscation,parallel_energy_fraction,0.43410996704574245
gemma-2-9b-it,4,5,0.0975609756097561,False,unit_normalized,mechanism,encoding_obfuscation,residual_energy_fraction,0.5658900329542575
gemma-2-9b-it,4,5,0.0975609756097561,False,unit_normalized,mechanism,payload_splitting,C_k,0.8316851854324341
gemma-2-9b-it,4,5,0.0975609756097561,False,unit_normalized,mechanism,payload_splitting,parallel_energy_fraction,0.6917002476677823
gemma-2-9b-it,4,5,0.0975609756097561,False,unit_normalized,mechanism,payload_splitting,residual_energy_fraction,0.30829975233221774
gemma-2-9b-it,4,5,0.0975609756097561,False,unit_normalized,mechanism,distractors_negated,C_k,0.7250389456748962
gemma-2-9b-it,4,5,0.0975609756097561,False,unit_normalized,mechanism,distractors_negated,parallel_energy_fraction,0.5256814727453651
gemma-2-9b-it,4,5,0.0975609756097561,False,unit_normalized,mechanism,distractors_negated,residual_energy_fraction,0.47431852725463486
gemma-2-9b-it,4,5,0.0975609756097561,False,unit_normalized,category,CO,mean_coverage,0.8130034804344177
gemma-2-9b-it,4,5,0.0975609756097561,False,unit_normalized,category,CO,minimum_coverage,0.8047533631324768
gemma-2-9b-it,4,5,0.0975609756097561,False,unit_normalized,category,CO,coverage_standard_deviation,0.012106313370168209
gemma-2-9b-it,4,5,0.0975609756097561,False,unit_normalized,category,CO,resultant_length,0.8130034804344177
gemma-2-9b-it,4,5,0.0975609756097561,False,unit_normalized,category,MG,mean_coverage,0.7385314106941223
gemma-2-9b-it,4,5,0.0975609756097561,False,unit_normalized,category,MG,minimum_coverage,0.6588702201843262
gemma-2-9b-it,4,5,0.0975609756097561,False,unit_normalized,category,MG,coverage_standard_deviation,0.08719397336244583
gemma-2-9b-it,4,5,0.0975609756097561,False,unit_normalized,category,MG,resultant_length,0.7385315299034119
gemma-2-9b-it,4,5,0.0975609756097561,False,raw_magnitude,mechanism,prefix_injection,C_k,0.8056665658950806
gemma-2-9b-it,4,5,0.0975609756097561,False,raw_magnitude,mechanism,prefix_injection,parallel_energy_fraction,0.6490986154011722
gemma-2-9b-it,4,5,0.0975609756097561,False,raw_magnitude,mechanism,prefix_injection,residual_energy_fraction,0.3509013845988278
gemma-2-9b-it,4,5,0.0975609756097561,False,raw_magnitude,mechanism,refusal_suppression,C_k,0.818956732749939
gemma-2-9b-it,4,5,0.0975609756097561,False,raw_magnitude,mechanism,refusal_suppression,parallel_energy_fraction,0.670690130116455
gemma-2-9b-it,4,5,0.0975609756097561,False,raw_magnitude,mechanism,refusal_suppression,residual_energy_fraction,0.32930986988354505
gemma-2-9b-it,4,5,0.0975609756097561,False,raw_magnitude,mechanism,persona_roleplay,C_k,0.814109742641449
gemma-2-9b-it,4,5,0.0975609756097561,False,raw_magnitude,mechanism,persona_roleplay,parallel_energy_fraction,0.6627746730637263
gemma-2-9b-it,4,5,0.0975609756097561,False,raw_magnitude,mechanism,persona_roleplay,residual_energy_fraction,0.3372253269362737
gemma-2-9b-it,4,5,0.0975609756097561,False,raw_magnitude,mechanism,encoding_obfuscation,C_k,0.8091509342193604
gemma-2-9b-it,4,5,0.0975609756097561,False,raw_magnitude,mechanism,encoding_obfuscation,parallel_energy_fraction,0.6547252343480636
gemma-2-9b-it,4,5,0.0975609756097561,False,raw_magnitude,mechanism,encoding_obfuscation,residual_energy_fraction,0.3452747656519364
gemma-2-9b-it,4,5,0.0975609756097561,False,raw_magnitude,mechanism,payload_splitting,C_k,0.7613241672515869
gemma-2-9b-it,4,5,0.0975609756097561,False,raw_magnitude,mechanism,payload_splitting,parallel_energy_fraction,0.5796144876413223
gemma-2-9b-it,4,5,0.0975609756097561,False,raw_magnitude,mechanism,payload_splitting,residual_energy_fraction,0.4203855123586777
gemma-2-9b-it,4,5,0.0975609756097561,False,raw_magnitude,mechanism,distractors_negated,C_k,0.58953458070755
gemma-2-9b-it,4,5,0.0975609756097561,False,raw_magnitude,mechanism,distractors_negated,parallel_energy_fraction,0.34755102185002684
gemma-2-9b-it,4,5,0.0975609756097561,False,raw_magnitude,mechanism,distractors_negated,residual_energy_fraction,0.6524489781499732
gemma-2-9b-it,4,5,0.0975609756097561,False,raw_magnitude,category,CO,mean_coverage,0.8129110336303711
gemma-2-9b-it,4,5,0.0975609756097561,False,raw_magnitude,category,CO,minimum_coverage,0.8056665658950806
gemma-2-9b-it,4,5,0.0975609756097561,False,raw_magnitude,category,CO,coverage_standard_deviation,0.00672568567097187
gemma-2-9b-it,4,5,0.0975609756097561,False,raw_magnitude,category,CO,resultant_length,0.8130034804344177
gemma-2-9b-it,4,5,0.0975609756097561,False,raw_magnitude,category,MG,mean_coverage,0.7200031876564026
gemma-2-9b-it,4,5,0.0975609756097561,False,raw_magnitude,category,MG,minimum_coverage,0.58953458070755
gemma-2-9b-it,4,5,0.0975609756097561,False,raw_magnitude,category,MG,coverage_standard_deviation,0.11549199372529984
gemma-2-9b-it,4,5,0.0975609756097561,False,raw_magnitude,category,MG,resultant_length,0.7385315299034119
gemma-2-9b-it,5,6,0.12195121951219512,False,unit_normalized,mechanism,prefix_injection,C_k,0.8672412633895874
gemma-2-9b-it,5,6,0.12195121951219512,False,unit_normalized,mechanism,prefix_injection,parallel_energy_fraction,0.7521074089255677
gemma-2-9b-it,5,6,0.12195121951219512,False,unit_normalized,mechanism,prefix_injection,residual_energy_fraction,0.2478925910744323
gemma-2-9b-it,5,6,0.12195121951219512,False,unit_normalized,mechanism,refusal_suppression,C_k,0.8700716495513916
gemma-2-9b-it,5,6,0.12195121951219512,False,unit_normalized,mechanism,refusal_suppression,parallel_energy_fraction,0.7570246753530796
gemma-2-9b-it,5,6,0.12195121951219512,False,unit_normalized,mechanism,refusal_suppression,residual_energy_fraction,0.2429753246469204
gemma-2-9b-it,5,6,0.12195121951219512,False,unit_normalized,mechanism,persona_roleplay,C_k,0.8461071848869324
gemma-2-9b-it,5,6,0.12195121951219512,False,unit_normalized,mechanism,persona_roleplay,parallel_energy_fraction,0.7158973683172896
gemma-2-9b-it,5,6,0.12195121951219512,False,unit_normalized,mechanism,persona_roleplay,residual_energy_fraction,0.28410263168271044
gemma-2-9b-it,5,6,0.12195121951219512,False,unit_normalized,mechanism,encoding_obfuscation,C_k,0.7780466675758362
gemma-2-9b-it,5,6,0.12195121951219512,False,unit_normalized,mechanism,encoding_obfuscation,parallel_energy_fraction,0.6053566169258637
gemma-2-9b-it,5,6,0.12195121951219512,False,unit_normalized,mechanism,encoding_obfuscation,residual_energy_fraction,0.39464338307413627
gemma-2-9b-it,5,6,0.12195121951219512,False,unit_normalized,mechanism,payload_splitting,C_k,0.8537719249725342
gemma-2-9b-it,5,6,0.12195121951219512,False,unit_normalized,mechanism,payload_splitting,parallel_energy_fraction,0.7289264998713065
gemma-2-9b-it,5,6,0.12195121951219512,False,unit_normalized,mechanism,payload_splitting,residual_energy_fraction,0.27107350012869347
gemma-2-9b-it,5,6,0.12195121951219512,False,unit_normalized,mechanism,distractors_negated,C_k,0.6838653683662415
gemma-2-9b-it,5,6,0.12195121951219512,False,unit_normalized,mechanism,distractors_negated,parallel_energy_fraction,0.4676718420506951
gemma-2-9b-it,5,6,0.12195121951219512,False,unit_normalized,mechanism,distractors_negated,residual_energy_fraction,0.5323281579493049
gemma-2-9b-it,5,6,0.12195121951219512,False,unit_normalized,category,CO,mean_coverage,0.8611400127410889
gemma-2-9b-it,5,6,0.12195121951219512,False,unit_normalized,category,CO,minimum_coverage,0.8461071848869324
gemma-2-9b-it,5,6,0.12195121951219512,False,unit_normalized,category,CO,coverage_standard_deviation,0.013095520436763763
gemma-2-9b-it,5,6,0.12195121951219512,False,unit_normalized,category,CO,resultant_length,0.8611399531364441
gemma-2-9b-it,5,6,0.12195121951219512,False,unit_normalized,category,MG,mean_coverage,0.771894633769989
gemma-2-9b-it,5,6,0.12195121951219512,False,unit_normalized,category,MG,minimum_coverage,0.6838653683662415
gemma-2-9b-it,5,6,0.12195121951219512,False,unit_normalized,category,MG,coverage_standard_deviation,0.08512017875909805
gemma-2-9b-it,5,6,0.12195121951219512,False,unit_normalized,category,MG,resultant_length,0.7718946933746338
gemma-2-9b-it,5,6,0.12195121951219512,False,raw_magnitude,mechanism,prefix_injection,C_k,0.8577012419700623
gemma-2-9b-it,5,6,0.12195121951219512,False,raw_magnitude,mechanism,prefix_injection,parallel_energy_fraction,0.7356514204769873
gemma-2-9b-it,5,6,0.12195121951219512,False,raw_magnitude,mechanism,prefix_injection,residual_energy_fraction,0.2643485795230127
gemma-2-9b-it,5,6,0.12195121951219512,False,raw_magnitude,mechanism,refusal_suppression,C_k,0.869392991065979
gemma-2-9b-it,5,6,0.12195121951219512,False,raw_magnitude,mechanism,refusal_suppression,parallel_energy_fraction,0.7558441729146494
gemma-2-9b-it,5,6,0.12195121951219512,False,raw_magnitude,mechanism,refusal_suppression,residual_energy_fraction,0.24415582708535055
gemma-2-9b-it,5,6,0.12195121951219512,False,raw_magnitude,mechanism,persona_roleplay,C_k,0.8557465076446533
gemma-2-9b-it,5,6,0.12195121951219512,False,raw_magnitude,mechanism,persona_roleplay,parallel_energy_fraction,0.7323020853460207
gemma-2-9b-it,5,6,0.12195121951219512,False,raw_magnitude,mechanism,persona_roleplay,residual_energy_fraction,0.2676979146539793
gemma-2-9b-it,5,6,0.12195121951219512,False,raw_magnitude,mechanism,encoding_obfuscation,C_k,0.8387759923934937
gemma-2-9b-it,5,6,0.12195121951219512,False,raw_magnitude,mechanism,encoding_obfuscation,parallel_energy_fraction,0.7035451654156901
gemma-2-9b-it,5,6,0.12195121951219512,False,raw_magnitude,mechanism,encoding_obfuscation,residual_energy_fraction,0.2964548345843099
gemma-2-9b-it,5,6,0.12195121951219512,False,raw_magnitude,mechanism,payload_splitting,C_k,0.8449820876121521
gemma-2-9b-it,5,6,0.12195121951219512,False,raw_magnitude,mechanism,payload_splitting,parallel_energy_fraction,0.7139947283853907
gemma-2-9b-it,5,6,0.12195121951219512,False,raw_magnitude,mechanism,payload_splitting,residual_energy_fraction,0.2860052716146093
gemma-2-9b-it,5,6,0.12195121951219512,False,raw_magnitude,mechanism,distractors_negated,C_k,0.6192975044250488
gemma-2-9b-it,5,6,0.12195121951219512,False,raw_magnitude,mechanism,distractors_negated,parallel_energy_fraction,0.3835293989870934
gemma-2-9b-it,5,6,0.12195121951219512,False,raw_magnitude,mechanism,distractors_negated,residual_energy_fraction,0.6164706010129066
gemma-2-9b-it,5,6,0.12195121951219512,False,raw_magnitude,category,CO,mean_coverage,0.8609468936920166
gemma-2-9b-it,5,6,0.12195121951219512,False,raw_magnitude,category,CO,minimum_coverage,0.8557465076446533
gemma-2-9b-it,5,6,0.12195121951219512,False,raw_magnitude,category,CO,coverage_standard_deviation,0.007379526738077402
gemma-2-9b-it,5,6,0.12195121951219512,False,raw_magnitude,category,CO,resultant_length,0.8611399531364441
gemma-2-9b-it,5,6,0.12195121951219512,False,raw_magnitude,category,MG,mean_coverage,0.7676851749420166
gemma-2-9b-it,5,6,0.12195121951219512,False,raw_magnitude,category,MG,minimum_coverage,0.6192975044250488
gemma-2-9b-it,5,6,0.12195121951219512,False,raw_magnitude,category,MG,coverage_standard_deviation,0.12854497134685516
gemma-2-9b-it,5,6,0.12195121951219512,False,raw_magnitude,category,MG,resultant_length,0.7718946933746338
gemma-2-9b-it,6,7,0.14634146341463414,False,unit_normalized,mechanism,prefix_injection,C_k,0.8739076852798462
gemma-2-9b-it,6,7,0.14634146341463414,False,unit_normalized,mechanism,prefix_injection,parallel_energy_fraction,0.7637146423911787
gemma-2-9b-it,6,7,0.14634146341463414,False,unit_normalized,mechanism,prefix_injection,residual_energy_fraction,0.2362853576088213
gemma-2-9b-it,6,7,0.14634146341463414,False,unit_normalized,mechanism,refusal_suppression,C_k,0.8644221425056458
gemma-2-9b-it,6,7,0.14634146341463414,False,unit_normalized,mechanism,refusal_suppression,parallel_energy_fraction,0.7472256404540509
gemma-2-9b-it,6,7,0.14634146341463414,False,unit_normalized,mechanism,refusal_suppression,residual_energy_fraction,0.25277435954594907
gemma-2-9b-it,6,7,0.14634146341463414,False,unit_normalized,mechanism,persona_roleplay,C_k,0.8387081623077393
gemma-2-9b-it,6,7,0.14634146341463414,False,unit_normalized,mechanism,persona_roleplay,parallel_energy_fraction,0.7034313815216251
gemma-2-9b-it,6,7,0.14634146341463414,False,unit_normalized,mechanism,persona_roleplay,residual_energy_fraction,0.2965686184783749
gemma-2-9b-it,6,7,0.14634146341463414,False,unit_normalized,mechanism,encoding_obfuscation,C_k,0.7938153147697449
gemma-2-9b-it,6,7,0.14634146341463414,False,unit_normalized,mechanism,encoding_obfuscation,parallel_energy_fraction,0.6301427539629891
gemma-2-9b-it,6,7,0.14634146341463414,False,unit_normalized,mechanism,encoding_obfuscation,residual_energy_fraction,0.36985724603701087
gemma-2-9b-it,6,7,0.14634146341463414,False,unit_normalized,mechanism,payload_splitting,C_k,0.8737578988075256
gemma-2-9b-it,6,7,0.14634146341463414,False,unit_normalized,mechanism,payload_splitting,parallel_energy_fraction,0.7634528657285422
gemma-2-9b-it,6,7,0.14634146341463414,False,unit_normalized,mechanism,payload_splitting,residual_energy_fraction,0.2365471342714578
gemma-2-9b-it,6,7,0.14634146341463414,False,unit_normalized,mechanism,distractors_negated,C_k,0.7108469009399414
gemma-2-9b-it,6,7,0.14634146341463414,False,unit_normalized,mechanism,distractors_negated,parallel_energy_fraction,0.5053033165759189
gemma-2-9b-it,6,7,0.14634146341463414,False,unit_normalized,mechanism,distractors_negated,residual_energy_fraction,0.49469668342408113
gemma-2-9b-it,6,7,0.14634146341463414,False,unit_normalized,category,CO,mean_coverage,0.8590126633644104
gemma-2-9b-it,6,7,0.14634146341463414,False,unit_normalized,category,CO,minimum_coverage,0.8387081623077393
gemma-2-9b-it,6,7,0.14634146341463414,False,unit_normalized,category,CO,coverage_standard_deviation,0.018212590366601944
gemma-2-9b-it,6,7,0.14634146341463414,False,unit_normalized,category,CO,resultant_length,0.8590127229690552
gemma-2-9b-it,6,7,0.14634146341463414,False,unit_normalized,category,MG,mean_coverage,0.7928066849708557
gemma-2-9b-it,6,7,0.14634146341463414,False,unit_normalized,category,MG,minimum_coverage,0.7108469009399414
gemma-2-9b-it,6,7,0.14634146341463414,False,unit_normalized,category,MG,coverage_standard_deviation,0.08146018534898758
gemma-2-9b-it,6,7,0.14634146341463414,False,unit_normalized,category,MG,resultant_length,0.7928066849708557
gemma-2-9b-it,6,7,0.14634146341463414,False,raw_magnitude,mechanism,prefix_injection,C_k,0.8646929264068604
gemma-2-9b-it,6,7,0.14634146341463414,False,raw_magnitude,mechanism,prefix_injection,parallel_energy_fraction,0.74769385697806
gemma-2-9b-it,6,7,0.14634146341463414,False,raw_magnitude,mechanism,prefix_injection,residual_energy_fraction,0.25230614302194
gemma-2-9b-it,6,7,0.14634146341463414,False,raw_magnitude,mechanism,refusal_suppression,C_k,0.8606799244880676
gemma-2-9b-it,6,7,0.14634146341463414,False,raw_magnitude,mechanism,refusal_suppression,parallel_energy_fraction,0.7407699324167858
gemma-2-9b-it,6,7,0.14634146341463414,False,raw_magnitude,mechanism,refusal_suppression,residual_energy_fraction,0.2592300675832142
gemma-2-9b-it,6,7,0.14634146341463414,False,raw_magnitude,mechanism,persona_roleplay,C_k,0.8509193658828735
gemma-2-9b-it,6,7,0.14634146341463414,False,raw_magnitude,mechanism,persona_roleplay,parallel_energy_fraction,0.7240637672345116
gemma-2-9b-it,6,7,0.14634146341463414,False,raw_magnitude,mechanism,persona_roleplay,residual_energy_fraction,0.2759362327654884
gemma-2-9b-it,6,7,0.14634146341463414,False,raw_magnitude,mechanism,encoding_obfuscation,C_k,0.843494176864624
gemma-2-9b-it,6,7,0.14634146341463414,False,raw_magnitude,mechanism,encoding_obfuscation,parallel_energy_fraction,0.7114824264045296
gemma-2-9b-it,6,7,0.14634146341463414,False,raw_magnitude,mechanism,encoding_obfuscation,residual_energy_fraction,0.28851757359547037
gemma-2-9b-it,6,7,0.14634146341463414,False,raw_magnitude,mechanism,payload_splitting,C_k,0.8705924153327942
gemma-2-9b-it,6,7,0.14634146341463414,False,raw_magnitude,mechanism,payload_splitting,parallel_energy_fraction,0.7579311536349884
gemma-2-9b-it,6,7,0.14634146341463414,False,raw_magnitude,mechanism,payload_splitting,residual_energy_fraction,0.24206884636501158
gemma-2-9b-it,6,7,0.14634146341463414,False,raw_magnitude,mechanism,distractors_negated,C_k,0.6549995541572571
gemma-2-9b-it,6,7,0.14634146341463414,False,raw_magnitude,mechanism,distractors_negated,parallel_energy_fraction,0.42902441594620555
gemma-2-9b-it,6,7,0.14634146341463414,False,raw_magnitude,mechanism,distractors_negated,residual_energy_fraction,0.5709755840537944
gemma-2-9b-it,6,7,0.14634146341463414,False,raw_magnitude,category,CO,mean_coverage,0.8587639927864075
gemma-2-9b-it,6,7,0.14634146341463414,False,raw_magnitude,category,CO,minimum_coverage,0.8509193658828735
gemma-2-9b-it,6,7,0.14634146341463414,False,raw_magnitude,category,CO,coverage_standard_deviation,0.007083827164024115
gemma-2-9b-it,6,7,0.14634146341463414,False,raw_magnitude,category,CO,resultant_length,0.8590127229690552
gemma-2-9b-it,6,7,0.14634146341463414,False,raw_magnitude,category,MG,mean_coverage,0.7896953225135803
gemma-2-9b-it,6,7,0.14634146341463414,False,raw_magnitude,category,MG,minimum_coverage,0.6549995541572571
gemma-2-9b-it,6,7,0.14634146341463414,False,raw_magnitude,category,MG,coverage_standard_deviation,0.11743424832820892
gemma-2-9b-it,6,7,0.14634146341463414,False,raw_magnitude,category,MG,resultant_length,0.7928066849708557
gemma-2-9b-it,7,8,0.17073170731707318,False,unit_normalized,mechanism,prefix_injection,C_k,0.8896593451499939
gemma-2-9b-it,7,8,0.17073170731707318,False,unit_normalized,mechanism,prefix_injection,parallel_energy_fraction,0.791493750412716
gemma-2-9b-it,7,8,0.17073170731707318,False,unit_normalized,mechanism,prefix_injection,residual_energy_fraction,0.20850624958728403
gemma-2-9b-it,7,8,0.17073170731707318,False,unit_normalized,mechanism,refusal_suppression,C_k,0.8795210123062134
gemma-2-9b-it,7,8,0.17073170731707318,False,unit_normalized,mechanism,refusal_suppression,parallel_energy_fraction,0.7735572110881463
gemma-2-9b-it,7,8,0.17073170731707318,False,unit_normalized,mechanism,refusal_suppression,residual_energy_fraction,0.22644278891185365
gemma-2-9b-it,7,8,0.17073170731707318,False,unit_normalized,mechanism,persona_roleplay,C_k,0.8339712619781494
gemma-2-9b-it,7,8,0.17073170731707318,False,unit_normalized,mechanism,persona_roleplay,parallel_energy_fraction,0.6955080658054271
gemma-2-9b-it,7,8,0.17073170731707318,False,unit_normalized,mechanism,persona_roleplay,residual_energy_fraction,0.3044919341945729
gemma-2-9b-it,7,8,0.17073170731707318,False,unit_normalized,mechanism,encoding_obfuscation,C_k,0.794410228729248
gemma-2-9b-it,7,8,0.17073170731707318,False,unit_normalized,mechanism,encoding_obfuscation,parallel_energy_fraction,0.6310876115096562
gemma-2-9b-it,7,8,0.17073170731707318,False,unit_normalized,mechanism,encoding_obfuscation,residual_energy_fraction,0.3689123884903438
gemma-2-9b-it,7,8,0.17073170731707318,False,unit_normalized,mechanism,payload_splitting,C_k,0.8631768226623535
gemma-2-9b-it,7,8,0.17073170731707318,False,unit_normalized,mechanism,payload_splitting,parallel_energy_fraction,0.7450742271814761
gemma-2-9b-it,7,8,0.17073170731707318,False,unit_normalized,mechanism,payload_splitting,residual_energy_fraction,0.2549257728185239
gemma-2-9b-it,7,8,0.17073170731707318,False,unit_normalized,mechanism,distractors_negated,C_k,0.6903382539749146
gemma-2-9b-it,7,8,0.17073170731707318,False,unit_normalized,mechanism,distractors_negated,parallel_energy_fraction,0.4765669049011336
gemma-2-9b-it,7,8,0.17073170731707318,False,unit_normalized,mechanism,distractors_negated,residual_energy_fraction,0.5234330950988664
gemma-2-9b-it,7,8,0.17073170731707318,False,unit_normalized,category,CO,mean_coverage,0.8677172064781189
gemma-2-9b-it,7,8,0.17073170731707318,False,unit_normalized,category,CO,minimum_coverage,0.8339712619781494
gemma-2-9b-it,7,8,0.17073170731707318,False,unit_normalized,category,CO,coverage_standard_deviation,0.02966122142970562
gemma-2-9b-it,7,8,0.17073170731707318,False,unit_normalized,category,CO,resultant_length,0.8677171468734741
gemma-2-9b-it,7,8,0.17073170731707318,False,unit_normalized,category,MG,mean_coverage,0.7826417088508606
gemma-2-9b-it,7,8,0.17073170731707318,False,unit_normalized,category,MG,minimum_coverage,0.6903382539749146
gemma-2-9b-it,7,8,0.17073170731707318,False,unit_normalized,category,MG,coverage_standard_deviation,0.08701819181442261
gemma-2-9b-it,7,8,0.17073170731707318,False,unit_normalized,category,MG,resultant_length,0.7826417684555054
gemma-2-9b-it,7,8,0.17073170731707318,False,raw_magnitude,mechanism,prefix_injection,C_k,0.8833260536193848
gemma-2-9b-it,7,8,0.17073170731707318,False,raw_magnitude,mechanism,prefix_injection,parallel_energy_fraction,0.7802649170027962
gemma-2-9b-it,7,8,0.17073170731707318,False,raw_magnitude,mechanism,prefix_injection,residual_energy_fraction,0.2197350829972038
gemma-2-9b-it,7,8,0.17073170731707318,False,raw_magnitude,mechanism,refusal_suppression,C_k,0.8755484223365784
gemma-2-9b-it,7,8,0.17073170731707318,False,raw_magnitude,mechanism,refusal_suppression,parallel_energy_fraction,0.7665850398560714
gemma-2-9b-it,7,8,0.17073170731707318,False,raw_magnitude,mechanism,refusal_suppression,residual_energy_fraction,0.2334149601439286
gemma-2-9b-it,7,8,0.17073170731707318,False,raw_magnitude,mechanism,persona_roleplay,C_k,0.8438293933868408
gemma-2-9b-it,7,8,0.17073170731707318,False,raw_magnitude,mechanism,persona_roleplay,parallel_energy_fraction,0.7120480451436038
gemma-2-9b-it,7,8,0.17073170731707318,False,raw_magnitude,mechanism,persona_roleplay,residual_energy_fraction,0.28795195485639624
gemma-2-9b-it,7,8,0.17073170731707318,False,raw_magnitude,mechanism,encoding_obfuscation,C_k,0.8440778851509094
gemma-2-9b-it,7,8,0.17073170731707318,False,raw_magnitude,mechanism,encoding_obfuscation,parallel_energy_fraction,0.7124674762008318
gemma-2-9b-it,7,8,0.17073170731707318,False,raw_magnitude,mechanism,encoding_obfuscation,residual_energy_fraction,0.28753252379916816
gemma-2-9b-it,7,8,0.17073170731707318,False,raw_magnitude,mechanism,payload_splitting,C_k,0.8626923561096191
gemma-2-9b-it,7,8,0.17073170731707318,False,raw_magnitude,mechanism,payload_splitting,parallel_energy_fraction,0.7442381012899659
gemma-2-9b-it,7,8,0.17073170731707318,False,raw_magnitude,mechanism,payload_splitting,residual_energy_fraction,0.2557618987100341
gemma-2-9b-it,7,8,0.17073170731707318,False,raw_magnitude,mechanism,distractors_negated,C_k,0.6317607164382935
gemma-2-9b-it,7,8,0.17073170731707318,False,raw_magnitude,mechanism,distractors_negated,parallel_energy_fraction,0.39912160283462583
gemma-2-9b-it,7,8,0.17073170731707318,False,raw_magnitude,mechanism,distractors_negated,residual_energy_fraction,0.6008783971653742
gemma-2-9b-it,7,8,0.17073170731707318,False,raw_magnitude,category,CO,mean_coverage,0.8675679564476013
gemma-2-9b-it,7,8,0.17073170731707318,False,raw_magnitude,category,CO,minimum_coverage,0.8438293933868408
gemma-2-9b-it,7,8,0.17073170731707318,False,raw_magnitude,category,CO,coverage_standard_deviation,0.020922772586345673
gemma-2-9b-it,7,8,0.17073170731707318,False,raw_magnitude,category,CO,resultant_length,0.8677171468734741
gemma-2-9b-it,7,8,0.17073170731707318,False,raw_magnitude,category,MG,mean_coverage,0.7795103192329407
gemma-2-9b-it,7,8,0.17073170731707318,False,raw_magnitude,category,MG,minimum_coverage,0.6317607164382935
gemma-2-9b-it,7,8,0.17073170731707318,False,raw_magnitude,category,MG,coverage_standard_deviation,0.1282929629087448
gemma-2-9b-it,7,8,0.17073170731707318,False,raw_magnitude,category,MG,resultant_length,0.7826417684555054
gemma-2-9b-it,8,9,0.1951219512195122,False,unit_normalized,mechanism,prefix_injection,C_k,0.873092532157898
gemma-2-9b-it,8,9,0.1951219512195122,False,unit_normalized,mechanism,prefix_injection,parallel_energy_fraction,0.7622905697098901
gemma-2-9b-it,8,9,0.1951219512195122,False,unit_normalized,mechanism,prefix_injection,residual_energy_fraction,0.23770943029010994
gemma-2-9b-it,8,9,0.1951219512195122,False,unit_normalized,mechanism,refusal_suppression,C_k,0.8670676946640015
gemma-2-9b-it,8,9,0.1951219512195122,False,unit_normalized,mechanism,refusal_suppression,parallel_energy_fraction,0.7518063871299461
gemma-2-9b-it,8,9,0.1951219512195122,False,unit_normalized,mechanism,refusal_suppression,residual_energy_fraction,0.24819361287005393
gemma-2-9b-it,8,9,0.1951219512195122,False,unit_normalized,mechanism,persona_roleplay,C_k,0.824432909488678
gemma-2-9b-it,8,9,0.1951219512195122,False,unit_normalized,mechanism,persona_roleplay,parallel_energy_fraction,0.6796896222479667
gemma-2-9b-it,8,9,0.1951219512195122,False,unit_normalized,mechanism,persona_roleplay,residual_energy_fraction,0.3203103777520333
gemma-2-9b-it,8,9,0.1951219512195122,False,unit_normalized,mechanism,encoding_obfuscation,C_k,0.8063943982124329
gemma-2-9b-it,8,9,0.1951219512195122,False,unit_normalized,mechanism,encoding_obfuscation,parallel_energy_fraction,0.6502719254683917
gemma-2-9b-it,8,9,0.1951219512195122,False,unit_normalized,mechanism,encoding_obfuscation,residual_energy_fraction,0.34972807453160826
gemma-2-9b-it,8,9,0.1951219512195122,False,unit_normalized,mechanism,payload_splitting,C_k,0.8565881252288818
gemma-2-9b-it,8,9,0.1951219512195122,False,unit_normalized,mechanism,payload_splitting,parallel_energy_fraction,0.7337432162831306
gemma-2-9b-it,8,9,0.1951219512195122,False,unit_normalized,mechanism,payload_splitting,residual_energy_fraction,0.26625678371686945
gemma-2-9b-it,8,9,0.1951219512195122,False,unit_normalized,mechanism,distractors_negated,C_k,0.6998045444488525
gemma-2-9b-it,8,9,0.1951219512195122,False,unit_normalized,mechanism,distractors_negated,parallel_energy_fraction,0.48972640043126603
gemma-2-9b-it,8,9,0.1951219512195122,False,unit_normalized,mechanism,distractors_negated,residual_energy_fraction,0.510273599568734
gemma-2-9b-it,8,9,0.1951219512195122,False,unit_normalized,category,CO,mean_coverage,0.8548643589019775
gemma-2-9b-it,8,9,0.1951219512195122,False,unit_normalized,category,CO,minimum_coverage,0.824432909488678
gemma-2-9b-it,8,9,0.1951219512195122,False,unit_normalized,category,CO,coverage_standard_deviation,0.026526032015681267
gemma-2-9b-it,8,9,0.1951219512195122,False,unit_normalized,category,CO,resultant_length,0.8548643589019775
gemma-2-9b-it,8,9,0.1951219512195122,False,unit_normalized,category,MG,mean_coverage,0.7875956892967224
gemma-2-9b-it,8,9,0.1951219512195122,False,unit_normalized,category,MG,minimum_coverage,0.6998045444488525
gemma-2-9b-it,8,9,0.1951219512195122,False,unit_normalized,category,MG,coverage_standard_deviation,0.08006445318460464
gemma-2-9b-it,8,9,0.1951219512195122,False,unit_normalized,category,MG,resultant_length,0.7875956892967224
gemma-2-9b-it,8,9,0.1951219512195122,False,raw_magnitude,mechanism,prefix_injection,C_k,0.8662328720092773
gemma-2-9b-it,8,9,0.1951219512195122,False,raw_magnitude,mechanism,prefix_injection,parallel_energy_fraction,0.7503593885494411
gemma-2-9b-it,8,9,0.1951219512195122,False,raw_magnitude,mechanism,prefix_injection,residual_energy_fraction,0.24964061145055894
gemma-2-9b-it,8,9,0.1951219512195122,False,raw_magnitude,mechanism,refusal_suppression,C_k,0.8613355159759521
gemma-2-9b-it,8,9,0.1951219512195122,False,raw_magnitude,mechanism,refusal_suppression,parallel_energy_fraction,0.7418988710815597
gemma-2-9b-it,8,9,0.1951219512195122,False,raw_magnitude,mechanism,refusal_suppression,residual_energy_fraction,0.2581011289184403
gemma-2-9b-it,8,9,0.1951219512195122,False,raw_magnitude,mechanism,persona_roleplay,C_k,0.836425244808197
gemma-2-9b-it,8,9,0.1951219512195122,False,raw_magnitude,mechanism,persona_roleplay,parallel_energy_fraction,0.6996071901524523
gemma-2-9b-it,8,9,0.1951219512195122,False,raw_magnitude,mechanism,persona_roleplay,residual_energy_fraction,0.3003928098475477
gemma-2-9b-it,8,9,0.1951219512195122,False,raw_magnitude,mechanism,encoding_obfuscation,C_k,0.8566564917564392
gemma-2-9b-it,8,9,0.1951219512195122,False,raw_magnitude,mechanism,encoding_obfuscation,parallel_energy_fraction,0.7338603448684502
gemma-2-9b-it,8,9,0.1951219512195122,False,raw_magnitude,mechanism,encoding_obfuscation,residual_energy_fraction,0.2661396551315498
gemma-2-9b-it,8,9,0.1951219512195122,False,raw_magnitude,mechanism,payload_splitting,C_k,0.8575141429901123
gemma-2-9b-it,8,9,0.1951219512195122,False,raw_magnitude,mechanism,payload_splitting,parallel_energy_fraction,0.7353305054280668
gemma-2-9b-it,8,9,0.1951219512195122,False,raw_magnitude,mechanism,payload_splitting,residual_energy_fraction,0.26466949457193323
gemma-2-9b-it,8,9,0.1951219512195122,False,raw_magnitude,mechanism,distractors_negated,C_k,0.6380255222320557
gemma-2-9b-it,8,9,0.1951219512195122,False,raw_magnitude,mechanism,distractors_negated,parallel_energy_fraction,0.40707656701948736
gemma-2-9b-it,8,9,0.1951219512195122,False,raw_magnitude,mechanism,distractors_negated,residual_energy_fraction,0.5929234329805126
gemma-2-9b-it,8,9,0.1951219512195122,False,raw_magnitude,category,CO,mean_coverage,0.8546645641326904
gemma-2-9b-it,8,9,0.1951219512195122,False,raw_magnitude,category,CO,minimum_coverage,0.836425244808197
gemma-2-9b-it,8,9,0.1951219512195122,False,raw_magnitude,category,CO,coverage_standard_deviation,0.015984369441866875
gemma-2-9b-it,8,9,0.1951219512195122,False,raw_magnitude,category,CO,resultant_length,0.8548643589019775
gemma-2-9b-it,8,9,0.1951219512195122,False,raw_magnitude,category,MG,mean_coverage,0.7840654253959656
gemma-2-9b-it,8,9,0.1951219512195122,False,raw_magnitude,category,MG,minimum_coverage,0.6380255222320557
gemma-2-9b-it,8,9,0.1951219512195122,False,raw_magnitude,category,MG,coverage_standard_deviation,0.12647496163845062
gemma-2-9b-it,8,9,0.1951219512195122,False,raw_magnitude,category,MG,resultant_length,0.7875956892967224
gemma-2-9b-it,9,10,0.21951219512195122,False,unit_normalized,mechanism,prefix_injection,C_k,0.8053542375564575
gemma-2-9b-it,9,10,0.21951219512195122,False,unit_normalized,mechanism,prefix_injection,parallel_energy_fraction,0.648595447950143
gemma-2-9b-it,9,10,0.21951219512195122,False,unit_normalized,mechanism,prefix_injection,residual_energy_fraction,0.351404552049857
gemma-2-9b-it,9,10,0.21951219512195122,False,unit_normalized,mechanism,refusal_suppression,C_k,0.8266675472259521
gemma-2-9b-it,9,10,0.21951219512195122,False,unit_normalized,mechanism,refusal_suppression,parallel_energy_fraction,0.6833792336365718
gemma-2-9b-it,9,10,0.21951219512195122,False,unit_normalized,mechanism,refusal_suppression,residual_energy_fraction,0.3166207663634282
gemma-2-9b-it,9,10,0.21951219512195122,False,unit_normalized,mechanism,persona_roleplay,C_k,0.7530797719955444
gemma-2-9b-it,9,10,0.21951219512195122,False,unit_normalized,mechanism,persona_roleplay,parallel_energy_fraction,0.5671291429888612
gemma-2-9b-it,9,10,0.21951219512195122,False,unit_normalized,mechanism,persona_roleplay,residual_energy_fraction,0.4328708570111388
gemma-2-9b-it,9,10,0.21951219512195122,False,unit_normalized,mechanism,encoding_obfuscation,C_k,0.7789995670318604
gemma-2-9b-it,9,10,0.21951219512195122,False,unit_normalized,mechanism,encoding_obfuscation,parallel_energy_fraction,0.6068403254358259
gemma-2-9b-it,9,10,0.21951219512195122,False,unit_normalized,mechanism,encoding_obfuscation,residual_energy_fraction,0.3931596745641741
gemma-2-9b-it,9,10,0.21951219512195122,False,unit_normalized,mechanism,payload_splitting,C_k,0.81708824634552
gemma-2-9b-it,9,10,0.21951219512195122,False,unit_normalized,mechanism,payload_splitting,parallel_energy_fraction,0.6676332023159972
gemma-2-9b-it,9,10,0.21951219512195122,False,unit_normalized,mechanism,payload_splitting,residual_energy_fraction,0.3323667976840028
gemma-2-9b-it,9,10,0.21951219512195122,False,unit_normalized,mechanism,distractors_negated,C_k,0.6752229928970337
gemma-2-9b-it,9,10,0.21951219512195122,False,unit_normalized,mechanism,distractors_negated,parallel_energy_fraction,0.4559260901368276
gemma-2-9b-it,9,10,0.21951219512195122,False,unit_normalized,mechanism,distractors_negated,residual_energy_fraction,0.5440739098631724
gemma-2-9b-it,9,10,0.21951219512195122,False,unit_normalized,category,CO,mean_coverage,0.795033872127533
gemma-2-9b-it,9,10,0.21951219512195122,False,unit_normalized,category,CO,minimum_coverage,0.7530797719955444
gemma-2-9b-it,9,10,0.21951219512195122,False,unit_normalized,category,CO,coverage_standard_deviation,0.037863872945308685
gemma-2-9b-it,9,10,0.21951219512195122,False,unit_normalized,category,CO,resultant_length,0.7950337529182434
gemma-2-9b-it,9,10,0.21951219512195122,False,unit_normalized,category,MG,mean_coverage,0.7571036219596863
gemma-2-9b-it,9,10,0.21951219512195122,False,unit_normalized,category,MG,minimum_coverage,0.6752229928970337
gemma-2-9b-it,9,10,0.21951219512195122,False,unit_normalized,category,MG,coverage_standard_deviation,0.07342351227998734
gemma-2-9b-it,9,10,0.21951219512195122,False,unit_normalized,category,MG,resultant_length,0.7571035623550415
gemma-2-9b-it,9,10,0.21951219512195122,False,raw_magnitude,mechanism,prefix_injection,C_k,0.7900495529174805
gemma-2-9b-it,9,10,0.21951219512195122,False,raw_magnitude,mechanism,prefix_injection,parallel_energy_fraction,0.6241782960651108
gemma-2-9b-it,9,10,0.21951219512195122,False,raw_magnitude,mechanism,prefix_injection,residual_energy_fraction,0.37582170393488923
gemma-2-9b-it,9,10,0.21951219512195122,False,raw_magnitude,mechanism,refusal_suppression,C_k,0.775995135307312
gemma-2-9b-it,9,10,0.21951219512195122,False,raw_magnitude,mechanism,refusal_suppression,parallel_energy_fraction,0.6021684500206135
gemma-2-9b-it,9,10,0.21951219512195122,False,raw_magnitude,mechanism,refusal_suppression,residual_energy_fraction,0.3978315499793865
gemma-2-9b-it,9,10,0.21951219512195122,False,raw_magnitude,mechanism,persona_roleplay,C_k,0.8076041340827942
gemma-2-9b-it,9,10,0.21951219512195122,False,raw_magnitude,mechanism,persona_roleplay,parallel_energy_fraction,0.6522244373876198
gemma-2-9b-it,9,10,0.21951219512195122,False,raw_magnitude,mechanism,persona_roleplay,residual_energy_fraction,0.3477755626123802
gemma-2-9b-it,9,10,0.21951219512195122,False,raw_magnitude,mechanism,encoding_obfuscation,C_k,0.75192791223526
gemma-2-9b-it,9,10,0.21951219512195122,False,raw_magnitude,mechanism,encoding_obfuscation,parallel_energy_fraction,0.5653955851984769
gemma-2-9b-it,9,10,0.21951219512195122,False,raw_magnitude,mechanism,encoding_obfuscation,residual_energy_fraction,0.4346044148015231
gemma-2-9b-it,9,10,0.21951219512195122,False,raw_magnitude,mechanism,payload_splitting,C_k,0.7811657786369324
gemma-2-9b-it,9,10,0.21951219512195122,False,raw_magnitude,mechanism,payload_splitting,parallel_energy_fraction,0.6102199737134448
gemma-2-9b-it,9,10,0.21951219512195122,False,raw_magnitude,mechanism,payload_splitting,residual_energy_fraction,0.38978002628655517
gemma-2-9b-it,9,10,0.21951219512195122,False,raw_magnitude,mechanism,distractors_negated,C_k,0.7309237718582153
gemma-2-9b-it,9,10,0.21951219512195122,False,raw_magnitude,mechanism,distractors_negated,parallel_energy_fraction,0.5342495602674404
gemma-2-9b-it,9,10,0.21951219512195122,False,raw_magnitude,mechanism,distractors_negated,residual_energy_fraction,0.4657504397325596
gemma-2-9b-it,9,10,0.21951219512195122,False,raw_magnitude,category,CO,mean_coverage,0.7912163138389587
gemma-2-9b-it,9,10,0.21951219512195122,False,raw_magnitude,category,CO,minimum_coverage,0.775995135307312
gemma-2-9b-it,9,10,0.21951219512195122,False,raw_magnitude,category,CO,coverage_standard_deviation,0.015836765989661217
gemma-2-9b-it,9,10,0.21951219512195122,False,raw_magnitude,category,CO,resultant_length,0.7950337529182434
gemma-2-9b-it,9,10,0.21951219512195122,False,raw_magnitude,category,MG,mean_coverage,0.7546725273132324
gemma-2-9b-it,9,10,0.21951219512195122,False,raw_magnitude,category,MG,minimum_coverage,0.7309237718582153
gemma-2-9b-it,9,10,0.21951219512195122,False,raw_magnitude,category,MG,coverage_standard_deviation,0.025233199819922447
gemma-2-9b-it,9,10,0.21951219512195122,False,raw_magnitude,category,MG,resultant_length,0.7571035623550415
gemma-2-9b-it,10,11,0.24390243902439024,False,unit_normalized,mechanism,prefix_injection,C_k,0.8388287425041199
gemma-2-9b-it,10,11,0.24390243902439024,False,unit_normalized,mechanism,prefix_injection,parallel_energy_fraction,0.703633659251043
gemma-2-9b-it,10,11,0.24390243902439024,False,unit_normalized,mechanism,prefix_injection,residual_energy_fraction,0.29636634074895696
gemma-2-9b-it,10,11,0.24390243902439024,False,unit_normalized,mechanism,refusal_suppression,C_k,0.8320629596710205
gemma-2-9b-it,10,11,0.24390243902439024,False,unit_normalized,mechanism,refusal_suppression,parallel_energy_fraction,0.6923287688564983
gemma-2-9b-it,10,11,0.24390243902439024,False,unit_normalized,mechanism,refusal_suppression,residual_energy_fraction,0.3076712311435017
gemma-2-9b-it,10,11,0.24390243902439024,False,unit_normalized,mechanism,persona_roleplay,C_k,0.7715518474578857
gemma-2-9b-it,10,11,0.24390243902439024,False,unit_normalized,mechanism,persona_roleplay,parallel_energy_fraction,0.5952922533156766
gemma-2-9b-it,10,11,0.24390243902439024,False,unit_normalized,mechanism,persona_roleplay,residual_energy_fraction,0.4047077466843234
gemma-2-9b-it,10,11,0.24390243902439024,False,unit_normalized,mechanism,encoding_obfuscation,C_k,0.7962470054626465
gemma-2-9b-it,10,11,0.24390243902439024,False,unit_normalized,mechanism,encoding_obfuscation,parallel_energy_fraction,0.6340092937082318
gemma-2-9b-it,10,11,0.24390243902439024,False,unit_normalized,mechanism,encoding_obfuscation,residual_energy_fraction,0.3659907062917682
gemma-2-9b-it,10,11,0.24390243902439024,False,unit_normalized,mechanism,payload_splitting,C_k,0.8457209467887878
gemma-2-9b-it,10,11,0.24390243902439024,False,unit_normalized,mechanism,payload_splitting,parallel_energy_fraction,0.7152439198373237
gemma-2-9b-it,10,11,0.24390243902439024,False,unit_normalized,mechanism,payload_splitting,residual_energy_fraction,0.2847560801626763
gemma-2-9b-it,10,11,0.24390243902439024,False,unit_normalized,mechanism,distractors_negated,C_k,0.7367817163467407
gemma-2-9b-it,10,11,0.24390243902439024,False,unit_normalized,mechanism,distractors_negated,parallel_energy_fraction,0.5428472975428491
gemma-2-9b-it,10,11,0.24390243902439024,False,unit_normalized,mechanism,distractors_negated,residual_energy_fraction,0.4571527024571509
gemma-2-9b-it,10,11,0.24390243902439024,False,unit_normalized,category,CO,mean_coverage,0.8141478896141052
gemma-2-9b-it,10,11,0.24390243902439024,False,unit_normalized,category,CO,minimum_coverage,0.7715518474578857
gemma-2-9b-it,10,11,0.24390243902439024,False,unit_normalized,category,CO,coverage_standard_deviation,0.03704400733113289
gemma-2-9b-it,10,11,0.24390243902439024,False,unit_normalized,category,CO,resultant_length,0.8141477704048157
gemma-2-9b-it,10,11,0.24390243902439024,False,unit_normalized,category,MG,mean_coverage,0.7929165959358215
gemma-2-9b-it,10,11,0.24390243902439024,False,unit_normalized,category,MG,minimum_coverage,0.7367817163467407
gemma-2-9b-it,10,11,0.24390243902439024,False,unit_normalized,category,MG,coverage_standard_deviation,0.05454592406749725
gemma-2-9b-it,10,11,0.24390243902439024,False,unit_normalized,category,MG,resultant_length,0.7929165363311768
gemma-2-9b-it,10,11,0.24390243902439024,False,raw_magnitude,mechanism,prefix_injection,C_k,0.8257830739021301
gemma-2-9b-it,10,11,0.24390243902439024,False,raw_magnitude,mechanism,prefix_injection,parallel_energy_fraction,0.6819176851432509
gemma-2-9b-it,10,11,0.24390243902439024,False,raw_magnitude,mechanism,prefix_injection,residual_energy_fraction,0.3180823148567491
gemma-2-9b-it,10,11,0.24390243902439024,False,raw_magnitude,mechanism,refusal_suppression,C_k,0.8221456408500671
gemma-2-9b-it,10,11,0.24390243902439024,False,raw_magnitude,mechanism,refusal_suppression,parallel_energy_fraction,0.6759234547687676
gemma-2-9b-it,10,11,0.24390243902439024,False,raw_magnitude,mechanism,refusal_suppression,residual_energy_fraction,0.3240765452312324
gemma-2-9b-it,10,11,0.24390243902439024,False,raw_magnitude,mechanism,persona_roleplay,C_k,0.793038547039032
gemma-2-9b-it,10,11,0.24390243902439024,False,raw_magnitude,mechanism,persona_roleplay,parallel_energy_fraction,0.6289101370897789
gemma-2-9b-it,10,11,0.24390243902439024,False,raw_magnitude,mechanism,persona_roleplay,residual_energy_fraction,0.37108986291022106
gemma-2-9b-it,10,11,0.24390243902439024,False,raw_magnitude,mechanism,encoding_obfuscation,C_k,0.780161440372467
gemma-2-9b-it,10,11,0.24390243902439024,False,raw_magnitude,mechanism,encoding_obfuscation,parallel_energy_fraction,0.6086518730440424
gemma-2-9b-it,10,11,0.24390243902439024,False,raw_magnitude,mechanism,encoding_obfuscation,residual_energy_fraction,0.39134812695595755
gemma-2-9b-it,10,11,0.24390243902439024,False,raw_magnitude,mechanism,payload_splitting,C_k,0.8282780647277832
gemma-2-9b-it,10,11,0.24390243902439024,False,raw_magnitude,mechanism,payload_splitting,parallel_energy_fraction,0.6860445525092018
gemma-2-9b-it,10,11,0.24390243902439024,False,raw_magnitude,mechanism,payload_splitting,residual_energy_fraction,0.3139554474907982
gemma-2-9b-it,10,11,0.24390243902439024,False,raw_magnitude,mechanism,distractors_negated,C_k,0.7676286697387695
gemma-2-9b-it,10,11,0.24390243902439024,False,raw_magnitude,mechanism,distractors_negated,parallel_energy_fraction,0.5892537746049129
gemma-2-9b-it,10,11,0.24390243902439024,False,raw_magnitude,mechanism,distractors_negated,residual_energy_fraction,0.4107462253950871
gemma-2-9b-it,10,11,0.24390243902439024,False,raw_magnitude,category,CO,mean_coverage,0.8136557936668396
gemma-2-9b-it,10,11,0.24390243902439024,False,raw_magnitude,category,CO,minimum_coverage,0.793038547039032
gemma-2-9b-it,10,11,0.24390243902439024,False,raw_magnitude,category,CO,coverage_standard_deviation,0.01794741302728653
gemma-2-9b-it,10,11,0.24390243902439024,False,raw_magnitude,category,CO,resultant_length,0.8141477704048157
gemma-2-9b-it,10,11,0.24390243902439024,False,raw_magnitude,category,MG,mean_coverage,0.792022705078125
gemma-2-9b-it,10,11,0.24390243902439024,False,raw_magnitude,category,MG,minimum_coverage,0.7676286697387695
gemma-2-9b-it,10,11,0.24390243902439024,False,raw_magnitude,category,MG,coverage_standard_deviation,0.03201725706458092
gemma-2-9b-it,10,11,0.24390243902439024,False,raw_magnitude,category,MG,resultant_length,0.7929165363311768
gemma-2-9b-it,11,12,0.2682926829268293,False,unit_normalized,mechanism,prefix_injection,C_k,0.8343410491943359
gemma-2-9b-it,11,12,0.2682926829268293,False,unit_normalized,mechanism,prefix_injection,parallel_energy_fraction,0.6961249863707053
gemma-2-9b-it,11,12,0.2682926829268293,False,unit_normalized,mechanism,prefix_injection,residual_energy_fraction,0.3038750136292947
gemma-2-9b-it,11,12,0.2682926829268293,False,unit_normalized,mechanism,refusal_suppression,C_k,0.842920184135437
gemma-2-9b-it,11,12,0.2682926829268293,False,unit_normalized,mechanism,refusal_suppression,parallel_energy_fraction,0.710514436822919
gemma-2-9b-it,11,12,0.2682926829268293,False,unit_normalized,mechanism,refusal_suppression,residual_energy_fraction,0.28948556317708096
gemma-2-9b-it,11,12,0.2682926829268293,False,unit_normalized,mechanism,persona_roleplay,C_k,0.7553382515907288
gemma-2-9b-it,11,12,0.2682926829268293,False,unit_normalized,mechanism,persona_roleplay,parallel_energy_fraction,0.5705358743161391
gemma-2-9b-it,11,12,0.2682926829268293,False,unit_normalized,mechanism,persona_roleplay,residual_energy_fraction,0.42946412568386094
gemma-2-9b-it,11,12,0.2682926829268293,False,unit_normalized,mechanism,encoding_obfuscation,C_k,0.7914487719535828
gemma-2-9b-it,11,12,0.2682926829268293,False,unit_normalized,mechanism,encoding_obfuscation,parallel_energy_fraction,0.6263911586268343
gemma-2-9b-it,11,12,0.2682926829268293,False,unit_normalized,mechanism,encoding_obfuscation,residual_energy_fraction,0.37360884137316575
gemma-2-9b-it,11,12,0.2682926829268293,False,unit_normalized,mechanism,payload_splitting,C_k,0.8529453873634338
gemma-2-9b-it,11,12,0.2682926829268293,False,unit_normalized,mechanism,payload_splitting,parallel_energy_fraction,0.7275158338245582
gemma-2-9b-it,11,12,0.2682926829268293,False,unit_normalized,mechanism,payload_splitting,residual_energy_fraction,0.2724841661754418
gemma-2-9b-it,11,12,0.2682926829268293,False,unit_normalized,mechanism,distractors_negated,C_k,0.7460221648216248
gemma-2-9b-it,11,12,0.2682926829268293,False,unit_normalized,mechanism,distractors_negated,parallel_energy_fraction,0.5565490704051435
gemma-2-9b-it,11,12,0.2682926829268293,False,unit_normalized,mechanism,distractors_negated,residual_energy_fraction,0.44345092959485655
gemma-2-9b-it,11,12,0.2682926829268293,False,unit_normalized,category,CO,mean_coverage,0.8108665347099304
gemma-2-9b-it,11,12,0.2682926829268293,False,unit_normalized,category,CO,minimum_coverage,0.7553382515907288
gemma-2-9b-it,11,12,0.2682926829268293,False,unit_normalized,category,CO,coverage_standard_deviation,0.04827980697154999
gemma-2-9b-it,11,12,0.2682926829268293,False,unit_normalized,category,CO,resultant_length,0.8108664751052856
gemma-2-9b-it,11,12,0.2682926829268293,False,unit_normalized,category,MG,mean_coverage,0.7968054413795471
gemma-2-9b-it,11,12,0.2682926829268293,False,unit_normalized,category,MG,minimum_coverage,0.7460221648216248
gemma-2-9b-it,11,12,0.2682926829268293,False,unit_normalized,category,MG,coverage_standard_deviation,0.0536625050008297
gemma-2-9b-it,11,12,0.2682926829268293,False,unit_normalized,category,MG,resultant_length,0.7968053817749023
gemma-2-9b-it,11,12,0.2682926829268293,False,raw_magnitude,mechanism,prefix_injection,C_k,0.8189441561698914
gemma-2-9b-it,11,12,0.2682926829268293,False,raw_magnitude,mechanism,prefix_injection,parallel_energy_fraction,0.6706695309248154
gemma-2-9b-it,11,12,0.2682926829268293,False,raw_magnitude,mechanism,prefix_injection,residual_energy_fraction,0.3293304690751846
gemma-2-9b-it,11,12,0.2682926829268293,False,raw_magnitude,mechanism,refusal_suppression,C_k,0.8289382457733154
gemma-2-9b-it,11,12,0.2682926829268293,False,raw_magnitude,mechanism,refusal_suppression,parallel_energy_fraction,0.6871386153057415
gemma-2-9b-it,11,12,0.2682926829268293,False,raw_magnitude,mechanism,refusal_suppression,residual_energy_fraction,0.3128613846942585
gemma-2-9b-it,11,12,0.2682926829268293,False,raw_magnitude,mechanism,persona_roleplay,C_k,0.78251713514328
gemma-2-9b-it,11,12,0.2682926829268293,False,raw_magnitude,mechanism,persona_roleplay,parallel_energy_fraction,0.6123330667928464
gemma-2-9b-it,11,12,0.2682926829268293,False,raw_magnitude,mechanism,persona_roleplay,residual_energy_fraction,0.3876669332071536
gemma-2-9b-it,11,12,0.2682926829268293,False,raw_magnitude,mechanism,encoding_obfuscation,C_k,0.7879164218902588
gemma-2-9b-it,11,12,0.2682926829268293,False,raw_magnitude,mechanism,encoding_obfuscation,parallel_energy_fraction,0.6208122878843483
gemma-2-9b-it,11,12,0.2682926829268293,False,raw_magnitude,mechanism,encoding_obfuscation,residual_energy_fraction,0.3791877121156517
gemma-2-9b-it,11,12,0.2682926829268293,False,raw_magnitude,mechanism,payload_splitting,C_k,0.8359641432762146
gemma-2-9b-it,11,12,0.2682926829268293,False,raw_magnitude,mechanism,payload_splitting,parallel_energy_fraction,0.6988360488435355
gemma-2-9b-it,11,12,0.2682926829268293,False,raw_magnitude,mechanism,payload_splitting,residual_energy_fraction,0.30116395115646455
gemma-2-9b-it,11,12,0.2682926829268293,False,raw_magnitude,mechanism,distractors_negated,C_k,0.7650498151779175
gemma-2-9b-it,11,12,0.2682926829268293,False,raw_magnitude,mechanism,distractors_negated,parallel_energy_fraction,0.5853012197037657
gemma-2-9b-it,11,12,0.2682926829268293,False,raw_magnitude,mechanism,distractors_negated,residual_energy_fraction,0.4146987802962343
gemma-2-9b-it,11,12,0.2682926829268293,False,raw_magnitude,category,CO,mean_coverage,0.8101332187652588
gemma-2-9b-it,11,12,0.2682926829268293,False,raw_magnitude,category,CO,minimum_coverage,0.78251713514328
gemma-2-9b-it,11,12,0.2682926829268293,False,raw_magnitude,category,CO,coverage_standard_deviation,0.024432659149169922
gemma-2-9b-it,11,12,0.2682926829268293,False,raw_magnitude,category,CO,resultant_length,0.8108664751052856
gemma-2-9b-it,11,12,0.2682926829268293,False,raw_magnitude,category,MG,mean_coverage,0.7963101267814636
gemma-2-9b-it,11,12,0.2682926829268293,False,raw_magnitude,category,MG,minimum_coverage,0.7650498151779175
gemma-2-9b-it,11,12,0.2682926829268293,False,raw_magnitude,category,MG,coverage_standard_deviation,0.03619462996721268
gemma-2-9b-it,11,12,0.2682926829268293,False,raw_magnitude,category,MG,resultant_length,0.7968053817749023
gemma-2-9b-it,12,13,0.2926829268292683,False,unit_normalized,mechanism,prefix_injection,C_k,0.8273020386695862
gemma-2-9b-it,12,13,0.2926829268292683,False,unit_normalized,mechanism,prefix_injection,parallel_energy_fraction,0.6844286631868535
gemma-2-9b-it,12,13,0.2926829268292683,False,unit_normalized,mechanism,prefix_injection,residual_energy_fraction,0.31557133681314653
gemma-2-9b-it,12,13,0.2926829268292683,False,unit_normalized,mechanism,refusal_suppression,C_k,0.8474786281585693
gemma-2-9b-it,12,13,0.2926829268292683,False,unit_normalized,mechanism,refusal_suppression,parallel_energy_fraction,0.7182200251855306
gemma-2-9b-it,12,13,0.2926829268292683,False,unit_normalized,mechanism,refusal_suppression,residual_energy_fraction,0.28177997481446937
gemma-2-9b-it,12,13,0.2926829268292683,False,unit_normalized,mechanism,persona_roleplay,C_k,0.770744800567627
gemma-2-9b-it,12,13,0.2926829268292683,False,unit_normalized,mechanism,persona_roleplay,parallel_energy_fraction,0.594047547602031
gemma-2-9b-it,12,13,0.2926829268292683,False,unit_normalized,mechanism,persona_roleplay,residual_energy_fraction,0.40595245239796895
gemma-2-9b-it,12,13,0.2926829268292683,False,unit_normalized,mechanism,encoding_obfuscation,C_k,0.7703660726547241
gemma-2-9b-it,12,13,0.2926829268292683,False,unit_normalized,mechanism,encoding_obfuscation,parallel_energy_fraction,0.5934638858974637
gemma-2-9b-it,12,13,0.2926829268292683,False,unit_normalized,mechanism,encoding_obfuscation,residual_energy_fraction,0.4065361141025363
gemma-2-9b-it,12,13,0.2926829268292683,False,unit_normalized,mechanism,payload_splitting,C_k,0.8467227220535278
gemma-2-9b-it,12,13,0.2926829268292683,False,unit_normalized,mechanism,payload_splitting,parallel_energy_fraction,0.7169393680417357
gemma-2-9b-it,12,13,0.2926829268292683,False,unit_normalized,mechanism,payload_splitting,residual_energy_fraction,0.28306063195826425
gemma-2-9b-it,12,13,0.2926829268292683,False,unit_normalized,mechanism,distractors_negated,C_k,0.730737030506134
gemma-2-9b-it,12,13,0.2926829268292683,False,unit_normalized,mechanism,distractors_negated,parallel_energy_fraction,0.5339766077529227
gemma-2-9b-it,12,13,0.2926829268292683,False,unit_normalized,mechanism,distractors_negated,residual_energy_fraction,0.46602339224707734
gemma-2-9b-it,12,13,0.2926829268292683,False,unit_normalized,category,CO,mean_coverage,0.8151751160621643
gemma-2-9b-it,12,13,0.2926829268292683,False,unit_normalized,category,CO,minimum_coverage,0.770744800567627
gemma-2-9b-it,12,13,0.2926829268292683,False,unit_normalized,category,CO,coverage_standard_deviation,0.03977833688259125
gemma-2-9b-it,12,13,0.2926829268292683,False,unit_normalized,category,CO,resultant_length,0.8151752352714539
gemma-2-9b-it,12,13,0.2926829268292683,False,unit_normalized,category,MG,mean_coverage,0.7826085686683655
gemma-2-9b-it,12,13,0.2926829268292683,False,unit_normalized,category,MG,minimum_coverage,0.730737030506134
gemma-2-9b-it,12,13,0.2926829268292683,False,unit_normalized,category,MG,coverage_standard_deviation,0.05895404890179634
gemma-2-9b-it,12,13,0.2926829268292683,False,unit_normalized,category,MG,resultant_length,0.7826085090637207
gemma-2-9b-it,12,13,0.2926829268292683,False,raw_magnitude,mechanism,prefix_injection,C_k,0.815493643283844
gemma-2-9b-it,12,13,0.2926829268292683,False,raw_magnitude,mechanism,prefix_injection,parallel_energy_fraction,0.6650298822363574
gemma-2-9b-it,12,13,0.2926829268292683,False,raw_magnitude,mechanism,prefix_injection,residual_energy_fraction,0.3349701177636426
gemma-2-9b-it,12,13,0.2926829268292683,False,raw_magnitude,mechanism,refusal_suppression,C_k,0.8417158126831055
gemma-2-9b-it,12,13,0.2926829268292683,False,raw_magnitude,mechanism,refusal_suppression,parallel_energy_fraction,0.7084855093207807
gemma-2-9b-it,12,13,0.2926829268292683,False,raw_magnitude,mechanism,refusal_suppression,residual_energy_fraction,0.2915144906792193
gemma-2-9b-it,12,13,0.2926829268292683,False,raw_magnitude,mechanism,persona_roleplay,C_k,0.7874166369438171
gemma-2-9b-it,12,13,0.2926829268292683,False,raw_magnitude,mechanism,persona_roleplay,parallel_energy_fraction,0.6200249601359111
gemma-2-9b-it,12,13,0.2926829268292683,False,raw_magnitude,mechanism,persona_roleplay,residual_energy_fraction,0.37997503986408887
gemma-2-9b-it,12,13,0.2926829268292683,False,raw_magnitude,mechanism,encoding_obfuscation,C_k,0.77822345495224
gemma-2-9b-it,12,13,0.2926829268292683,False,raw_magnitude,mechanism,encoding_obfuscation,parallel_energy_fraction,0.6056317458378011
gemma-2-9b-it,12,13,0.2926829268292683,False,raw_magnitude,mechanism,encoding_obfuscation,residual_energy_fraction,0.3943682541621989
gemma-2-9b-it,12,13,0.2926829268292683,False,raw_magnitude,mechanism,payload_splitting,C_k,0.8218113780021667
gemma-2-9b-it,12,13,0.2926829268292683,False,raw_magnitude,mechanism,payload_splitting,parallel_energy_fraction,0.6753739410138202
gemma-2-9b-it,12,13,0.2926829268292683,False,raw_magnitude,mechanism,payload_splitting,residual_energy_fraction,0.3246260589861798
gemma-2-9b-it,12,13,0.2926829268292683,False,raw_magnitude,mechanism,distractors_negated,C_k,0.7453895807266235
gemma-2-9b-it,12,13,0.2926829268292683,False,raw_magnitude,mechanism,distractors_negated,parallel_energy_fraction,0.5556056270558116
gemma-2-9b-it,12,13,0.2926829268292683,False,raw_magnitude,mechanism,distractors_negated,residual_energy_fraction,0.4443943729441884
gemma-2-9b-it,12,13,0.2926829268292683,False,raw_magnitude,category,CO,mean_coverage,0.8148753643035889
gemma-2-9b-it,12,13,0.2926829268292683,False,raw_magnitude,category,CO,minimum_coverage,0.7874166369438171
gemma-2-9b-it,12,13,0.2926829268292683,False,raw_magnitude,category,CO,coverage_standard_deviation,0.027154866605997086
gemma-2-9b-it,12,13,0.2926829268292683,False,raw_magnitude,category,CO,resultant_length,0.8151752352714539
gemma-2-9b-it,12,13,0.2926829268292683,False,raw_magnitude,category,MG,mean_coverage,0.7818081378936768
gemma-2-9b-it,12,13,0.2926829268292683,False,raw_magnitude,category,MG,minimum_coverage,0.7453895807266235
gemma-2-9b-it,12,13,0.2926829268292683,False,raw_magnitude,category,MG,coverage_standard_deviation,0.038336798548698425
gemma-2-9b-it,12,13,0.2926829268292683,False,raw_magnitude,category,MG,resultant_length,0.7826085090637207
gemma-2-9b-it,13,14,0.3170731707317073,False,unit_normalized,mechanism,prefix_injection,C_k,0.8413476943969727
gemma-2-9b-it,13,14,0.3170731707317073,False,unit_normalized,mechanism,prefix_injection,parallel_energy_fraction,0.7078659428671017
gemma-2-9b-it,13,14,0.3170731707317073,False,unit_normalized,mechanism,prefix_injection,residual_energy_fraction,0.2921340571328983
gemma-2-9b-it,13,14,0.3170731707317073,False,unit_normalized,mechanism,refusal_suppression,C_k,0.861221969127655
gemma-2-9b-it,13,14,0.3170731707317073,False,unit_normalized,mechanism,refusal_suppression,parallel_energy_fraction,0.7417032801081156
gemma-2-9b-it,13,14,0.3170731707317073,False,unit_normalized,mechanism,refusal_suppression,residual_energy_fraction,0.2582967198918844
gemma-2-9b-it,13,14,0.3170731707317073,False,unit_normalized,mechanism,persona_roleplay,C_k,0.7865862846374512
gemma-2-9b-it,13,14,0.3170731707317073,False,unit_normalized,mechanism,persona_roleplay,parallel_energy_fraction,0.6187179831797494
gemma-2-9b-it,13,14,0.3170731707317073,False,unit_normalized,mechanism,persona_roleplay,residual_energy_fraction,0.38128201682025065
gemma-2-9b-it,13,14,0.3170731707317073,False,unit_normalized,mechanism,encoding_obfuscation,C_k,0.7876659631729126
gemma-2-9b-it,13,14,0.3170731707317073,False,unit_normalized,mechanism,encoding_obfuscation,parallel_energy_fraction,0.6204176695411121
gemma-2-9b-it,13,14,0.3170731707317073,False,unit_normalized,mechanism,encoding_obfuscation,residual_energy_fraction,0.3795823304588879
gemma-2-9b-it,13,14,0.3170731707317073,False,unit_normalized,mechanism,payload_splitting,C_k,0.8489176034927368
gemma-2-9b-it,13,14,0.3170731707317073,False,unit_normalized,mechanism,payload_splitting,parallel_energy_fraction,0.7206610975198515
gemma-2-9b-it,13,14,0.3170731707317073,False,unit_normalized,mechanism,payload_splitting,residual_energy_fraction,0.2793389024801485
gemma-2-9b-it,13,14,0.3170731707317073,False,unit_normalized,mechanism,distractors_negated,C_k,0.7311504483222961
gemma-2-9b-it,13,14,0.3170731707317073,False,unit_normalized,mechanism,distractors_negated,parallel_energy_fraction,0.5345809780818946
gemma-2-9b-it,13,14,0.3170731707317073,False,unit_normalized,mechanism,distractors_negated,residual_energy_fraction,0.46541902191810536
gemma-2-9b-it,13,14,0.3170731707317073,False,unit_normalized,category,CO,mean_coverage,0.8297186493873596
gemma-2-9b-it,13,14,0.3170731707317073,False,unit_normalized,category,CO,minimum_coverage,0.7865862846374512
gemma-2-9b-it,13,14,0.3170731707317073,False,unit_normalized,category,CO,coverage_standard_deviation,0.03865290805697441
gemma-2-9b-it,13,14,0.3170731707317073,False,unit_normalized,category,CO,resultant_length,0.8297184705734253
gemma-2-9b-it,13,14,0.3170731707317073,False,unit_normalized,category,MG,mean_coverage,0.7892446517944336
gemma-2-9b-it,13,14,0.3170731707317073,False,unit_normalized,category,MG,minimum_coverage,0.7311504483222961
gemma-2-9b-it,13,14,0.3170731707317073,False,unit_normalized,category,MG,coverage_standard_deviation,0.058899447321891785
gemma-2-9b-it,13,14,0.3170731707317073,False,unit_normalized,category,MG,resultant_length,0.7892446517944336
gemma-2-9b-it,13,14,0.3170731707317073,False,raw_magnitude,mechanism,prefix_injection,C_k,0.8311132192611694
gemma-2-9b-it,13,14,0.3170731707317073,False,raw_magnitude,mechanism,prefix_injection,parallel_energy_fraction,0.6907491832306647
gemma-2-9b-it,13,14,0.3170731707317073,False,raw_magnitude,mechanism,prefix_injection,residual_energy_fraction,0.3092508167693353
gemma-2-9b-it,13,14,0.3170731707317073,False,raw_magnitude,mechanism,refusal_suppression,C_k,0.8565891981124878
gemma-2-9b-it,13,14,0.3170731707317073,False,raw_magnitude,mechanism,refusal_suppression,parallel_energy_fraction,0.7337450543229949
gemma-2-9b-it,13,14,0.3170731707317073,False,raw_magnitude,mechanism,refusal_suppression,residual_energy_fraction,0.26625494567700514
gemma-2-9b-it,13,14,0.3170731707317073,False,raw_magnitude,mechanism,persona_roleplay,C_k,0.8007453680038452
gemma-2-9b-it,13,14,0.3170731707317073,False,raw_magnitude,mechanism,persona_roleplay,parallel_energy_fraction,0.6411931443796135
gemma-2-9b-it,13,14,0.3170731707317073,False,raw_magnitude,mechanism,persona_roleplay,residual_energy_fraction,0.3588068556203865
gemma-2-9b-it,13,14,0.3170731707317073,False,raw_magnitude,mechanism,encoding_obfuscation,C_k,0.7848849892616272
gemma-2-9b-it,13,14,0.3170731707317073,False,raw_magnitude,mechanism,encoding_obfuscation,parallel_energy_fraction,0.6160444463682246
gemma-2-9b-it,13,14,0.3170731707317073,False,raw_magnitude,mechanism,encoding_obfuscation,residual_energy_fraction,0.38395555363177536
gemma-2-9b-it,13,14,0.3170731707317073,False,raw_magnitude,mechanism,payload_splitting,C_k,0.8270673751831055
gemma-2-9b-it,13,14,0.3170731707317073,False,raw_magnitude,mechanism,payload_splitting,parallel_energy_fraction,0.6840404430922717
gemma-2-9b-it,13,14,0.3170731707317073,False,raw_magnitude,mechanism,payload_splitting,residual_energy_fraction,0.31595955690772826
gemma-2-9b-it,13,14,0.3170731707317073,False,raw_magnitude,mechanism,distractors_negated,C_k,0.7536001801490784
gemma-2-9b-it,13,14,0.3170731707317073,False,raw_magnitude,mechanism,distractors_negated,parallel_energy_fraction,0.5679132315207234
gemma-2-9b-it,13,14,0.3170731707317073,False,raw_magnitude,mechanism,distractors_negated,residual_energy_fraction,0.43208676847927663
gemma-2-9b-it,13,14,0.3170731707317073,False,raw_magnitude,category,CO,mean_coverage,0.8294825553894043
gemma-2-9b-it,13,14,0.3170731707317073,False,raw_magnitude,category,CO,minimum_coverage,0.8007453680038452
gemma-2-9b-it,13,14,0.3170731707317073,False,raw_magnitude,category,CO,coverage_standard_deviation,0.027957603335380554
gemma-2-9b-it,13,14,0.3170731707317073,False,raw_magnitude,category,CO,resultant_length,0.8297184705734253
gemma-2-9b-it,13,14,0.3170731707317073,False,raw_magnitude,category,MG,mean_coverage,0.7885174751281738
gemma-2-9b-it,13,14,0.3170731707317073,False,raw_magnitude,category,MG,minimum_coverage,0.7536001801490784
gemma-2-9b-it,13,14,0.3170731707317073,False,raw_magnitude,category,MG,coverage_standard_deviation,0.036868058145046234
gemma-2-9b-it,13,14,0.3170731707317073,False,raw_magnitude,category,MG,resultant_length,0.7892446517944336
gemma-2-9b-it,14,15,0.34146341463414637,False,unit_normalized,mechanism,prefix_injection,C_k,0.8105088472366333
gemma-2-9b-it,14,15,0.34146341463414637,False,unit_normalized,mechanism,prefix_injection,parallel_energy_fraction,0.6569245914488562
gemma-2-9b-it,14,15,0.34146341463414637,False,unit_normalized,mechanism,prefix_injection,residual_energy_fraction,0.3430754085511438
gemma-2-9b-it,14,15,0.34146341463414637,False,unit_normalized,mechanism,refusal_suppression,C_k,0.8716732859611511
gemma-2-9b-it,14,15,0.34146341463414637,False,unit_normalized,mechanism,refusal_suppression,parallel_energy_fraction,0.7598143174583107
gemma-2-9b-it,14,15,0.34146341463414637,False,unit_normalized,mechanism,refusal_suppression,residual_energy_fraction,0.24018568254168926
gemma-2-9b-it,14,15,0.34146341463414637,False,unit_normalized,mechanism,persona_roleplay,C_k,0.7747162580490112
gemma-2-9b-it,14,15,0.34146341463414637,False,unit_normalized,mechanism,persona_roleplay,parallel_energy_fraction,0.6001852804854622
gemma-2-9b-it,14,15,0.34146341463414637,False,unit_normalized,mechanism,persona_roleplay,residual_energy_fraction,0.39981471951453784
gemma-2-9b-it,14,15,0.34146341463414637,False,unit_normalized,mechanism,encoding_obfuscation,C_k,0.7917912602424622
gemma-2-9b-it,14,15,0.34146341463414637,False,unit_normalized,mechanism,encoding_obfuscation,parallel_energy_fraction,0.6269333997963464
gemma-2-9b-it,14,15,0.34146341463414637,False,unit_normalized,mechanism,encoding_obfuscation,residual_energy_fraction,0.37306660020365356
gemma-2-9b-it,14,15,0.34146341463414637,False,unit_normalized,mechanism,payload_splitting,C_k,0.863560676574707
gemma-2-9b-it,14,15,0.34146341463414637,False,unit_normalized,mechanism,payload_splitting,parallel_energy_fraction,0.7457370421261658
gemma-2-9b-it,14,15,0.34146341463414637,False,unit_normalized,mechanism,payload_splitting,residual_energy_fraction,0.25426295787383424
gemma-2-9b-it,14,15,0.34146341463414637,False,unit_normalized,mechanism,distractors_negated,C_k,0.7144508957862854
gemma-2-9b-it,14,15,0.34146341463414637,False,unit_normalized,mechanism,distractors_negated,parallel_energy_fraction,0.5104400824898256
gemma-2-9b-it,14,15,0.34146341463414637,False,unit_normalized,mechanism,distractors_negated,residual_energy_fraction,0.48955991751017436
gemma-2-9b-it,14,15,0.34146341463414637,False,unit_normalized,category,CO,mean_coverage,0.8189660906791687
gemma-2-9b-it,14,15,0.34146341463414637,False,unit_normalized,category,CO,minimum_coverage,0.7747162580490112
gemma-2-9b-it,14,15,0.34146341463414637,False,unit_normalized,category,CO,coverage_standard_deviation,0.0490286722779274
gemma-2-9b-it,14,15,0.34146341463414637,False,unit_normalized,category,CO,resultant_length,0.8189660310745239
gemma-2-9b-it,14,15,0.34146341463414637,False,unit_normalized,category,MG,mean_coverage,0.7899342179298401
gemma-2-9b-it,14,15,0.34146341463414637,False,unit_normalized,category,MG,minimum_coverage,0.7144508957862854
gemma-2-9b-it,14,15,0.34146341463414637,False,unit_normalized,category,MG,coverage_standard_deviation,0.07457223534584045
gemma-2-9b-it,14,15,0.34146341463414637,False,unit_normalized,category,MG,resultant_length,0.7899343371391296
gemma-2-9b-it,14,15,0.34146341463414637,False,raw_magnitude,mechanism,prefix_injection,C_k,0.7859880924224854
gemma-2-9b-it,14,15,0.34146341463414637,False,raw_magnitude,mechanism,prefix_injection,parallel_energy_fraction,0.6177772814299374
gemma-2-9b-it,14,15,0.34146341463414637,False,raw_magnitude,mechanism,prefix_injection,residual_energy_fraction,0.3822227185700626
gemma-2-9b-it,14,15,0.34146341463414637,False,raw_magnitude,mechanism,refusal_suppression,C_k,0.8620545864105225
gemma-2-9b-it,14,15,0.34146341463414637,False,raw_magnitude,mechanism,refusal_suppression,parallel_energy_fraction,0.7431381099514169
gemma-2-9b-it,14,15,0.34146341463414637,False,raw_magnitude,mechanism,refusal_suppression,residual_energy_fraction,0.25686189004858306
gemma-2-9b-it,14,15,0.34146341463414637,False,raw_magnitude,mechanism,persona_roleplay,C_k,0.8056432604789734
gemma-2-9b-it,14,15,0.34146341463414637,False,raw_magnitude,mechanism,persona_roleplay,parallel_energy_fraction,0.649061063155191
gemma-2-9b-it,14,15,0.34146341463414637,False,raw_magnitude,mechanism,persona_roleplay,residual_energy_fraction,0.35093893684480904
gemma-2-9b-it,14,15,0.34146341463414637,False,raw_magnitude,mechanism,encoding_obfuscation,C_k,0.7972738742828369
gemma-2-9b-it,14,15,0.34146341463414637,False,raw_magnitude,mechanism,encoding_obfuscation,parallel_energy_fraction,0.6356456306139648
gemma-2-9b-it,14,15,0.34146341463414637,False,raw_magnitude,mechanism,encoding_obfuscation,residual_energy_fraction,0.36435436938603516
gemma-2-9b-it,14,15,0.34146341463414637,False,raw_magnitude,mechanism,payload_splitting,C_k,0.8483951687812805
gemma-2-9b-it,14,15,0.34146341463414637,False,raw_magnitude,mechanism,payload_splitting,parallel_energy_fraction,0.7197743624114175
gemma-2-9b-it,14,15,0.34146341463414637,False,raw_magnitude,mechanism,payload_splitting,residual_energy_fraction,0.28022563758858254
gemma-2-9b-it,14,15,0.34146341463414637,False,raw_magnitude,mechanism,distractors_negated,C_k,0.7231031060218811
gemma-2-9b-it,14,15,0.34146341463414637,False,raw_magnitude,mechanism,distractors_negated,parallel_energy_fraction,0.5228781019384918
gemma-2-9b-it,14,15,0.34146341463414637,False,raw_magnitude,mechanism,distractors_negated,residual_energy_fraction,0.4771218980615082
gemma-2-9b-it,14,15,0.34146341463414637,False,raw_magnitude,category,CO,mean_coverage,0.8178953528404236
gemma-2-9b-it,14,15,0.34146341463414637,False,raw_magnitude,category,CO,minimum_coverage,0.7859880924224854
gemma-2-9b-it,14,15,0.34146341463414637,False,raw_magnitude,category,CO,coverage_standard_deviation,0.03948559984564781
gemma-2-9b-it,14,15,0.34146341463414637,False,raw_magnitude,category,CO,resultant_length,0.8189660310745239
gemma-2-9b-it,14,15,0.34146341463414637,False,raw_magnitude,category,MG,mean_coverage,0.7895906567573547
gemma-2-9b-it,14,15,0.34146341463414637,False,raw_magnitude,category,MG,minimum_coverage,0.7231031060218811
gemma-2-9b-it,14,15,0.34146341463414637,False,raw_magnitude,category,MG,coverage_standard_deviation,0.06299839913845062
gemma-2-9b-it,14,15,0.34146341463414637,False,raw_magnitude,category,MG,resultant_length,0.7899343371391296
gemma-2-9b-it,15,16,0.36585365853658536,False,unit_normalized,mechanism,prefix_injection,C_k,0.7997193932533264
gemma-2-9b-it,15,16,0.36585365853658536,False,unit_normalized,mechanism,prefix_injection,parallel_energy_fraction,0.6395511079454685
gemma-2-9b-it,15,16,0.36585365853658536,False,unit_normalized,mechanism,prefix_injection,residual_energy_fraction,0.36044889205453146
gemma-2-9b-it,15,16,0.36585365853658536,False,unit_normalized,mechanism,refusal_suppression,C_k,0.8511224389076233
gemma-2-9b-it,15,16,0.36585365853658536,False,unit_normalized,mechanism,refusal_suppression,parallel_energy_fraction,0.7244094060120609
gemma-2-9b-it,15,16,0.36585365853658536,False,unit_normalized,mechanism,refusal_suppression,residual_energy_fraction,0.27559059398793906
gemma-2-9b-it,15,16,0.36585365853658536,False,unit_normalized,mechanism,persona_roleplay,C_k,0.7467519044876099
gemma-2-9b-it,15,16,0.36585365853658536,False,unit_normalized,mechanism,persona_roleplay,parallel_energy_fraction,0.5576384068558724
gemma-2-9b-it,15,16,0.36585365853658536,False,unit_normalized,mechanism,persona_roleplay,residual_energy_fraction,0.4423615931441276
gemma-2-9b-it,15,16,0.36585365853658536,False,unit_normalized,mechanism,encoding_obfuscation,C_k,0.7929348349571228
gemma-2-9b-it,15,16,0.36585365853658536,False,unit_normalized,mechanism,encoding_obfuscation,parallel_energy_fraction,0.6287456524884796
gemma-2-9b-it,15,16,0.36585365853658536,False,unit_normalized,mechanism,encoding_obfuscation,residual_energy_fraction,0.3712543475115204
gemma-2-9b-it,15,16,0.36585365853658536,False,unit_normalized,mechanism,payload_splitting,C_k,0.8841813206672668
gemma-2-9b-it,15,16,0.36585365853658536,False,unit_normalized,mechanism,payload_splitting,parallel_energy_fraction,0.7817766078169122
gemma-2-9b-it,15,16,0.36585365853658536,False,unit_normalized,mechanism,payload_splitting,residual_energy_fraction,0.21822339218308784
gemma-2-9b-it,15,16,0.36585365853658536,False,unit_normalized,mechanism,distractors_negated,C_k,0.7545714378356934
gemma-2-9b-it,15,16,0.36585365853658536,False,unit_normalized,mechanism,distractors_negated,parallel_energy_fraction,0.5693780547974256
gemma-2-9b-it,15,16,0.36585365853658536,False,unit_normalized,mechanism,distractors_negated,residual_energy_fraction,0.43062194520257435
gemma-2-9b-it,15,16,0.36585365853658536,False,unit_normalized,category,CO,mean_coverage,0.7991979122161865
gemma-2-9b-it,15,16,0.36585365853658536,False,unit_normalized,category,CO,minimum_coverage,0.7467519044876099
gemma-2-9b-it,15,16,0.36585365853658536,False,unit_normalized,category,CO,coverage_standard_deviation,0.052187222987413406
gemma-2-9b-it,15,16,0.36585365853658536,False,unit_normalized,category,CO,resultant_length,0.7991979718208313
gemma-2-9b-it,15,16,0.36585365853658536,False,unit_normalized,category,MG,mean_coverage,0.8105625510215759
gemma-2-9b-it,15,16,0.36585365853658536,False,unit_normalized,category,MG,minimum_coverage,0.7545714378356934
gemma-2-9b-it,15,16,0.36585365853658536,False,unit_normalized,category,MG,coverage_standard_deviation,0.06657876819372177
gemma-2-9b-it,15,16,0.36585365853658536,False,unit_normalized,category,MG,resultant_length,0.8105625510215759
gemma-2-9b-it,15,16,0.36585365853658536,False,raw_magnitude,mechanism,prefix_injection,C_k,0.784351110458374
gemma-2-9b-it,15,16,0.36585365853658536,False,raw_magnitude,mechanism,prefix_injection,parallel_energy_fraction,0.6152066644772844
gemma-2-9b-it,15,16,0.36585365853658536,False,raw_magnitude,mechanism,prefix_injection,residual_energy_fraction,0.38479333552271555
gemma-2-9b-it,15,16,0.36585365853658536,False,raw_magnitude,mechanism,refusal_suppression,C_k,0.8478355407714844
gemma-2-9b-it,15,16,0.36585365853658536,False,raw_magnitude,mechanism,refusal_suppression,parallel_energy_fraction,0.7188251041952753
gemma-2-9b-it,15,16,0.36585365853658536,False,raw_magnitude,mechanism,refusal_suppression,residual_energy_fraction,0.28117489580472466
gemma-2-9b-it,15,16,0.36585365853658536,False,raw_magnitude,mechanism,persona_roleplay,C_k,0.7644206881523132
gemma-2-9b-it,15,16,0.36585365853658536,False,raw_magnitude,mechanism,persona_roleplay,parallel_energy_fraction,0.5843389884752561
gemma-2-9b-it,15,16,0.36585365853658536,False,raw_magnitude,mechanism,persona_roleplay,residual_energy_fraction,0.4156610115247439
gemma-2-9b-it,15,16,0.36585365853658536,False,raw_magnitude,mechanism,encoding_obfuscation,C_k,0.7774041891098022
gemma-2-9b-it,15,16,0.36585365853658536,False,raw_magnitude,mechanism,encoding_obfuscation,parallel_energy_fraction,0.6043572732454692
gemma-2-9b-it,15,16,0.36585365853658536,False,raw_magnitude,mechanism,encoding_obfuscation,residual_energy_fraction,0.3956427267545308
gemma-2-9b-it,15,16,0.36585365853658536,False,raw_magnitude,mechanism,payload_splitting,C_k,0.869664192199707
gemma-2-9b-it,15,16,0.36585365853658536,False,raw_magnitude,mechanism,payload_splitting,parallel_energy_fraction,0.756315807194369
gemma-2-9b-it,15,16,0.36585365853658536,False,raw_magnitude,mechanism,payload_splitting,residual_energy_fraction,0.24368419280563103
gemma-2-9b-it,15,16,0.36585365853658536,False,raw_magnitude,mechanism,distractors_negated,C_k,0.7822027206420898
gemma-2-9b-it,15,16,0.36585365853658536,False,raw_magnitude,mechanism,distractors_negated,parallel_energy_fraction,0.6118410961798872
gemma-2-9b-it,15,16,0.36585365853658536,False,raw_magnitude,mechanism,distractors_negated,residual_energy_fraction,0.38815890382011276
gemma-2-9b-it,15,16,0.36585365853658536,False,raw_magnitude,category,CO,mean_coverage,0.7988691329956055
gemma-2-9b-it,15,16,0.36585365853658536,False,raw_magnitude,category,CO,minimum_coverage,0.7644206881523132
gemma-2-9b-it,15,16,0.36585365853658536,False,raw_magnitude,category,CO,coverage_standard_deviation,0.04356132075190544
gemma-2-9b-it,15,16,0.36585365853658536,False,raw_magnitude,category,CO,resultant_length,0.7991979718208313
gemma-2-9b-it,15,16,0.36585365853658536,False,raw_magnitude,category,MG,mean_coverage,0.8097570538520813
gemma-2-9b-it,15,16,0.36585365853658536,False,raw_magnitude,category,MG,minimum_coverage,0.7774041891098022
gemma-2-9b-it,15,16,0.36585365853658536,False,raw_magnitude,category,MG,coverage_standard_deviation,0.051936570554971695
gemma-2-9b-it,15,16,0.36585365853658536,False,raw_magnitude,category,MG,resultant_length,0.8105625510215759
gemma-2-9b-it,16,17,0.3902439024390244,False,unit_normalized,mechanism,prefix_injection,C_k,0.8014311790466309
gemma-2-9b-it,16,17,0.3902439024390244,False,unit_normalized,mechanism,prefix_injection,parallel_energy_fraction,0.6422919347480729
gemma-2-9b-it,16,17,0.3902439024390244,False,unit_normalized,mechanism,prefix_injection,residual_energy_fraction,0.3577080652519271
gemma-2-9b-it,16,17,0.3902439024390244,False,unit_normalized,mechanism,refusal_suppression,C_k,0.8584557771682739
gemma-2-9b-it,16,17,0.3902439024390244,False,unit_normalized,mechanism,refusal_suppression,parallel_energy_fraction,0.7369463213535852
gemma-2-9b-it,16,17,0.3902439024390244,False,unit_normalized,mechanism,refusal_suppression,residual_energy_fraction,0.2630536786464148
gemma-2-9b-it,16,17,0.3902439024390244,False,unit_normalized,mechanism,persona_roleplay,C_k,0.7550243735313416
gemma-2-9b-it,16,17,0.3902439024390244,False,unit_normalized,mechanism,persona_roleplay,parallel_energy_fraction,0.5700618046263948
gemma-2-9b-it,16,17,0.3902439024390244,False,unit_normalized,mechanism,persona_roleplay,residual_energy_fraction,0.4299381953736052
gemma-2-9b-it,16,17,0.3902439024390244,False,unit_normalized,mechanism,encoding_obfuscation,C_k,0.8233218193054199
gemma-2-9b-it,16,17,0.3902439024390244,False,unit_normalized,mechanism,encoding_obfuscation,parallel_energy_fraction,0.6778588181443865
gemma-2-9b-it,16,17,0.3902439024390244,False,unit_normalized,mechanism,encoding_obfuscation,residual_energy_fraction,0.32214118185561347
gemma-2-9b-it,16,17,0.3902439024390244,False,unit_normalized,mechanism,payload_splitting,C_k,0.863135814666748
gemma-2-9b-it,16,17,0.3902439024390244,False,unit_normalized,mechanism,payload_splitting,parallel_energy_fraction,0.7450034345604308
gemma-2-9b-it,16,17,0.3902439024390244,False,unit_normalized,mechanism,payload_splitting,residual_energy_fraction,0.25499656543956917
gemma-2-9b-it,16,17,0.3902439024390244,False,unit_normalized,mechanism,distractors_negated,C_k,0.7364436388015747
gemma-2-9b-it,16,17,0.3902439024390244,False,unit_normalized,mechanism,distractors_negated,parallel_energy_fraction,0.5423492331313042
gemma-2-9b-it,16,17,0.3902439024390244,False,unit_normalized,mechanism,distractors_negated,residual_energy_fraction,0.45765076686869577
gemma-2-9b-it,16,17,0.3902439024390244,False,unit_normalized,category,CO,mean_coverage,0.8049704432487488
gemma-2-9b-it,16,17,0.3902439024390244,False,unit_normalized,category,CO,minimum_coverage,0.7550243735313416
gemma-2-9b-it,16,17,0.3902439024390244,False,unit_normalized,category,CO,coverage_standard_deviation,0.05180645361542702
gemma-2-9b-it,16,17,0.3902439024390244,False,unit_normalized,category,CO,resultant_length,0.8049705028533936
gemma-2-9b-it,16,17,0.3902439024390244,False,unit_normalized,category,MG,mean_coverage,0.8076336979866028
gemma-2-9b-it,16,17,0.3902439024390244,False,unit_normalized,category,MG,minimum_coverage,0.7364436388015747
gemma-2-9b-it,16,17,0.3902439024390244,False,unit_normalized,category,MG,coverage_standard_deviation,0.06478667259216309
gemma-2-9b-it,16,17,0.3902439024390244,False,unit_normalized,category,MG,resultant_length,0.8076338171958923
gemma-2-9b-it,16,17,0.3902439024390244,False,raw_magnitude,mechanism,prefix_injection,C_k,0.7900511026382446
gemma-2-9b-it,16,17,0.3902439024390244,False,raw_magnitude,mechanism,prefix_injection,parallel_energy_fraction,0.6241807447799061
gemma-2-9b-it,16,17,0.3902439024390244,False,raw_magnitude,mechanism,prefix_injection,residual_energy_fraction,0.37581925522009385
gemma-2-9b-it,16,17,0.3902439024390244,False,raw_magnitude,mechanism,refusal_suppression,C_k,0.8597565293312073
gemma-2-9b-it,16,17,0.3902439024390244,False,raw_magnitude,mechanism,refusal_suppression,parallel_energy_fraction,0.7391812897276431
gemma-2-9b-it,16,17,0.3902439024390244,False,raw_magnitude,mechanism,refusal_suppression,residual_energy_fraction,0.2608187102723569
gemma-2-9b-it,16,17,0.3902439024390244,False,raw_magnitude,mechanism,persona_roleplay,C_k,0.764665961265564
gemma-2-9b-it,16,17,0.3902439024390244,False,raw_magnitude,mechanism,persona_roleplay,parallel_energy_fraction,0.584714032318189
gemma-2-9b-it,16,17,0.3902439024390244,False,raw_magnitude,mechanism,persona_roleplay,residual_energy_fraction,0.41528596768181103
gemma-2-9b-it,16,17,0.3902439024390244,False,raw_magnitude,mechanism,encoding_obfuscation,C_k,0.8020197153091431
gemma-2-9b-it,16,17,0.3902439024390244,False,raw_magnitude,mechanism,encoding_obfuscation,parallel_energy_fraction,0.6432356237445589
gemma-2-9b-it,16,17,0.3902439024390244,False,raw_magnitude,mechanism,encoding_obfuscation,residual_energy_fraction,0.3567643762554411
gemma-2-9b-it,16,17,0.3902439024390244,False,raw_magnitude,mechanism,payload_splitting,C_k,0.8410114049911499
gemma-2-9b-it,16,17,0.3902439024390244,False,raw_magnitude,mechanism,payload_splitting,parallel_energy_fraction,0.707300183325188
gemma-2-9b-it,16,17,0.3902439024390244,False,raw_magnitude,mechanism,payload_splitting,residual_energy_fraction,0.29269981667481204
gemma-2-9b-it,16,17,0.3902439024390244,False,raw_magnitude,mechanism,distractors_negated,C_k,0.7754746079444885
gemma-2-9b-it,16,17,0.3902439024390244,False,raw_magnitude,mechanism,distractors_negated,parallel_energy_fraction,0.6013608675666582
gemma-2-9b-it,16,17,0.3902439024390244,False,raw_magnitude,mechanism,distractors_negated,residual_energy_fraction,0.3986391324333418
gemma-2-9b-it,16,17,0.3902439024390244,False,raw_magnitude,category,CO,mean_coverage,0.8048245310783386
gemma-2-9b-it,16,17,0.3902439024390244,False,raw_magnitude,category,CO,minimum_coverage,0.764665961265564
gemma-2-9b-it,16,17,0.3902439024390244,False,raw_magnitude,category,CO,coverage_standard_deviation,0.04923661798238754
gemma-2-9b-it,16,17,0.3902439024390244,False,raw_magnitude,category,CO,resultant_length,0.8049705028533936
gemma-2-9b-it,16,17,0.3902439024390244,False,raw_magnitude,category,MG,mean_coverage,0.8061685562133789
gemma-2-9b-it,16,17,0.3902439024390244,False,raw_magnitude,category,MG,minimum_coverage,0.7754746079444885
gemma-2-9b-it,16,17,0.3902439024390244,False,raw_magnitude,category,MG,coverage_standard_deviation,0.0329647958278656
gemma-2-9b-it,16,17,0.3902439024390244,False,raw_magnitude,category,MG,resultant_length,0.8076338171958923
gemma-2-9b-it,17,18,0.4146341463414634,False,unit_normalized,mechanism,prefix_injection,C_k,0.7942651510238647
gemma-2-9b-it,17,18,0.4146341463414634,False,unit_normalized,mechanism,prefix_injection,parallel_energy_fraction,0.6308571301309627
gemma-2-9b-it,17,18,0.4146341463414634,False,unit_normalized,mechanism,prefix_injection,residual_energy_fraction,0.3691428698690373
gemma-2-9b-it,17,18,0.4146341463414634,False,unit_normalized,mechanism,refusal_suppression,C_k,0.8638983964920044
gemma-2-9b-it,17,18,0.4146341463414634,False,unit_normalized,mechanism,refusal_suppression,parallel_energy_fraction,0.7463204394614564
gemma-2-9b-it,17,18,0.4146341463414634,False,unit_normalized,mechanism,refusal_suppression,residual_energy_fraction,0.25367956053854357
gemma-2-9b-it,17,18,0.4146341463414634,False,unit_normalized,mechanism,persona_roleplay,C_k,0.7717546820640564
gemma-2-9b-it,17,18,0.4146341463414634,False,unit_normalized,mechanism,persona_roleplay,parallel_energy_fraction,0.5956052892877928
gemma-2-9b-it,17,18,0.4146341463414634,False,unit_normalized,mechanism,persona_roleplay,residual_energy_fraction,0.40439471071220723
gemma-2-9b-it,17,18,0.4146341463414634,False,unit_normalized,mechanism,encoding_obfuscation,C_k,0.8213239908218384
gemma-2-9b-it,17,18,0.4146341463414634,False,unit_normalized,mechanism,encoding_obfuscation,parallel_energy_fraction,0.6745730978995113
gemma-2-9b-it,17,18,0.4146341463414634,False,unit_normalized,mechanism,encoding_obfuscation,residual_energy_fraction,0.32542690210048875
gemma-2-9b-it,17,18,0.4146341463414634,False,unit_normalized,mechanism,payload_splitting,C_k,0.8564822673797607
gemma-2-9b-it,17,18,0.4146341463414634,False,unit_normalized,mechanism,payload_splitting,parallel_energy_fraction,0.733561874335976
gemma-2-9b-it,17,18,0.4146341463414634,False,unit_normalized,mechanism,payload_splitting,residual_energy_fraction,0.26643812566402403
gemma-2-9b-it,17,18,0.4146341463414634,False,unit_normalized,mechanism,distractors_negated,C_k,0.7168148756027222
gemma-2-9b-it,17,18,0.4146341463414634,False,unit_normalized,mechanism,distractors_negated,parallel_energy_fraction,0.5138235658853461
gemma-2-9b-it,17,18,0.4146341463414634,False,unit_normalized,mechanism,distractors_negated,residual_energy_fraction,0.48617643411465394
gemma-2-9b-it,17,18,0.4146341463414634,False,unit_normalized,category,CO,mean_coverage,0.8099727630615234
gemma-2-9b-it,17,18,0.4146341463414634,False,unit_normalized,category,CO,minimum_coverage,0.7717546820640564
gemma-2-9b-it,17,18,0.4146341463414634,False,unit_normalized,category,CO,coverage_standard_deviation,0.04803813621401787
gemma-2-9b-it,17,18,0.4146341463414634,False,unit_normalized,category,CO,resultant_length,0.8099727034568787
gemma-2-9b-it,17,18,0.4146341463414634,False,unit_normalized,category,MG,mean_coverage,0.7982070446014404
gemma-2-9b-it,17,18,0.4146341463414634,False,unit_normalized,category,MG,minimum_coverage,0.7168148756027222
gemma-2-9b-it,17,18,0.4146341463414634,False,unit_normalized,category,MG,coverage_standard_deviation,0.07264667749404907
gemma-2-9b-it,17,18,0.4146341463414634,False,unit_normalized,category,MG,resultant_length,0.7982069849967957
gemma-2-9b-it,17,18,0.4146341463414634,False,raw_magnitude,mechanism,prefix_injection,C_k,0.7869449853897095
gemma-2-9b-it,17,18,0.4146341463414634,False,raw_magnitude,mechanism,prefix_injection,parallel_energy_fraction,0.61928241003001
gemma-2-9b-it,17,18,0.4146341463414634,False,raw_magnitude,mechanism,prefix_injection,residual_energy_fraction,0.38071758996998994
gemma-2-9b-it,17,18,0.4146341463414634,False,raw_magnitude,mechanism,refusal_suppression,C_k,0.8683652877807617
gemma-2-9b-it,17,18,0.4146341463414634,False,raw_magnitude,mechanism,refusal_suppression,parallel_energy_fraction,0.7540582730225651
gemma-2-9b-it,17,18,0.4146341463414634,False,raw_magnitude,mechanism,refusal_suppression,residual_energy_fraction,0.24594172697743488
gemma-2-9b-it,17,18,0.4146341463414634,False,raw_magnitude,mechanism,persona_roleplay,C_k,0.7744035124778748
gemma-2-9b-it,17,18,0.4146341463414634,False,raw_magnitude,mechanism,persona_roleplay,parallel_energy_fraction,0.5997008001380699
gemma-2-9b-it,17,18,0.4146341463414634,False,raw_magnitude,mechanism,persona_roleplay,residual_energy_fraction,0.4002991998619301
gemma-2-9b-it,17,18,0.4146341463414634,False,raw_magnitude,mechanism,encoding_obfuscation,C_k,0.7893152236938477
gemma-2-9b-it,17,18,0.4146341463414634,False,raw_magnitude,mechanism,encoding_obfuscation,parallel_energy_fraction,0.6230185223548688
gemma-2-9b-it,17,18,0.4146341463414634,False,raw_magnitude,mechanism,encoding_obfuscation,residual_energy_fraction,0.37698147764513124
gemma-2-9b-it,17,18,0.4146341463414634,False,raw_magnitude,mechanism,payload_splitting,C_k,0.8254178762435913
gemma-2-9b-it,17,18,0.4146341463414634,False,raw_magnitude,mechanism,payload_splitting,parallel_energy_fraction,0.6813146704224806
gemma-2-9b-it,17,18,0.4146341463414634,False,raw_magnitude,mechanism,payload_splitting,residual_energy_fraction,0.3186853295775194
gemma-2-9b-it,17,18,0.4146341463414634,False,raw_magnitude,mechanism,distractors_negated,C_k,0.7717151641845703
gemma-2-9b-it,17,18,0.4146341463414634,False,raw_magnitude,mechanism,distractors_negated,parallel_energy_fraction,0.5955442946324183
gemma-2-9b-it,17,18,0.4146341463414634,False,raw_magnitude,mechanism,distractors_negated,residual_energy_fraction,0.4044557053675817
gemma-2-9b-it,17,18,0.4146341463414634,False,raw_magnitude,category,CO,mean_coverage,0.8099045753479004
gemma-2-9b-it,17,18,0.4146341463414634,False,raw_magnitude,category,CO,minimum_coverage,0.7744035124778748
gemma-2-9b-it,17,18,0.4146341463414634,False,raw_magnitude,category,CO,coverage_standard_deviation,0.051015306264162064
gemma-2-9b-it,17,18,0.4146341463414634,False,raw_magnitude,category,CO,resultant_length,0.8099727034568787
gemma-2-9b-it,17,18,0.4146341463414634,False,raw_magnitude,category,MG,mean_coverage,0.7954828143119812
gemma-2-9b-it,17,18,0.4146341463414634,False,raw_magnitude,category,MG,minimum_coverage,0.7717151641845703
gemma-2-9b-it,17,18,0.4146341463414634,False,raw_magnitude,category,MG,coverage_standard_deviation,0.02737743780016899
gemma-2-9b-it,17,18,0.4146341463414634,False,raw_magnitude,category,MG,resultant_length,0.7982069849967957
gemma-2-9b-it,18,19,0.43902439024390244,False,unit_normalized,mechanism,prefix_injection,C_k,0.7427434921264648
gemma-2-9b-it,18,19,0.43902439024390244,False,unit_normalized,mechanism,prefix_injection,parallel_energy_fraction,0.5516678950962159
gemma-2-9b-it,18,19,0.43902439024390244,False,unit_normalized,mechanism,prefix_injection,residual_energy_fraction,0.44833210490378406
gemma-2-9b-it,18,19,0.43902439024390244,False,unit_normalized,mechanism,refusal_suppression,C_k,0.8723788857460022
gemma-2-9b-it,18,19,0.43902439024390244,False,unit_normalized,mechanism,refusal_suppression,parallel_energy_fraction,0.7610449202954364
gemma-2-9b-it,18,19,0.43902439024390244,False,unit_normalized,mechanism,refusal_suppression,residual_energy_fraction,0.23895507970456364
gemma-2-9b-it,18,19,0.43902439024390244,False,unit_normalized,mechanism,persona_roleplay,C_k,0.7315976619720459
gemma-2-9b-it,18,19,0.43902439024390244,False,unit_normalized,mechanism,persona_roleplay,parallel_energy_fraction,0.5352351390029639
gemma-2-9b-it,18,19,0.43902439024390244,False,unit_normalized,mechanism,persona_roleplay,residual_energy_fraction,0.46476486099703607
gemma-2-9b-it,18,19,0.43902439024390244,False,unit_normalized,mechanism,encoding_obfuscation,C_k,0.8294723033905029
gemma-2-9b-it,18,19,0.43902439024390244,False,unit_normalized,mechanism,encoding_obfuscation,parallel_energy_fraction,0.6880243020919465
gemma-2-9b-it,18,19,0.43902439024390244,False,unit_normalized,mechanism,encoding_obfuscation,residual_energy_fraction,0.31197569790805346
gemma-2-9b-it,18,19,0.43902439024390244,False,unit_normalized,mechanism,payload_splitting,C_k,0.8708279728889465
gemma-2-9b-it,18,19,0.43902439024390244,False,unit_normalized,mechanism,payload_splitting,parallel_energy_fraction,0.7583413583658718
gemma-2-9b-it,18,19,0.43902439024390244,False,unit_normalized,mechanism,payload_splitting,residual_energy_fraction,0.2416586416341282
gemma-2-9b-it,18,19,0.43902439024390244,False,unit_normalized,mechanism,distractors_negated,C_k,0.7362838387489319
gemma-2-9b-it,18,19,0.43902439024390244,False,unit_normalized,mechanism,distractors_negated,parallel_energy_fraction,0.5421138912028631
gemma-2-9b-it,18,19,0.43902439024390244,False,unit_normalized,mechanism,distractors_negated,residual_energy_fraction,0.45788610879713687
gemma-2-9b-it,18,19,0.43902439024390244,False,unit_normalized,category,CO,mean_coverage,0.7822399735450745
gemma-2-9b-it,18,19,0.43902439024390244,False,unit_normalized,category,CO,minimum_coverage,0.7315976619720459
gemma-2-9b-it,18,19,0.43902439024390244,False,unit_normalized,category,CO,coverage_standard_deviation,0.07826122641563416
gemma-2-9b-it,18,19,0.43902439024390244,False,unit_normalized,category,CO,resultant_length,0.7822399139404297
gemma-2-9b-it,18,19,0.43902439024390244,False,unit_normalized,category,MG,mean_coverage,0.8121946454048157
gemma-2-9b-it,18,19,0.43902439024390244,False,unit_normalized,category,MG,minimum_coverage,0.7362838387489319
gemma-2-9b-it,18,19,0.43902439024390244,False,unit_normalized,category,MG,coverage_standard_deviation,0.06891601532697678
gemma-2-9b-it,18,19,0.43902439024390244,False,unit_normalized,category,MG,resultant_length,0.8121947050094604
gemma-2-9b-it,18,19,0.43902439024390244,False,raw_magnitude,mechanism,prefix_injection,C_k,0.7336894273757935
gemma-2-9b-it,18,19,0.43902439024390244,False,raw_magnitude,mechanism,prefix_injection,parallel_energy_fraction,0.5383001758430197
gemma-2-9b-it,18,19,0.43902439024390244,False,raw_magnitude,mechanism,prefix_injection,residual_energy_fraction,0.4616998241569803
gemma-2-9b-it,18,19,0.43902439024390244,False,raw_magnitude,mechanism,refusal_suppression,C_k,0.8752815127372742
gemma-2-9b-it,18,19,0.43902439024390244,False,raw_magnitude,mechanism,refusal_suppression,parallel_energy_fraction,0.766117726539651
gemma-2-9b-it,18,19,0.43902439024390244,False,raw_magnitude,mechanism,refusal_suppression,residual_energy_fraction,0.23388227346034896
gemma-2-9b-it,18,19,0.43902439024390244,False,raw_magnitude,mechanism,persona_roleplay,C_k,0.7375341653823853
gemma-2-9b-it,18,19,0.43902439024390244,False,raw_magnitude,mechanism,persona_roleplay,parallel_energy_fraction,0.5439566451062916
gemma-2-9b-it,18,19,0.43902439024390244,False,raw_magnitude,mechanism,persona_roleplay,residual_energy_fraction,0.4560433548937084
gemma-2-9b-it,18,19,0.43902439024390244,False,raw_magnitude,mechanism,encoding_obfuscation,C_k,0.8156676888465881
gemma-2-9b-it,18,19,0.43902439024390244,False,raw_magnitude,mechanism,encoding_obfuscation,parallel_energy_fraction,0.6653137786283345
gemma-2-9b-it,18,19,0.43902439024390244,False,raw_magnitude,mechanism,encoding_obfuscation,residual_energy_fraction,0.3346862213716655
gemma-2-9b-it,18,19,0.43902439024390244,False,raw_magnitude,mechanism,payload_splitting,C_k,0.8597387075424194
gemma-2-9b-it,18,19,0.43902439024390244,False,raw_magnitude,mechanism,payload_splitting,parallel_energy_fraction,0.7391506452467098
gemma-2-9b-it,18,19,0.43902439024390244,False,raw_magnitude,mechanism,payload_splitting,residual_energy_fraction,0.2608493547532902
gemma-2-9b-it,18,19,0.43902439024390244,False,raw_magnitude,mechanism,distractors_negated,C_k,0.7596638202667236
gemma-2-9b-it,18,19,0.43902439024390244,False,raw_magnitude,mechanism,distractors_negated,parallel_energy_fraction,0.577089119822233
gemma-2-9b-it,18,19,0.43902439024390244,False,raw_magnitude,mechanism,distractors_negated,residual_energy_fraction,0.422910880177767
gemma-2-9b-it,18,19,0.43902439024390244,False,raw_magnitude,category,CO,mean_coverage,0.7821683883666992
gemma-2-9b-it,18,19,0.43902439024390244,False,raw_magnitude,category,CO,minimum_coverage,0.7336894273757935
gemma-2-9b-it,18,19,0.43902439024390244,False,raw_magnitude,category,CO,coverage_standard_deviation,0.08066125959157944
gemma-2-9b-it,18,19,0.43902439024390244,False,raw_magnitude,category,CO,resultant_length,0.7822399139404297
gemma-2-9b-it,18,19,0.43902439024390244,False,raw_magnitude,category,MG,mean_coverage,0.811690092086792
gemma-2-9b-it,18,19,0.43902439024390244,False,raw_magnitude,category,MG,minimum_coverage,0.7596638202667236
gemma-2-9b-it,18,19,0.43902439024390244,False,raw_magnitude,category,MG,coverage_standard_deviation,0.0501558743417263
gemma-2-9b-it,18,19,0.43902439024390244,False,raw_magnitude,category,MG,resultant_length,0.8121947050094604
gemma-2-9b-it,19,20,0.4634146341463415,False,unit_normalized,mechanism,prefix_injection,C_k,0.6998236179351807
gemma-2-9b-it,19,20,0.4634146341463415,False,unit_normalized,mechanism,prefix_injection,parallel_energy_fraction,0.4897530962198857
gemma-2-9b-it,19,20,0.4634146341463415,False,unit_normalized,mechanism,prefix_injection,residual_energy_fraction,0.5102469037801143
gemma-2-9b-it,19,20,0.4634146341463415,False,unit_normalized,mechanism,refusal_suppression,C_k,0.8628716468811035
gemma-2-9b-it,19,20,0.4634146341463415,False,unit_normalized,mechanism,refusal_suppression,parallel_energy_fraction,0.7445474789913078
gemma-2-9b-it,19,20,0.4634146341463415,False,unit_normalized,mechanism,refusal_suppression,residual_energy_fraction,0.2554525210086922
gemma-2-9b-it,19,20,0.4634146341463415,False,unit_normalized,mechanism,persona_roleplay,C_k,0.7167198657989502
gemma-2-9b-it,19,20,0.4634146341463415,False,unit_normalized,mechanism,persona_roleplay,parallel_energy_fraction,0.5136873660308652
gemma-2-9b-it,19,20,0.4634146341463415,False,unit_normalized,mechanism,persona_roleplay,residual_energy_fraction,0.4863126339691348
gemma-2-9b-it,19,20,0.4634146341463415,False,unit_normalized,mechanism,encoding_obfuscation,C_k,0.8531951904296875
gemma-2-9b-it,19,20,0.4634146341463415,False,unit_normalized,mechanism,encoding_obfuscation,parallel_energy_fraction,0.7279420329723507
gemma-2-9b-it,19,20,0.4634146341463415,False,unit_normalized,mechanism,encoding_obfuscation,residual_energy_fraction,0.2720579670276493
gemma-2-9b-it,19,20,0.4634146341463415,False,unit_normalized,mechanism,payload_splitting,C_k,0.8727800846099854
gemma-2-9b-it,19,20,0.4634146341463415,False,unit_normalized,mechanism,payload_splitting,parallel_energy_fraction,0.7617450760918132
gemma-2-9b-it,19,20,0.4634146341463415,False,unit_normalized,mechanism,payload_splitting,residual_energy_fraction,0.2382549239081868
gemma-2-9b-it,19,20,0.4634146341463415,False,unit_normalized,mechanism,distractors_negated,C_k,0.7446382641792297
gemma-2-9b-it,19,20,0.4634146341463415,False,unit_normalized,mechanism,distractors_negated,parallel_energy_fraction,0.5544861444798563
gemma-2-9b-it,19,20,0.4634146341463415,False,unit_normalized,mechanism,distractors_negated,residual_energy_fraction,0.44551385552014366
gemma-2-9b-it,19,20,0.4634146341463415,False,unit_normalized,category,CO,mean_coverage,0.7598050236701965
gemma-2-9b-it,19,20,0.4634146341463415,False,unit_normalized,category,CO,minimum_coverage,0.6998236179351807
gemma-2-9b-it,19,20,0.4634146341463415,False,unit_normalized,category,CO,coverage_standard_deviation,0.08965720236301422
gemma-2-9b-it,19,20,0.4634146341463415,False,unit_normalized,category,CO,resultant_length,0.7598049640655518
gemma-2-9b-it,19,20,0.4634146341463415,False,unit_normalized,category,MG,mean_coverage,0.8235378265380859
gemma-2-9b-it,19,20,0.4634146341463415,False,unit_normalized,category,MG,minimum_coverage,0.7446382641792297
gemma-2-9b-it,19,20,0.4634146341463415,False,unit_normalized,category,MG,coverage_standard_deviation,0.06902717053890228
gemma-2-9b-it,19,20,0.4634146341463415,False,unit_normalized,category,MG,resultant_length,0.8235378861427307
gemma-2-9b-it,19,20,0.4634146341463415,False,raw_magnitude,mechanism,prefix_injection,C_k,0.7227109670639038
gemma-2-9b-it,19,20,0.4634146341463415,False,raw_magnitude,mechanism,prefix_injection,parallel_energy_fraction,0.5223111419144431
gemma-2-9b-it,19,20,0.4634146341463415,False,raw_magnitude,mechanism,prefix_injection,residual_energy_fraction,0.47768885808555694
gemma-2-9b-it,19,20,0.4634146341463415,False,raw_magnitude,mechanism,refusal_suppression,C_k,0.8720014095306396
gemma-2-9b-it,19,20,0.4634146341463415,False,raw_magnitude,mechanism,refusal_suppression,parallel_energy_fraction,0.7603864582234223
gemma-2-9b-it,19,20,0.4634146341463415,False,raw_magnitude,mechanism,refusal_suppression,residual_energy_fraction,0.23961354177657768
gemma-2-9b-it,19,20,0.4634146341463415,False,raw_magnitude,mechanism,persona_roleplay,C_k,0.6819896101951599
gemma-2-9b-it,19,20,0.4634146341463415,False,raw_magnitude,mechanism,persona_roleplay,parallel_energy_fraction,0.46510982841414616
gemma-2-9b-it,19,20,0.4634146341463415,False,raw_magnitude,mechanism,persona_roleplay,residual_energy_fraction,0.5348901715858538
gemma-2-9b-it,19,20,0.4634146341463415,False,raw_magnitude,mechanism,encoding_obfuscation,C_k,0.8392844200134277
gemma-2-9b-it,19,20,0.4634146341463415,False,raw_magnitude,mechanism,encoding_obfuscation,parallel_energy_fraction,0.7043983376772758
gemma-2-9b-it,19,20,0.4634146341463415,False,raw_magnitude,mechanism,encoding_obfuscation,residual_energy_fraction,0.2956016623227242
gemma-2-9b-it,19,20,0.4634146341463415,False,raw_magnitude,mechanism,payload_splitting,C_k,0.8647634387016296
gemma-2-9b-it,19,20,0.4634146341463415,False,raw_magnitude,mechanism,payload_splitting,parallel_energy_fraction,0.7478158049150672
gemma-2-9b-it,19,20,0.4634146341463415,False,raw_magnitude,mechanism,payload_splitting,residual_energy_fraction,0.25218419508493284
gemma-2-9b-it,19,20,0.4634146341463415,False,raw_magnitude,mechanism,distractors_negated,C_k,0.7652978301048279
gemma-2-9b-it,19,20,0.4634146341463415,False,raw_magnitude,mechanism,distractors_negated,parallel_energy_fraction,0.585680768763158
gemma-2-9b-it,19,20,0.4634146341463415,False,raw_magnitude,mechanism,distractors_negated,residual_energy_fraction,0.414319231236842
gemma-2-9b-it,19,20,0.4634146341463415,False,raw_magnitude,category,CO,mean_coverage,0.7589006423950195
gemma-2-9b-it,19,20,0.4634146341463415,False,raw_magnitude,category,CO,minimum_coverage,0.6819896101951599
gemma-2-9b-it,19,20,0.4634146341463415,False,raw_magnitude,category,CO,coverage_standard_deviation,0.1000419482588768
gemma-2-9b-it,19,20,0.4634146341463415,False,raw_magnitude,category,CO,resultant_length,0.7598049640655518
gemma-2-9b-it,19,20,0.4634146341463415,False,raw_magnitude,category,MG,mean_coverage,0.8231152892112732
gemma-2-9b-it,19,20,0.4634146341463415,False,raw_magnitude,category,MG,minimum_coverage,0.7652978301048279
gemma-2-9b-it,19,20,0.4634146341463415,False,raw_magnitude,category,MG,coverage_standard_deviation,0.051666565239429474
gemma-2-9b-it,19,20,0.4634146341463415,False,raw_magnitude,category,MG,resultant_length,0.8235378861427307
gemma-2-9b-it,20,21,0.4878048780487805,False,unit_normalized,mechanism,prefix_injection,C_k,0.7397298812866211
gemma-2-9b-it,20,21,0.4878048780487805,False,unit_normalized,mechanism,prefix_injection,parallel_energy_fraction,0.5472002972683185
gemma-2-9b-it,20,21,0.4878048780487805,False,unit_normalized,mechanism,prefix_injection,residual_energy_fraction,0.45279970273168146
gemma-2-9b-it,20,21,0.4878048780487805,False,unit_normalized,mechanism,refusal_suppression,C_k,0.8596587777137756
gemma-2-9b-it,20,21,0.4878048780487805,False,unit_normalized,mechanism,refusal_suppression,parallel_energy_fraction,0.7390132141003427
gemma-2-9b-it,20,21,0.4878048780487805,False,unit_normalized,mechanism,refusal_suppression,residual_energy_fraction,0.2609867858996573
gemma-2-9b-it,20,21,0.4878048780487805,False,unit_normalized,mechanism,persona_roleplay,C_k,0.7551487684249878
gemma-2-9b-it,20,21,0.4878048780487805,False,unit_normalized,mechanism,persona_roleplay,parallel_energy_fraction,0.5702496624537758
gemma-2-9b-it,20,21,0.4878048780487805,False,unit_normalized,mechanism,persona_roleplay,residual_energy_fraction,0.42975033754622416
gemma-2-9b-it,20,21,0.4878048780487805,False,unit_normalized,mechanism,encoding_obfuscation,C_k,0.8807771801948547
gemma-2-9b-it,20,21,0.4878048780487805,False,unit_normalized,mechanism,encoding_obfuscation,parallel_energy_fraction,0.7757684411519996
gemma-2-9b-it,20,21,0.4878048780487805,False,unit_normalized,mechanism,encoding_obfuscation,residual_energy_fraction,0.2242315588480004
gemma-2-9b-it,20,21,0.4878048780487805,False,unit_normalized,mechanism,payload_splitting,C_k,0.8849736452102661
gemma-2-9b-it,20,21,0.4878048780487805,False,unit_normalized,mechanism,payload_splitting,parallel_energy_fraction,0.783178352716746
gemma-2-9b-it,20,21,0.4878048780487805,False,unit_normalized,mechanism,payload_splitting,residual_energy_fraction,0.21682164728325404
gemma-2-9b-it,20,21,0.4878048780487805,False,unit_normalized,mechanism,distractors_negated,C_k,0.7675846815109253
gemma-2-9b-it,20,21,0.4878048780487805,False,unit_normalized,mechanism,distractors_negated,parallel_energy_fraction,0.5891862432902286
gemma-2-9b-it,20,21,0.4878048780487805,False,unit_normalized,mechanism,distractors_negated,residual_energy_fraction,0.4108137567097714
gemma-2-9b-it,20,21,0.4878048780487805,False,unit_normalized,category,CO,mean_coverage,0.7848458290100098
gemma-2-9b-it,20,21,0.4878048780487805,False,unit_normalized,category,CO,minimum_coverage,0.7397298812866211
gemma-2-9b-it,20,21,0.4878048780487805,False,unit_normalized,category,CO,coverage_standard_deviation,0.06524699926376343
gemma-2-9b-it,20,21,0.4878048780487805,False,unit_normalized,category,CO,resultant_length,0.7848457098007202
gemma-2-9b-it,20,21,0.4878048780487805,False,unit_normalized,category,MG,mean_coverage,0.8444452285766602
gemma-2-9b-it,20,21,0.4878048780487805,False,unit_normalized,category,MG,minimum_coverage,0.7675846815109253
gemma-2-9b-it,20,21,0.4878048780487805,False,unit_normalized,category,MG,coverage_standard_deviation,0.06659619510173798
gemma-2-9b-it,20,21,0.4878048780487805,False,unit_normalized,category,MG,resultant_length,0.8444451689720154
gemma-2-9b-it,20,21,0.4878048780487805,False,raw_magnitude,mechanism,prefix_injection,C_k,0.7670720815658569
gemma-2-9b-it,20,21,0.4878048780487805,False,raw_magnitude,mechanism,prefix_injection,parallel_energy_fraction,0.5883995783177767
gemma-2-9b-it,20,21,0.4878048780487805,False,raw_magnitude,mechanism,prefix_injection,residual_energy_fraction,0.4116004216822233
gemma-2-9b-it,20,21,0.4878048780487805,False,raw_magnitude,mechanism,refusal_suppression,C_k,0.874753475189209
gemma-2-9b-it,20,21,0.4878048780487805,False,raw_magnitude,mechanism,refusal_suppression,parallel_energy_fraction,0.7651936423555981
gemma-2-9b-it,20,21,0.4878048780487805,False,raw_magnitude,mechanism,refusal_suppression,residual_energy_fraction,0.23480635764440194
gemma-2-9b-it,20,21,0.4878048780487805,False,raw_magnitude,mechanism,persona_roleplay,C_k,0.7066696882247925
gemma-2-9b-it,20,21,0.4878048780487805,False,raw_magnitude,mechanism,persona_roleplay,parallel_energy_fraction,0.4993820482557254
gemma-2-9b-it,20,21,0.4878048780487805,False,raw_magnitude,mechanism,persona_roleplay,residual_energy_fraction,0.5006179517442746
gemma-2-9b-it,20,21,0.4878048780487805,False,raw_magnitude,mechanism,encoding_obfuscation,C_k,0.8688101768493652
gemma-2-9b-it,20,21,0.4878048780487805,False,raw_magnitude,mechanism,encoding_obfuscation,parallel_energy_fraction,0.7548311233970253
gemma-2-9b-it,20,21,0.4878048780487805,False,raw_magnitude,mechanism,encoding_obfuscation,residual_energy_fraction,0.2451688766029747
gemma-2-9b-it,20,21,0.4878048780487805,False,raw_magnitude,mechanism,payload_splitting,C_k,0.8744855523109436
gemma-2-9b-it,20,21,0.4878048780487805,False,raw_magnitude,mechanism,payload_splitting,parallel_energy_fraction,0.7647249812005761
gemma-2-9b-it,20,21,0.4878048780487805,False,raw_magnitude,mechanism,payload_splitting,residual_energy_fraction,0.23527501879942392
gemma-2-9b-it,20,21,0.4878048780487805,False,raw_magnitude,mechanism,distractors_negated,C_k,0.7886160612106323
gemma-2-9b-it,20,21,0.4878048780487805,False,raw_magnitude,mechanism,distractors_negated,parallel_energy_fraction,0.6219152919993718
gemma-2-9b-it,20,21,0.4878048780487805,False,raw_magnitude,mechanism,distractors_negated,residual_energy_fraction,0.3780847080006282
gemma-2-9b-it,20,21,0.4878048780487805,False,raw_magnitude,category,CO,mean_coverage,0.7828317284584045
gemma-2-9b-it,20,21,0.4878048780487805,False,raw_magnitude,category,CO,minimum_coverage,0.7066696882247925
gemma-2-9b-it,20,21,0.4878048780487805,False,raw_magnitude,category,CO,coverage_standard_deviation,0.08514291048049927
gemma-2-9b-it,20,21,0.4878048780487805,False,raw_magnitude,category,CO,resultant_length,0.7848457098007202
gemma-2-9b-it,20,21,0.4878048780487805,False,raw_magnitude,category,MG,mean_coverage,0.8439705967903137
gemma-2-9b-it,20,21,0.4878048780487805,False,raw_magnitude,category,MG,minimum_coverage,0.7886160612106323
gemma-2-9b-it,20,21,0.4878048780487805,False,raw_magnitude,category,MG,coverage_standard_deviation,0.048022348433732986
gemma-2-9b-it,20,21,0.4878048780487805,False,raw_magnitude,category,MG,resultant_length,0.8444451689720154
gemma-2-9b-it,21,22,0.5121951219512195,False,unit_normalized,mechanism,prefix_injection,C_k,0.7438944578170776
gemma-2-9b-it,21,22,0.5121951219512195,False,unit_normalized,mechanism,prefix_injection,parallel_energy_fraction,0.5533789643709639
gemma-2-9b-it,21,22,0.5121951219512195,False,unit_normalized,mechanism,prefix_injection,residual_energy_fraction,0.4466210356290361
gemma-2-9b-it,21,22,0.5121951219512195,False,unit_normalized,mechanism,refusal_suppression,C_k,0.8716973662376404
gemma-2-9b-it,21,22,0.5121951219512195,False,unit_normalized,mechanism,refusal_suppression,parallel_energy_fraction,0.7598562983056389
gemma-2-9b-it,21,22,0.5121951219512195,False,unit_normalized,mechanism,refusal_suppression,residual_energy_fraction,0.24014370169436106
gemma-2-9b-it,21,22,0.5121951219512195,False,unit_normalized,mechanism,persona_roleplay,C_k,0.7474186420440674
gemma-2-9b-it,21,22,0.5121951219512195,False,unit_normalized,mechanism,persona_roleplay,parallel_energy_fraction,0.5586346264749977
gemma-2-9b-it,21,22,0.5121951219512195,False,unit_normalized,mechanism,persona_roleplay,residual_energy_fraction,0.44136537352500227
gemma-2-9b-it,21,22,0.5121951219512195,False,unit_normalized,mechanism,encoding_obfuscation,C_k,0.8860000371932983
gemma-2-9b-it,21,22,0.5121951219512195,False,unit_normalized,mechanism,encoding_obfuscation,parallel_energy_fraction,0.784996065906526
gemma-2-9b-it,21,22,0.5121951219512195,False,unit_normalized,mechanism,encoding_obfuscation,residual_energy_fraction,0.21500393409347396
gemma-2-9b-it,21,22,0.5121951219512195,False,unit_normalized,mechanism,payload_splitting,C_k,0.8922621011734009
gemma-2-9b-it,21,22,0.5121951219512195,False,unit_normalized,mechanism,payload_splitting,parallel_energy_fraction,0.7961316571903723
gemma-2-9b-it,21,22,0.5121951219512195,False,unit_normalized,mechanism,payload_splitting,residual_energy_fraction,0.20386834280962773
gemma-2-9b-it,21,22,0.5121951219512195,False,unit_normalized,mechanism,distractors_negated,C_k,0.7723931074142456
gemma-2-9b-it,21,22,0.5121951219512195,False,unit_normalized,mechanism,distractors_negated,parallel_energy_fraction,0.5965911123810343
gemma-2-9b-it,21,22,0.5121951219512195,False,unit_normalized,mechanism,distractors_negated,residual_energy_fraction,0.40340888761896565
gemma-2-9b-it,21,22,0.5121951219512195,False,unit_normalized,category,CO,mean_coverage,0.7876701354980469
gemma-2-9b-it,21,22,0.5121951219512195,False,unit_normalized,category,CO,minimum_coverage,0.7438944578170776
gemma-2-9b-it,21,22,0.5121951219512195,False,unit_normalized,category,CO,coverage_standard_deviation,0.07279103249311447
gemma-2-9b-it,21,22,0.5121951219512195,False,unit_normalized,category,CO,resultant_length,0.7876702547073364
gemma-2-9b-it,21,22,0.5121951219512195,False,unit_normalized,category,MG,mean_coverage,0.8502184748649597
gemma-2-9b-it,21,22,0.5121951219512195,False,unit_normalized,category,MG,minimum_coverage,0.7723931074142456
gemma-2-9b-it,21,22,0.5121951219512195,False,unit_normalized,category,MG,coverage_standard_deviation,0.06747137755155563
gemma-2-9b-it,21,22,0.5121951219512195,False,unit_normalized,category,MG,resultant_length,0.8502181768417358
gemma-2-9b-it,21,22,0.5121951219512195,False,raw_magnitude,mechanism,prefix_injection,C_k,0.7629504799842834
gemma-2-9b-it,21,22,0.5121951219512195,False,raw_magnitude,mechanism,prefix_injection,parallel_energy_fraction,0.5820934349082485
gemma-2-9b-it,21,22,0.5121951219512195,False,raw_magnitude,mechanism,prefix_injection,residual_energy_fraction,0.4179065650917515
gemma-2-9b-it,21,22,0.5121951219512195,False,raw_magnitude,mechanism,refusal_suppression,C_k,0.887529194355011
gemma-2-9b-it,21,22,0.5121951219512195,False,raw_magnitude,mechanism,refusal_suppression,parallel_energy_fraction,0.7877080708324549
gemma-2-9b-it,21,22,0.5121951219512195,False,raw_magnitude,mechanism,refusal_suppression,residual_energy_fraction,0.21229192916754513
gemma-2-9b-it,21,22,0.5121951219512195,False,raw_magnitude,mechanism,persona_roleplay,C_k,0.7084201574325562
gemma-2-9b-it,21,22,0.5121951219512195,False,raw_magnitude,mechanism,persona_roleplay,parallel_energy_fraction,0.5018591194567676
gemma-2-9b-it,21,22,0.5121951219512195,False,raw_magnitude,mechanism,persona_roleplay,residual_energy_fraction,0.49814088054323236
gemma-2-9b-it,21,22,0.5121951219512195,False,raw_magnitude,mechanism,encoding_obfuscation,C_k,0.8719490766525269
gemma-2-9b-it,21,22,0.5121951219512195,False,raw_magnitude,mechanism,encoding_obfuscation,parallel_energy_fraction,0.7602951922751942
gemma-2-9b-it,21,22,0.5121951219512195,False,raw_magnitude,mechanism,encoding_obfuscation,residual_energy_fraction,0.23970480772480585
gemma-2-9b-it,21,22,0.5121951219512195,False,raw_magnitude,mechanism,payload_splitting,C_k,0.8787575364112854
gemma-2-9b-it,21,22,0.5121951219512195,False,raw_magnitude,mechanism,payload_splitting,parallel_energy_fraction,0.7722148077996316
gemma-2-9b-it,21,22,0.5121951219512195,False,raw_magnitude,mechanism,payload_splitting,residual_energy_fraction,0.2277851922003684
gemma-2-9b-it,21,22,0.5121951219512195,False,raw_magnitude,mechanism,distractors_negated,C_k,0.7978004217147827
gemma-2-9b-it,21,22,0.5121951219512195,False,raw_magnitude,mechanism,distractors_negated,parallel_energy_fraction,0.6364855128882851
gemma-2-9b-it,21,22,0.5121951219512195,False,raw_magnitude,mechanism,distractors_negated,residual_energy_fraction,0.36351448711171486
gemma-2-9b-it,21,22,0.5121951219512195,False,raw_magnitude,category,CO,mean_coverage,0.7862999439239502
gemma-2-9b-it,21,22,0.5121951219512195,False,raw_magnitude,category,CO,minimum_coverage,0.7084201574325562
gemma-2-9b-it,21,22,0.5121951219512195,False,raw_magnitude,category,CO,coverage_standard_deviation,0.09180909395217896
gemma-2-9b-it,21,22,0.5121951219512195,False,raw_magnitude,category,CO,resultant_length,0.7876702547073364
gemma-2-9b-it,21,22,0.5121951219512195,False,raw_magnitude,category,MG,mean_coverage,0.8495023846626282
gemma-2-9b-it,21,22,0.5121951219512195,False,raw_magnitude,category,MG,minimum_coverage,0.7978004217147827
gemma-2-9b-it,21,22,0.5121951219512195,False,raw_magnitude,category,MG,coverage_standard_deviation,0.044904403388500214
gemma-2-9b-it,21,22,0.5121951219512195,False,raw_magnitude,category,MG,resultant_length,0.8502181768417358
gemma-2-9b-it,22,23,0.5365853658536586,False,unit_normalized,mechanism,prefix_injection,C_k,0.7374454140663147
gemma-2-9b-it,22,23,0.5365853658536586,False,unit_normalized,mechanism,prefix_injection,parallel_energy_fraction,0.5438257387274383
gemma-2-9b-it,22,23,0.5365853658536586,False,unit_normalized,mechanism,prefix_injection,residual_energy_fraction,0.45617426127256167
gemma-2-9b-it,22,23,0.5365853658536586,False,unit_normalized,mechanism,refusal_suppression,C_k,0.8701702952384949
gemma-2-9b-it,22,23,0.5365853658536586,False,unit_normalized,mechanism,refusal_suppression,parallel_energy_fraction,0.7571963427154493
gemma-2-9b-it,22,23,0.5365853658536586,False,unit_normalized,mechanism,refusal_suppression,residual_energy_fraction,0.24280365728455067
gemma-2-9b-it,22,23,0.5365853658536586,False,unit_normalized,mechanism,persona_roleplay,C_k,0.7476921677589417
gemma-2-9b-it,22,23,0.5365853658536586,False,unit_normalized,mechanism,persona_roleplay,parallel_energy_fraction,0.5590435777280653
gemma-2-9b-it,22,23,0.5365853658536586,False,unit_normalized,mechanism,persona_roleplay,residual_energy_fraction,0.44095642227193466
gemma-2-9b-it,22,23,0.5365853658536586,False,unit_normalized,mechanism,encoding_obfuscation,C_k,0.8941421508789062
gemma-2-9b-it,22,23,0.5365853658536586,False,unit_normalized,mechanism,encoding_obfuscation,parallel_energy_fraction,0.7994901859783567
gemma-2-9b-it,22,23,0.5365853658536586,False,unit_normalized,mechanism,encoding_obfuscation,residual_energy_fraction,0.20050981402164325
gemma-2-9b-it,22,23,0.5365853658536586,False,unit_normalized,mechanism,payload_splitting,C_k,0.9041947722434998
gemma-2-9b-it,22,23,0.5365853658536586,False,unit_normalized,mechanism,payload_splitting,parallel_energy_fraction,0.8175681861524744
gemma-2-9b-it,22,23,0.5365853658536586,False,unit_normalized,mechanism,payload_splitting,residual_energy_fraction,0.1824318138475256
gemma-2-9b-it,22,23,0.5365853658536586,False,unit_normalized,mechanism,distractors_negated,C_k,0.8157391548156738
gemma-2-9b-it,22,23,0.5365853658536586,False,unit_normalized,mechanism,distractors_negated,parallel_energy_fraction,0.6654303686993899
gemma-2-9b-it,22,23,0.5365853658536586,False,unit_normalized,mechanism,distractors_negated,residual_energy_fraction,0.3345696313006101
gemma-2-9b-it,22,23,0.5365853658536586,False,unit_normalized,category,CO,mean_coverage,0.7851026058197021
gemma-2-9b-it,22,23,0.5365853658536586,False,unit_normalized,category,CO,minimum_coverage,0.7374454140663147
gemma-2-9b-it,22,23,0.5365853658536586,False,unit_normalized,category,CO,coverage_standard_deviation,0.07384870201349258
gemma-2-9b-it,22,23,0.5365853658536586,False,unit_normalized,category,CO,resultant_length,0.7851026058197021
gemma-2-9b-it,22,23,0.5365853658536586,False,unit_normalized,category,MG,mean_coverage,0.8713586926460266
gemma-2-9b-it,22,23,0.5365853658536586,False,unit_normalized,category,MG,minimum_coverage,0.8157391548156738
gemma-2-9b-it,22,23,0.5365853658536586,False,unit_normalized,category,MG,coverage_standard_deviation,0.048429470509290695
gemma-2-9b-it,22,23,0.5365853658536586,False,unit_normalized,category,MG,resultant_length,0.8713585138320923
gemma-2-9b-it,22,23,0.5365853658536586,False,raw_magnitude,mechanism,prefix_injection,C_k,0.7604550719261169
gemma-2-9b-it,22,23,0.5365853658536586,False,raw_magnitude,mechanism,prefix_injection,parallel_energy_fraction,0.5782919164181557
gemma-2-9b-it,22,23,0.5365853658536586,False,raw_magnitude,mechanism,prefix_injection,residual_energy_fraction,0.4217080835818443
gemma-2-9b-it,22,23,0.5365853658536586,False,raw_magnitude,mechanism,refusal_suppression,C_k,0.8918443322181702
gemma-2-9b-it,22,23,0.5365853658536586,False,raw_magnitude,mechanism,refusal_suppression,parallel_energy_fraction,0.7953863129096739
gemma-2-9b-it,22,23,0.5365853658536586,False,raw_magnitude,mechanism,refusal_suppression,residual_energy_fraction,0.20461368709032612
gemma-2-9b-it,22,23,0.5365853658536586,False,raw_magnitude,mechanism,persona_roleplay,C_k,0.6956635117530823
gemma-2-9b-it,22,23,0.5365853658536586,False,raw_magnitude,mechanism,persona_roleplay,parallel_energy_fraction,0.48394772158463084
gemma-2-9b-it,22,23,0.5365853658536586,False,raw_magnitude,mechanism,persona_roleplay,residual_energy_fraction,0.5160522784153692
gemma-2-9b-it,22,23,0.5365853658536586,False,raw_magnitude,mechanism,encoding_obfuscation,C_k,0.8868241906166077
gemma-2-9b-it,22,23,0.5365853658536586,False,raw_magnitude,mechanism,encoding_obfuscation,parallel_energy_fraction,0.7864571450628013
gemma-2-9b-it,22,23,0.5365853658536586,False,raw_magnitude,mechanism,encoding_obfuscation,residual_energy_fraction,0.2135428549371987
gemma-2-9b-it,22,23,0.5365853658536586,False,raw_magnitude,mechanism,payload_splitting,C_k,0.8985010385513306
gemma-2-9b-it,22,23,0.5365853658536586,False,raw_magnitude,mechanism,payload_splitting,parallel_energy_fraction,0.8073041162778196
gemma-2-9b-it,22,23,0.5365853658536586,False,raw_magnitude,mechanism,payload_splitting,residual_energy_fraction,0.19269588372218038
gemma-2-9b-it,22,23,0.5365853658536586,False,raw_magnitude,mechanism,distractors_negated,C_k,0.8281291127204895
gemma-2-9b-it,22,23,0.5365853658536586,False,raw_magnitude,mechanism,distractors_negated,parallel_energy_fraction,0.6857978273352252
gemma-2-9b-it,22,23,0.5365853658536586,False,raw_magnitude,mechanism,distractors_negated,residual_energy_fraction,0.3142021726647748
gemma-2-9b-it,22,23,0.5365853658536586,False,raw_magnitude,category,CO,mean_coverage,0.7826542854309082
gemma-2-9b-it,22,23,0.5365853658536586,False,raw_magnitude,category,CO,minimum_coverage,0.6956635117530823
gemma-2-9b-it,22,23,0.5365853658536586,False,raw_magnitude,category,CO,coverage_standard_deviation,0.09995665401220322
gemma-2-9b-it,22,23,0.5365853658536586,False,raw_magnitude,category,CO,resultant_length,0.7851026058197021
gemma-2-9b-it,22,23,0.5365853658536586,False,raw_magnitude,category,MG,mean_coverage,0.8711514472961426
gemma-2-9b-it,22,23,0.5365853658536586,False,raw_magnitude,category,MG,minimum_coverage,0.8281291127204895
gemma-2-9b-it,22,23,0.5365853658536586,False,raw_magnitude,category,MG,coverage_standard_deviation,0.037713102996349335
gemma-2-9b-it,22,23,0.5365853658536586,False,raw_magnitude,category,MG,resultant_length,0.8713585138320923
gemma-2-9b-it,23,24,0.5609756097560976,False,unit_normalized,mechanism,prefix_injection,C_k,0.7595752477645874
gemma-2-9b-it,23,24,0.5609756097560976,False,unit_normalized,mechanism,prefix_injection,parallel_energy_fraction,0.5769545570166343
gemma-2-9b-it,23,24,0.5609756097560976,False,unit_normalized,mechanism,prefix_injection,residual_energy_fraction,0.42304544298336566
gemma-2-9b-it,23,24,0.5609756097560976,False,unit_normalized,mechanism,refusal_suppression,C_k,0.8661409616470337
gemma-2-9b-it,23,24,0.5609756097560976,False,unit_normalized,mechanism,refusal_suppression,parallel_energy_fraction,0.7502001654428483
gemma-2-9b-it,23,24,0.5609756097560976,False,unit_normalized,mechanism,refusal_suppression,residual_energy_fraction,0.2497998345571517
gemma-2-9b-it,23,24,0.5609756097560976,False,unit_normalized,mechanism,persona_roleplay,C_k,0.7444246411323547
gemma-2-9b-it,23,24,0.5609756097560976,False,unit_normalized,mechanism,persona_roleplay,parallel_energy_fraction,0.5541680463250351
gemma-2-9b-it,23,24,0.5609756097560976,False,unit_normalized,mechanism,persona_roleplay,residual_energy_fraction,0.44583195367496486
gemma-2-9b-it,23,24,0.5609756097560976,False,unit_normalized,mechanism,encoding_obfuscation,C_k,0.8981386423110962
gemma-2-9b-it,23,24,0.5609756097560976,False,unit_normalized,mechanism,encoding_obfuscation,parallel_energy_fraction,0.8066530208124192
gemma-2-9b-it,23,24,0.5609756097560976,False,unit_normalized,mechanism,encoding_obfuscation,residual_energy_fraction,0.19334697918758081
gemma-2-9b-it,23,24,0.5609756097560976,False,unit_normalized,mechanism,payload_splitting,C_k,0.9089876413345337
gemma-2-9b-it,23,24,0.5609756097560976,False,unit_normalized,mechanism,payload_splitting,parallel_energy_fraction,0.8262585320989189
gemma-2-9b-it,23,24,0.5609756097560976,False,unit_normalized,mechanism,payload_splitting,residual_energy_fraction,0.17374146790108114
gemma-2-9b-it,23,24,0.5609756097560976,False,unit_normalized,mechanism,distractors_negated,C_k,0.8210732936859131
gemma-2-9b-it,23,24,0.5609756097560976,False,unit_normalized,mechanism,distractors_negated,parallel_energy_fraction,0.6741613536042337
gemma-2-9b-it,23,24,0.5609756097560976,False,unit_normalized,mechanism,distractors_negated,residual_energy_fraction,0.3258386463957663
gemma-2-9b-it,23,24,0.5609756097560976,False,unit_normalized,category,CO,mean_coverage,0.7900469303131104
gemma-2-9b-it,23,24,0.5609756097560976,False,unit_normalized,category,CO,minimum_coverage,0.7444246411323547
gemma-2-9b-it,23,24,0.5609756097560976,False,unit_normalized,category,CO,coverage_standard_deviation,0.06633331626653671
gemma-2-9b-it,23,24,0.5609756097560976,False,unit_normalized,category,CO,resultant_length,0.7900468707084656
gemma-2-9b-it,23,24,0.5609756097560976,False,unit_normalized,category,MG,mean_coverage,0.8760665059089661
gemma-2-9b-it,23,24,0.5609756097560976,False,unit_normalized,category,MG,minimum_coverage,0.8210732936859131
gemma-2-9b-it,23,24,0.5609756097560976,False,unit_normalized,category,MG,coverage_standard_deviation,0.047933463007211685
gemma-2-9b-it,23,24,0.5609756097560976,False,unit_normalized,category,MG,resultant_length,0.8760663270950317
gemma-2-9b-it,23,24,0.5609756097560976,False,raw_magnitude,mechanism,prefix_injection,C_k,0.7728545069694519
gemma-2-9b-it,23,24,0.5609756097560976,False,raw_magnitude,mechanism,prefix_injection,parallel_energy_fraction,0.5973040889429946
gemma-2-9b-it,23,24,0.5609756097560976,False,raw_magnitude,mechanism,prefix_injection,residual_energy_fraction,0.4026959110570054
gemma-2-9b-it,23,24,0.5609756097560976,False,raw_magnitude,mechanism,refusal_suppression,C_k,0.898869514465332
gemma-2-9b-it,23,24,0.5609756097560976,False,raw_magnitude,mechanism,refusal_suppression,parallel_energy_fraction,0.8079664040351417
gemma-2-9b-it,23,24,0.5609756097560976,False,raw_magnitude,mechanism,refusal_suppression,residual_energy_fraction,0.19203359596485825
gemma-2-9b-it,23,24,0.5609756097560976,False,raw_magnitude,mechanism,persona_roleplay,C_k,0.6887056231498718
gemma-2-9b-it,23,24,0.5609756097560976,False,raw_magnitude,mechanism,persona_roleplay,parallel_energy_fraction,0.47431543535825327
gemma-2-9b-it,23,24,0.5609756097560976,False,raw_magnitude,mechanism,persona_roleplay,residual_energy_fraction,0.5256845646417467
gemma-2-9b-it,23,24,0.5609756097560976,False,raw_magnitude,mechanism,encoding_obfuscation,C_k,0.8992187976837158
gemma-2-9b-it,23,24,0.5609756097560976,False,raw_magnitude,mechanism,encoding_obfuscation,parallel_energy_fraction,0.8085944461077474
gemma-2-9b-it,23,24,0.5609756097560976,False,raw_magnitude,mechanism,encoding_obfuscation,residual_energy_fraction,0.19140555389225256
gemma-2-9b-it,23,24,0.5609756097560976,False,raw_magnitude,mechanism,payload_splitting,C_k,0.9083842039108276
gemma-2-9b-it,23,24,0.5609756097560976,False,raw_magnitude,mechanism,payload_splitting,parallel_energy_fraction,0.8251618619147081
gemma-2-9b-it,23,24,0.5609756097560976,False,raw_magnitude,mechanism,payload_splitting,residual_energy_fraction,0.17483813808529192
gemma-2-9b-it,23,24,0.5609756097560976,False,raw_magnitude,mechanism,distractors_negated,C_k,0.8205865621566772
gemma-2-9b-it,23,24,0.5609756097560976,False,raw_magnitude,mechanism,distractors_negated,parallel_energy_fraction,0.6733623059921143
gemma-2-9b-it,23,24,0.5609756097560976,False,raw_magnitude,mechanism,distractors_negated,residual_energy_fraction,0.32663769400788567
gemma-2-9b-it,23,24,0.5609756097560976,False,raw_magnitude,category,CO,mean_coverage,0.7868099212646484
gemma-2-9b-it,23,24,0.5609756097560976,False,raw_magnitude,category,CO,minimum_coverage,0.6887056231498718
gemma-2-9b-it,23,24,0.5609756097560976,False,raw_magnitude,category,CO,coverage_standard_deviation,0.1057746633887291
gemma-2-9b-it,23,24,0.5609756097560976,False,raw_magnitude,category,CO,resultant_length,0.7900468707084656
gemma-2-9b-it,23,24,0.5609756097560976,False,raw_magnitude,category,MG,mean_coverage,0.8760631680488586
gemma-2-9b-it,23,24,0.5609756097560976,False,raw_magnitude,category,MG,minimum_coverage,0.8205865621566772
gemma-2-9b-it,23,24,0.5609756097560976,False,raw_magnitude,category,MG,coverage_standard_deviation,0.04826223477721214
gemma-2-9b-it,23,24,0.5609756097560976,False,raw_magnitude,category,MG,resultant_length,0.8760663270950317
gemma-2-9b-it,24,25,0.5853658536585366,False,unit_normalized,mechanism,prefix_injection,C_k,0.7436484098434448
gemma-2-9b-it,24,25,0.5853658536585366,False,unit_normalized,mechanism,prefix_injection,parallel_energy_fraction,0.5530129574626841
gemma-2-9b-it,24,25,0.5853658536585366,False,unit_normalized,mechanism,prefix_injection,residual_energy_fraction,0.4469870425373159
gemma-2-9b-it,24,25,0.5853658536585366,False,unit_normalized,mechanism,refusal_suppression,C_k,0.8568735122680664
gemma-2-9b-it,24,25,0.5853658536585366,False,unit_normalized,mechanism,refusal_suppression,parallel_energy_fraction,0.7342322160266122
gemma-2-9b-it,24,25,0.5853658536585366,False,unit_normalized,mechanism,refusal_suppression,residual_energy_fraction,0.26576778397338785
gemma-2-9b-it,24,25,0.5853658536585366,False,unit_normalized,mechanism,persona_roleplay,C_k,0.7657940983772278
gemma-2-9b-it,24,25,0.5853658536585366,False,unit_normalized,mechanism,persona_roleplay,parallel_energy_fraction,0.5864406011093912
gemma-2-9b-it,24,25,0.5853658536585366,False,unit_normalized,mechanism,persona_roleplay,residual_energy_fraction,0.4135593988906088
gemma-2-9b-it,24,25,0.5853658536585366,False,unit_normalized,mechanism,encoding_obfuscation,C_k,0.8828450441360474
gemma-2-9b-it,24,25,0.5853658536585366,False,unit_normalized,mechanism,encoding_obfuscation,parallel_energy_fraction,0.7794153719555794
gemma-2-9b-it,24,25,0.5853658536585366,False,unit_normalized,mechanism,encoding_obfuscation,residual_energy_fraction,0.22058462804442058
gemma-2-9b-it,24,25,0.5853658536585366,False,unit_normalized,mechanism,payload_splitting,C_k,0.8945764899253845
gemma-2-9b-it,24,25,0.5853658536585366,False,unit_normalized,mechanism,payload_splitting,parallel_energy_fraction,0.8002670963272216
gemma-2-9b-it,24,25,0.5853658536585366,False,unit_normalized,mechanism,payload_splitting,residual_energy_fraction,0.1997329036727784
gemma-2-9b-it,24,25,0.5853658536585366,False,unit_normalized,mechanism,distractors_negated,C_k,0.8210294246673584
gemma-2-9b-it,24,25,0.5853658536585366,False,unit_normalized,mechanism,distractors_negated,parallel_energy_fraction,0.6740893161696135
gemma-2-9b-it,24,25,0.5853658536585366,False,unit_normalized,mechanism,distractors_negated,residual_energy_fraction,0.32591068383038646
gemma-2-9b-it,24,25,0.5853658536585366,False,unit_normalized,category,CO,mean_coverage,0.7887720465660095
gemma-2-9b-it,24,25,0.5853658536585366,False,unit_normalized,category,CO,minimum_coverage,0.7436484098434448
gemma-2-9b-it,24,25,0.5853658536585366,False,unit_normalized,category,CO,coverage_standard_deviation,0.06000807508826256
gemma-2-9b-it,24,25,0.5853658536585366,False,unit_normalized,category,CO,resultant_length,0.7887720465660095
gemma-2-9b-it,24,25,0.5853658536585366,False,unit_normalized,category,MG,mean_coverage,0.8661503195762634
gemma-2-9b-it,24,25,0.5853658536585366,False,unit_normalized,category,MG,minimum_coverage,0.8210294246673584
gemma-2-9b-it,24,25,0.5853658536585366,False,unit_normalized,category,MG,coverage_standard_deviation,0.03951364383101463
gemma-2-9b-it,24,25,0.5853658536585366,False,unit_normalized,category,MG,resultant_length,0.8661503791809082
gemma-2-9b-it,24,25,0.5853658536585366,False,raw_magnitude,mechanism,prefix_injection,C_k,0.7680721879005432
gemma-2-9b-it,24,25,0.5853658536585366,False,raw_magnitude,mechanism,prefix_injection,parallel_energy_fraction,0.5899348858263274
gemma-2-9b-it,24,25,0.5853658536585366,False,raw_magnitude,mechanism,prefix_injection,residual_energy_fraction,0.41006511417367264
gemma-2-9b-it,24,25,0.5853658536585366,False,raw_magnitude,mechanism,refusal_suppression,C_k,0.8860446810722351
gemma-2-9b-it,24,25,0.5853658536585366,False,raw_magnitude,mechanism,refusal_suppression,parallel_energy_fraction,0.7850751768563988
gemma-2-9b-it,24,25,0.5853658536585366,False,raw_magnitude,mechanism,refusal_suppression,residual_energy_fraction,0.21492482314360117
gemma-2-9b-it,24,25,0.5853658536585366,False,raw_magnitude,mechanism,persona_roleplay,C_k,0.6998496055603027
gemma-2-9b-it,24,25,0.5853658536585366,False,raw_magnitude,mechanism,persona_roleplay,parallel_energy_fraction,0.4897894704029113
gemma-2-9b-it,24,25,0.5853658536585366,False,raw_magnitude,mechanism,persona_roleplay,residual_energy_fraction,0.5102105295970887
gemma-2-9b-it,24,25,0.5853658536585366,False,raw_magnitude,mechanism,encoding_obfuscation,C_k,0.886684775352478
gemma-2-9b-it,24,25,0.5853658536585366,False,raw_magnitude,mechanism,encoding_obfuscation,parallel_energy_fraction,0.7862098908418744
gemma-2-9b-it,24,25,0.5853658536585366,False,raw_magnitude,mechanism,encoding_obfuscation,residual_energy_fraction,0.21379010915812557
gemma-2-9b-it,24,25,0.5853658536585366,False,raw_magnitude,mechanism,payload_splitting,C_k,0.8985217809677124
gemma-2-9b-it,24,25,0.5853658536585366,False,raw_magnitude,mechanism,payload_splitting,parallel_energy_fraction,0.8073413908733897
gemma-2-9b-it,24,25,0.5853658536585366,False,raw_magnitude,mechanism,payload_splitting,residual_energy_fraction,0.19265860912661026
gemma-2-9b-it,24,25,0.5853658536585366,False,raw_magnitude,mechanism,distractors_negated,C_k,0.8129909038543701
gemma-2-9b-it,24,25,0.5853658536585366,False,raw_magnitude,mechanism,distractors_negated,parallel_energy_fraction,0.6609542097499457
gemma-2-9b-it,24,25,0.5853658536585366,False,raw_magnitude,mechanism,distractors_negated,residual_energy_fraction,0.3390457902500543
gemma-2-9b-it,24,25,0.5853658536585366,False,raw_magnitude,category,CO,mean_coverage,0.7846555113792419
gemma-2-9b-it,24,25,0.5853658536585366,False,raw_magnitude,category,CO,minimum_coverage,0.6998496055603027
gemma-2-9b-it,24,25,0.5853658536585366,False,raw_magnitude,category,CO,coverage_standard_deviation,0.09419875591993332
gemma-2-9b-it,24,25,0.5853658536585366,False,raw_magnitude,category,CO,resultant_length,0.7887720465660095
gemma-2-9b-it,24,25,0.5853658536585366,False,raw_magnitude,category,MG,mean_coverage,0.8660658001899719
gemma-2-9b-it,24,25,0.5853658536585366,False,raw_magnitude,category,MG,minimum_coverage,0.8129909038543701
gemma-2-9b-it,24,25,0.5853658536585366,False,raw_magnitude,category,MG,coverage_standard_deviation,0.04634370282292366
gemma-2-9b-it,24,25,0.5853658536585366,False,raw_magnitude,category,MG,resultant_length,0.8661503791809082
gemma-2-9b-it,25,26,0.6097560975609756,True,unit_normalized,mechanism,prefix_injection,C_k,0.720090389251709
gemma-2-9b-it,25,26,0.6097560975609756,True,unit_normalized,mechanism,prefix_injection,parallel_energy_fraction,0.5185301686926778
gemma-2-9b-it,25,26,0.6097560975609756,True,unit_normalized,mechanism,prefix_injection,residual_energy_fraction,0.48146983130732224
gemma-2-9b-it,25,26,0.6097560975609756,True,unit_normalized,mechanism,refusal_suppression,C_k,0.8310384750366211
gemma-2-9b-it,25,26,0.6097560975609756,True,unit_normalized,mechanism,refusal_suppression,parallel_energy_fraction,0.6906249469911927
gemma-2-9b-it,25,26,0.6097560975609756,True,unit_normalized,mechanism,refusal_suppression,residual_energy_fraction,0.3093750530088073
gemma-2-9b-it,25,26,0.6097560975609756,True,unit_normalized,mechanism,persona_roleplay,C_k,0.7498201727867126
gemma-2-9b-it,25,26,0.6097560975609756,True,unit_normalized,mechanism,persona_roleplay,parallel_energy_fraction,0.5622302915178956
gemma-2-9b-it,25,26,0.6097560975609756,True,unit_normalized,mechanism,persona_roleplay,residual_energy_fraction,0.4377697084821044
gemma-2-9b-it,25,26,0.6097560975609756,True,unit_normalized,mechanism,encoding_obfuscation,C_k,0.8938900828361511
gemma-2-9b-it,25,26,0.6097560975609756,True,unit_normalized,mechanism,encoding_obfuscation,parallel_energy_fraction,0.7990394801928211
gemma-2-9b-it,25,26,0.6097560975609756,True,unit_normalized,mechanism,encoding_obfuscation,residual_energy_fraction,0.20096051980717888
gemma-2-9b-it,25,26,0.6097560975609756,True,unit_normalized,mechanism,payload_splitting,C_k,0.8859118223190308
gemma-2-9b-it,25,26,0.6097560975609756,True,unit_normalized,mechanism,payload_splitting,parallel_energy_fraction,0.7848397569246259
gemma-2-9b-it,25,26,0.6097560975609756,True,unit_normalized,mechanism,payload_splitting,residual_energy_fraction,0.21516024307537407
gemma-2-9b-it,25,26,0.6097560975609756,True,unit_normalized,mechanism,distractors_negated,C_k,0.827669084072113
gemma-2-9b-it,25,26,0.6097560975609756,True,unit_normalized,mechanism,distractors_negated,parallel_energy_fraction,0.6850361127287705
gemma-2-9b-it,25,26,0.6097560975609756,True,unit_normalized,mechanism,distractors_negated,residual_energy_fraction,0.3149638872712295
gemma-2-9b-it,25,26,0.6097560975609756,True,unit_normalized,category,CO,mean_coverage,0.7669830322265625
gemma-2-9b-it,25,26,0.6097560975609756,True,unit_normalized,category,CO,minimum_coverage,0.720090389251709
gemma-2-9b-it,25,26,0.6097560975609756,True,unit_normalized,category,CO,coverage_standard_deviation,0.057430755347013474
gemma-2-9b-it,25,26,0.6097560975609756,True,unit_normalized,category,CO,resultant_length,0.7669830918312073
gemma-2-9b-it,25,26,0.6097560975609756,True,unit_normalized,category,MG,mean_coverage,0.8691570162773132
gemma-2-9b-it,25,26,0.6097560975609756,True,unit_normalized,category,MG,minimum_coverage,0.827669084072113
gemma-2-9b-it,25,26,0.6097560975609756,True,unit_normalized,category,MG,coverage_standard_deviation,0.036150358617305756
gemma-2-9b-it,25,26,0.6097560975609756,True,unit_normalized,category,MG,resultant_length,0.8691569566726685
gemma-2-9b-it,25,26,0.6097560975609756,True,raw_magnitude,mechanism,prefix_injection,C_k,0.7525035738945007
gemma-2-9b-it,25,26,0.6097560975609756,True,raw_magnitude,mechanism,prefix_injection,parallel_energy_fraction,0.5662616287239963
gemma-2-9b-it,25,26,0.6097560975609756,True,raw_magnitude,mechanism,prefix_injection,residual_energy_fraction,0.4337383712760037
gemma-2-9b-it,25,26,0.6097560975609756,True,raw_magnitude,mechanism,refusal_suppression,C_k,0.8667729496955872
gemma-2-9b-it,25,26,0.6097560975609756,True,raw_magnitude,mechanism,refusal_suppression,parallel_energy_fraction,0.7512953463239889
gemma-2-9b-it,25,26,0.6097560975609756,True,raw_magnitude,mechanism,refusal_suppression,residual_energy_fraction,0.24870465367601113
gemma-2-9b-it,25,26,0.6097560975609756,True,raw_magnitude,mechanism,persona_roleplay,C_k,0.663124144077301
gemma-2-9b-it,25,26,0.6097560975609756,True,raw_magnitude,mechanism,persona_roleplay,parallel_energy_fraction,0.4397336304582531
gemma-2-9b-it,25,26,0.6097560975609756,True,raw_magnitude,mechanism,persona_roleplay,residual_energy_fraction,0.5602663695417469
gemma-2-9b-it,25,26,0.6097560975609756,True,raw_magnitude,mechanism,encoding_obfuscation,C_k,0.9021443128585815
gemma-2-9b-it,25,26,0.6097560975609756,True,raw_magnitude,mechanism,encoding_obfuscation,parallel_energy_fraction,0.8138643612230823
gemma-2-9b-it,25,26,0.6097560975609756,True,raw_magnitude,mechanism,encoding_obfuscation,residual_energy_fraction,0.18613563877691774
gemma-2-9b-it,25,26,0.6097560975609756,True,raw_magnitude,mechanism,payload_splitting,C_k,0.8939038515090942
gemma-2-9b-it,25,26,0.6097560975609756,True,raw_magnitude,mechanism,payload_splitting,parallel_energy_fraction,0.7990640957427928
gemma-2-9b-it,25,26,0.6097560975609756,True,raw_magnitude,mechanism,payload_splitting,residual_energy_fraction,0.2009359042572072
gemma-2-9b-it,25,26,0.6097560975609756,True,raw_magnitude,mechanism,distractors_negated,C_k,0.8102133870124817
gemma-2-9b-it,25,26,0.6097560975609756,True,raw_magnitude,mechanism,distractors_negated,parallel_energy_fraction,0.6564457324942374
gemma-2-9b-it,25,26,0.6097560975609756,True,raw_magnitude,mechanism,distractors_negated,residual_energy_fraction,0.34355426750576257
gemma-2-9b-it,25,26,0.6097560975609756,True,raw_magnitude,category,CO,mean_coverage,0.7608001828193665
gemma-2-9b-it,25,26,0.6097560975609756,True,raw_magnitude,category,CO,minimum_coverage,0.663124144077301
gemma-2-9b-it,25,26,0.6097560975609756,True,raw_magnitude,category,CO,coverage_standard_deviation,0.10207758843898773
gemma-2-9b-it,25,26,0.6097560975609756,True,raw_magnitude,category,CO,resultant_length,0.7669830918312073
gemma-2-9b-it,25,26,0.6097560975609756,True,raw_magnitude,category,MG,mean_coverage,0.8687538504600525
gemma-2-9b-it,25,26,0.6097560975609756,True,raw_magnitude,category,MG,minimum_coverage,0.8102133870124817
gemma-2-9b-it,25,26,0.6097560975609756,True,raw_magnitude,category,MG,coverage_standard_deviation,0.05086468160152435
gemma-2-9b-it,25,26,0.6097560975609756,True,raw_magnitude,category,MG,resultant_length,0.8691569566726685
gemma-2-9b-it,26,27,0.6341463414634146,False,unit_normalized,mechanism,prefix_injection,C_k,0.720379114151001
gemma-2-9b-it,26,27,0.6341463414634146,False,unit_normalized,mechanism,prefix_injection,parallel_energy_fraction,0.5189460681049809
gemma-2-9b-it,26,27,0.6341463414634146,False,unit_normalized,mechanism,prefix_injection,residual_energy_fraction,0.4810539318950191
gemma-2-9b-it,26,27,0.6341463414634146,False,unit_normalized,mechanism,refusal_suppression,C_k,0.8178783655166626
gemma-2-9b-it,26,27,0.6341463414634146,False,unit_normalized,mechanism,refusal_suppression,parallel_energy_fraction,0.6689250207802075
gemma-2-9b-it,26,27,0.6341463414634146,False,unit_normalized,mechanism,refusal_suppression,residual_energy_fraction,0.33107497921979245
gemma-2-9b-it,26,27,0.6341463414634146,False,unit_normalized,mechanism,persona_roleplay,C_k,0.7244704961776733
gemma-2-9b-it,26,27,0.6341463414634146,False,unit_normalized,mechanism,persona_roleplay,parallel_energy_fraction,0.5248574998319242
gemma-2-9b-it,26,27,0.6341463414634146,False,unit_normalized,mechanism,persona_roleplay,residual_energy_fraction,0.4751425001680758
gemma-2-9b-it,26,27,0.6341463414634146,False,unit_normalized,mechanism,encoding_obfuscation,C_k,0.8929851055145264
gemma-2-9b-it,26,27,0.6341463414634146,False,unit_normalized,mechanism,encoding_obfuscation,parallel_energy_fraction,0.7974223986707898
gemma-2-9b-it,26,27,0.6341463414634146,False,unit_normalized,mechanism,encoding_obfuscation,residual_energy_fraction,0.2025776013292102
gemma-2-9b-it,26,27,0.6341463414634146,False,unit_normalized,mechanism,payload_splitting,C_k,0.8910261392593384
gemma-2-9b-it,26,27,0.6341463414634146,False,unit_normalized,mechanism,payload_splitting,parallel_energy_fraction,0.7939275808434019
gemma-2-9b-it,26,27,0.6341463414634146,False,unit_normalized,mechanism,payload_splitting,residual_energy_fraction,0.20607241915659813
gemma-2-9b-it,26,27,0.6341463414634146,False,unit_normalized,mechanism,distractors_negated,C_k,0.816470205783844
gemma-2-9b-it,26,27,0.6341463414634146,False,unit_normalized,mechanism,distractors_negated,parallel_energy_fraction,0.6666235969327126
gemma-2-9b-it,26,27,0.6341463414634146,False,unit_normalized,mechanism,distractors_negated,residual_energy_fraction,0.33337640306728744
gemma-2-9b-it,26,27,0.6341463414634146,False,unit_normalized,category,CO,mean_coverage,0.7542426586151123
gemma-2-9b-it,26,27,0.6341463414634146,False,unit_normalized,category,CO,minimum_coverage,0.720379114151001
gemma-2-9b-it,26,27,0.6341463414634146,False,unit_normalized,category,CO,coverage_standard_deviation,0.05514809489250183
gemma-2-9b-it,26,27,0.6341463414634146,False,unit_normalized,category,CO,resultant_length,0.7542425990104675
gemma-2-9b-it,26,27,0.6341463414634146,False,unit_normalized,category,MG,mean_coverage,0.8668271899223328
gemma-2-9b-it,26,27,0.6341463414634146,False,unit_normalized,category,MG,minimum_coverage,0.816470205783844
gemma-2-9b-it,26,27,0.6341463414634146,False,unit_normalized,category,MG,coverage_standard_deviation,0.04362139105796814
gemma-2-9b-it,26,27,0.6341463414634146,False,unit_normalized,category,MG,resultant_length,0.8668272495269775
gemma-2-9b-it,26,27,0.6341463414634146,False,raw_magnitude,mechanism,prefix_injection,C_k,0.7599688768386841
gemma-2-9b-it,26,27,0.6341463414634146,False,raw_magnitude,mechanism,prefix_injection,parallel_energy_fraction,0.577552693763451
gemma-2-9b-it,26,27,0.6341463414634146,False,raw_magnitude,mechanism,prefix_injection,residual_energy_fraction,0.422447306236549
gemma-2-9b-it,26,27,0.6341463414634146,False,raw_magnitude,mechanism,refusal_suppression,C_k,0.8574134707450867
gemma-2-9b-it,26,27,0.6341463414634146,False,raw_magnitude,mechanism,refusal_suppression,parallel_energy_fraction,0.7351578598151356
gemma-2-9b-it,26,27,0.6341463414634146,False,raw_magnitude,mechanism,refusal_suppression,residual_energy_fraction,0.2648421401848644
gemma-2-9b-it,26,27,0.6341463414634146,False,raw_magnitude,mechanism,persona_roleplay,C_k,0.623131275177002
gemma-2-9b-it,26,27,0.6341463414634146,False,raw_magnitude,mechanism,persona_roleplay,parallel_energy_fraction,0.38829258610371653
gemma-2-9b-it,26,27,0.6341463414634146,False,raw_magnitude,mechanism,persona_roleplay,residual_energy_fraction,0.6117074138962835
gemma-2-9b-it,26,27,0.6341463414634146,False,raw_magnitude,mechanism,encoding_obfuscation,C_k,0.9097328782081604
gemma-2-9b-it,26,27,0.6341463414634146,False,raw_magnitude,mechanism,encoding_obfuscation,parallel_energy_fraction,0.8276139096929036
gemma-2-9b-it,26,27,0.6341463414634146,False,raw_magnitude,mechanism,encoding_obfuscation,residual_energy_fraction,0.1723860903070964
gemma-2-9b-it,26,27,0.6341463414634146,False,raw_magnitude,mechanism,payload_splitting,C_k,0.9056090116500854
gemma-2-9b-it,26,27,0.6341463414634146,False,raw_magnitude,mechanism,payload_splitting,parallel_energy_fraction,0.8201276819818446
gemma-2-9b-it,26,27,0.6341463414634146,False,raw_magnitude,mechanism,payload_splitting,residual_energy_fraction,0.1798723180181554
gemma-2-9b-it,26,27,0.6341463414634146,False,raw_magnitude,mechanism,distractors_negated,C_k,0.7804663181304932
gemma-2-9b-it,26,27,0.6341463414634146,False,raw_magnitude,mechanism,distractors_negated,parallel_energy_fraction,0.6091276737361682
gemma-2-9b-it,26,27,0.6341463414634146,False,raw_magnitude,mechanism,distractors_negated,residual_energy_fraction,0.39087232626383184
gemma-2-9b-it,26,27,0.6341463414634146,False,raw_magnitude,category,CO,mean_coverage,0.746837854385376
gemma-2-9b-it,26,27,0.6341463414634146,False,raw_magnitude,category,CO,minimum_coverage,0.623131275177002
gemma-2-9b-it,26,27,0.6341463414634146,False,raw_magnitude,category,CO,coverage_standard_deviation,0.1176917776465416
gemma-2-9b-it,26,27,0.6341463414634146,False,raw_magnitude,category,CO,resultant_length,0.7542425990104675
gemma-2-9b-it,26,27,0.6341463414634146,False,raw_magnitude,category,MG,mean_coverage,0.8652694225311279
gemma-2-9b-it,26,27,0.6341463414634146,False,raw_magnitude,category,MG,minimum_coverage,0.7804663181304932
gemma-2-9b-it,26,27,0.6341463414634146,False,raw_magnitude,category,MG,coverage_standard_deviation,0.07347056269645691
gemma-2-9b-it,26,27,0.6341463414634146,False,raw_magnitude,category,MG,resultant_length,0.8668272495269775
gemma-2-9b-it,27,28,0.6585365853658537,False,unit_normalized,mechanism,prefix_injection,C_k,0.7470563650131226
gemma-2-9b-it,27,28,0.6585365853658537,False,unit_normalized,mechanism,prefix_injection,parallel_energy_fraction,0.5580932125066198
gemma-2-9b-it,27,28,0.6585365853658537,False,unit_normalized,mechanism,prefix_injection,residual_energy_fraction,0.4419067874933802
gemma-2-9b-it,27,28,0.6585365853658537,False,unit_normalized,mechanism,refusal_suppression,C_k,0.8034385442733765
gemma-2-9b-it,27,28,0.6585365853658537,False,unit_normalized,mechanism,refusal_suppression,parallel_energy_fraction,0.6455134944241223
gemma-2-9b-it,27,28,0.6585365853658537,False,unit_normalized,mechanism,refusal_suppression,residual_energy_fraction,0.3544865055758777
gemma-2-9b-it,27,28,0.6585365853658537,False,unit_normalized,mechanism,persona_roleplay,C_k,0.7419558763504028
gemma-2-9b-it,27,28,0.6585365853658537,False,unit_normalized,mechanism,persona_roleplay,parallel_energy_fraction,0.5504985224508943
gemma-2-9b-it,27,28,0.6585365853658537,False,unit_normalized,mechanism,persona_roleplay,residual_energy_fraction,0.44950147754910574
gemma-2-9b-it,27,28,0.6585365853658537,False,unit_normalized,mechanism,encoding_obfuscation,C_k,0.8715270161628723
gemma-2-9b-it,27,28,0.6585365853658537,False,unit_normalized,mechanism,encoding_obfuscation,parallel_energy_fraction,0.7595593399017595
gemma-2-9b-it,27,28,0.6585365853658537,False,unit_normalized,mechanism,encoding_obfuscation,residual_energy_fraction,0.2404406600982405
gemma-2-9b-it,27,28,0.6585365853658537,False,unit_normalized,mechanism,payload_splitting,C_k,0.886221170425415
gemma-2-9b-it,27,28,0.6585365853658537,False,unit_normalized,mechanism,payload_splitting,parallel_energy_fraction,0.7853879629101925
gemma-2-9b-it,27,28,0.6585365853658537,False,unit_normalized,mechanism,payload_splitting,residual_energy_fraction,0.21461203708980747
gemma-2-9b-it,27,28,0.6585365853658537,False,unit_normalized,mechanism,distractors_negated,C_k,0.7762419581413269
gemma-2-9b-it,27,28,0.6585365853658537,False,unit_normalized,mechanism,distractors_negated,parallel_energy_fraction,0.6025515775790815
gemma-2-9b-it,27,28,0.6585365853658537,False,unit_normalized,mechanism,distractors_negated,residual_energy_fraction,0.3974484224209185
gemma-2-9b-it,27,28,0.6585365853658537,False,unit_normalized,category,CO,mean_coverage,0.7641503214836121
gemma-2-9b-it,27,28,0.6585365853658537,False,unit_normalized,category,CO,minimum_coverage,0.7419558763504028
gemma-2-9b-it,27,28,0.6585365853658537,False,unit_normalized,category,CO,coverage_standard_deviation,0.034120090305805206
gemma-2-9b-it,27,28,0.6585365853658537,False,unit_normalized,category,CO,resultant_length,0.7641502618789673
gemma-2-9b-it,27,28,0.6585365853658537,False,unit_normalized,category,MG,mean_coverage,0.8446633815765381
gemma-2-9b-it,27,28,0.6585365853658537,False,unit_normalized,category,MG,minimum_coverage,0.7762419581413269
gemma-2-9b-it,27,28,0.6585365853658537,False,unit_normalized,category,MG,coverage_standard_deviation,0.05970844253897667
gemma-2-9b-it,27,28,0.6585365853658537,False,unit_normalized,category,MG,resultant_length,0.8446633219718933
gemma-2-9b-it,27,28,0.6585365853658537,False,raw_magnitude,mechanism,prefix_injection,C_k,0.7642968893051147
gemma-2-9b-it,27,28,0.6585365853658537,False,raw_magnitude,mechanism,prefix_injection,parallel_energy_fraction,0.5841497350014748
gemma-2-9b-it,27,28,0.6585365853658537,False,raw_magnitude,mechanism,prefix_injection,residual_energy_fraction,0.4158502649985252
gemma-2-9b-it,27,28,0.6585365853658537,False,raw_magnitude,mechanism,refusal_suppression,C_k,0.8455033898353577
gemma-2-9b-it,27,28,0.6585365853658537,False,raw_magnitude,mechanism,refusal_suppression,parallel_energy_fraction,0.7148759822230808
gemma-2-9b-it,27,28,0.6585365853658537,False,raw_magnitude,mechanism,refusal_suppression,residual_energy_fraction,0.2851240177769192
gemma-2-9b-it,27,28,0.6585365853658537,False,raw_magnitude,mechanism,persona_roleplay,C_k,0.6691655516624451
gemma-2-9b-it,27,28,0.6585365853658537,False,raw_magnitude,mechanism,persona_roleplay,parallel_energy_fraction,0.44778253553170444
gemma-2-9b-it,27,28,0.6585365853658537,False,raw_magnitude,mechanism,persona_roleplay,residual_energy_fraction,0.5522174644682956
gemma-2-9b-it,27,28,0.6585365853658537,False,raw_magnitude,mechanism,encoding_obfuscation,C_k,0.9042872190475464
gemma-2-9b-it,27,28,0.6585365853658537,False,raw_magnitude,mechanism,encoding_obfuscation,parallel_energy_fraction,0.8177353745327451
gemma-2-9b-it,27,28,0.6585365853658537,False,raw_magnitude,mechanism,encoding_obfuscation,residual_energy_fraction,0.18226462546725486
gemma-2-9b-it,27,28,0.6585365853658537,False,raw_magnitude,mechanism,payload_splitting,C_k,0.9049383997917175
gemma-2-9b-it,27,28,0.6585365853658537,False,raw_magnitude,mechanism,payload_splitting,parallel_energy_fraction,0.8189135074175944
gemma-2-9b-it,27,28,0.6585365853658537,False,raw_magnitude,mechanism,payload_splitting,residual_energy_fraction,0.1810864925824056
gemma-2-9b-it,27,28,0.6585365853658537,False,raw_magnitude,mechanism,distractors_negated,C_k,0.7131987810134888
gemma-2-9b-it,27,28,0.6585365853658537,False,raw_magnitude,mechanism,distractors_negated,parallel_energy_fraction,0.5086525012391263
gemma-2-9b-it,27,28,0.6585365853658537,False,raw_magnitude,mechanism,distractors_negated,residual_energy_fraction,0.4913474987608737
gemma-2-9b-it,27,28,0.6585365853658537,False,raw_magnitude,category,CO,mean_coverage,0.7596552968025208
gemma-2-9b-it,27,28,0.6585365853658537,False,raw_magnitude,category,CO,minimum_coverage,0.6691655516624451
gemma-2-9b-it,27,28,0.6585365853658537,False,raw_magnitude,category,CO,coverage_standard_deviation,0.08826050162315369
gemma-2-9b-it,27,28,0.6585365853658537,False,raw_magnitude,category,CO,resultant_length,0.7641502618789673
gemma-2-9b-it,27,28,0.6585365853658537,False,raw_magnitude,category,MG,mean_coverage,0.840808093547821
gemma-2-9b-it,27,28,0.6585365853658537,False,raw_magnitude,category,MG,minimum_coverage,0.7131987810134888
gemma-2-9b-it,27,28,0.6585365853658537,False,raw_magnitude,category,MG,coverage_standard_deviation,0.11051341891288757
gemma-2-9b-it,27,28,0.6585365853658537,False,raw_magnitude,category,MG,resultant_length,0.8446633219718933
gemma-2-9b-it,28,29,0.6829268292682927,False,unit_normalized,mechanism,prefix_injection,C_k,0.7652333378791809
gemma-2-9b-it,28,29,0.6829268292682927,False,unit_normalized,mechanism,prefix_injection,parallel_energy_fraction,0.5855820614017127
gemma-2-9b-it,28,29,0.6829268292682927,False,unit_normalized,mechanism,prefix_injection,residual_energy_fraction,0.41441793859828735
gemma-2-9b-it,28,29,0.6829268292682927,False,unit_normalized,mechanism,refusal_suppression,C_k,0.8013677597045898
gemma-2-9b-it,28,29,0.6829268292682927,False,unit_normalized,mechanism,refusal_suppression,parallel_energy_fraction,0.6421902862939532
gemma-2-9b-it,28,29,0.6829268292682927,False,unit_normalized,mechanism,refusal_suppression,residual_energy_fraction,0.35780971370604675
gemma-2-9b-it,28,29,0.6829268292682927,False,unit_normalized,mechanism,persona_roleplay,C_k,0.7519513964653015
gemma-2-9b-it,28,29,0.6829268292682927,False,unit_normalized,mechanism,persona_roleplay,parallel_energy_fraction,0.5654309026461171
gemma-2-9b-it,28,29,0.6829268292682927,False,unit_normalized,mechanism,persona_roleplay,residual_energy_fraction,0.43456909735388294
gemma-2-9b-it,28,29,0.6829268292682927,False,unit_normalized,mechanism,encoding_obfuscation,C_k,0.8742769956588745
gemma-2-9b-it,28,29,0.6829268292682927,False,unit_normalized,mechanism,encoding_obfuscation,parallel_energy_fraction,0.7643602651383077
gemma-2-9b-it,28,29,0.6829268292682927,False,unit_normalized,mechanism,encoding_obfuscation,residual_energy_fraction,0.23563973486169232
gemma-2-9b-it,28,29,0.6829268292682927,False,unit_normalized,mechanism,payload_splitting,C_k,0.8930840492248535
gemma-2-9b-it,28,29,0.6829268292682927,False,unit_normalized,mechanism,payload_splitting,parallel_energy_fraction,0.7975991189798606
gemma-2-9b-it,28,29,0.6829268292682927,False,unit_normalized,mechanism,payload_splitting,residual_energy_fraction,0.20240088102013942
gemma-2-9b-it,28,29,0.6829268292682927,False,unit_normalized,mechanism,distractors_negated,C_k,0.7780604958534241
gemma-2-9b-it,28,29,0.6829268292682927,False,unit_normalized,mechanism,distractors_negated,parallel_energy_fraction,0.6053781352076761
gemma-2-9b-it,28,29,0.6829268292682927,False,unit_normalized,mechanism,distractors_negated,residual_energy_fraction,0.39462186479232386
gemma-2-9b-it,28,29,0.6829268292682927,False,unit_normalized,category,CO,mean_coverage,0.7728508114814758
gemma-2-9b-it,28,29,0.6829268292682927,False,unit_normalized,category,CO,minimum_coverage,0.7519513964653015
gemma-2-9b-it,28,29,0.6829268292682927,False,unit_normalized,category,CO,coverage_standard_deviation,0.025573695078492165
gemma-2-9b-it,28,29,0.6829268292682927,False,unit_normalized,category,CO,resultant_length,0.772850751876831
gemma-2-9b-it,28,29,0.6829268292682927,False,unit_normalized,category,MG,mean_coverage,0.848473846912384
gemma-2-9b-it,28,29,0.6829268292682927,False,unit_normalized,category,MG,minimum_coverage,0.7780604958534241
gemma-2-9b-it,28,29,0.6829268292682927,False,unit_normalized,category,MG,coverage_standard_deviation,0.06170053780078888
gemma-2-9b-it,28,29,0.6829268292682927,False,unit_normalized,category,MG,resultant_length,0.8484737873077393
gemma-2-9b-it,28,29,0.6829268292682927,False,raw_magnitude,mechanism,prefix_injection,C_k,0.7657231092453003
gemma-2-9b-it,28,29,0.6829268292682927,False,raw_magnitude,mechanism,prefix_injection,parallel_energy_fraction,0.5863318800322901
gemma-2-9b-it,28,29,0.6829268292682927,False,raw_magnitude,mechanism,prefix_injection,residual_energy_fraction,0.4136681199677099
gemma-2-9b-it,28,29,0.6829268292682927,False,raw_magnitude,mechanism,refusal_suppression,C_k,0.8486533164978027
gemma-2-9b-it,28,29,0.6829268292682927,False,raw_magnitude,mechanism,refusal_suppression,parallel_energy_fraction,0.7202124516027197
gemma-2-9b-it,28,29,0.6829268292682927,False,raw_magnitude,mechanism,refusal_suppression,residual_energy_fraction,0.27978754839728026
gemma-2-9b-it,28,29,0.6829268292682927,False,raw_magnitude,mechanism,persona_roleplay,C_k,0.6928684711456299
gemma-2-9b-it,28,29,0.6829268292682927,False,raw_magnitude,mechanism,persona_roleplay,parallel_energy_fraction,0.48006671830768255
gemma-2-9b-it,28,29,0.6829268292682927,False,raw_magnitude,mechanism,persona_roleplay,residual_energy_fraction,0.5199332816923175
gemma-2-9b-it,28,29,0.6829268292682927,False,raw_magnitude,mechanism,encoding_obfuscation,C_k,0.9110406637191772
gemma-2-9b-it,28,29,0.6829268292682927,False,raw_magnitude,mechanism,encoding_obfuscation,parallel_energy_fraction,0.829995090949879
gemma-2-9b-it,28,29,0.6829268292682927,False,raw_magnitude,mechanism,encoding_obfuscation,residual_energy_fraction,0.170004909050121
gemma-2-9b-it,28,29,0.6829268292682927,False,raw_magnitude,mechanism,payload_splitting,C_k,0.9092887043952942
gemma-2-9b-it,28,29,0.6829268292682927,False,raw_magnitude,mechanism,payload_splitting,parallel_energy_fraction,0.8268059479408727
gemma-2-9b-it,28,29,0.6829268292682927,False,raw_magnitude,mechanism,payload_splitting,residual_energy_fraction,0.1731940520591273
gemma-2-9b-it,28,29,0.6829268292682927,False,raw_magnitude,mechanism,distractors_negated,C_k,0.7120282649993896
gemma-2-9b-it,28,29,0.6829268292682927,False,raw_magnitude,mechanism,distractors_negated,parallel_energy_fraction,0.506984250158041
gemma-2-9b-it,28,29,0.6829268292682927,False,raw_magnitude,mechanism,distractors_negated,residual_energy_fraction,0.49301574984195895
gemma-2-9b-it,28,29,0.6829268292682927,False,raw_magnitude,category,CO,mean_coverage,0.7690815925598145
gemma-2-9b-it,28,29,0.6829268292682927,False,raw_magnitude,category,CO,minimum_coverage,0.6928684711456299
gemma-2-9b-it,28,29,0.6829268292682927,False,raw_magnitude,category,CO,coverage_standard_deviation,0.07794670760631561
gemma-2-9b-it,28,29,0.6829268292682927,False,raw_magnitude,category,CO,resultant_length,0.772850751876831
gemma-2-9b-it,28,29,0.6829268292682927,False,raw_magnitude,category,MG,mean_coverage,0.8441192507743835
gemma-2-9b-it,28,29,0.6829268292682927,False,raw_magnitude,category,MG,minimum_coverage,0.7120282649993896
gemma-2-9b-it,28,29,0.6829268292682927,False,raw_magnitude,category,MG,coverage_standard_deviation,0.11439746618270874
gemma-2-9b-it,28,29,0.6829268292682927,False,raw_magnitude,category,MG,resultant_length,0.8484737873077393
gemma-2-9b-it,29,30,0.7073170731707317,False,unit_normalized,mechanism,prefix_injection,C_k,0.7648635506629944
gemma-2-9b-it,29,30,0.7073170731707317,False,unit_normalized,mechanism,prefix_injection,parallel_energy_fraction,0.585016251132803
gemma-2-9b-it,29,30,0.7073170731707317,False,unit_normalized,mechanism,prefix_injection,residual_energy_fraction,0.414983748867197
gemma-2-9b-it,29,30,0.7073170731707317,False,unit_normalized,mechanism,refusal_suppression,C_k,0.8048727512359619
gemma-2-9b-it,29,30,0.7073170731707317,False,unit_normalized,mechanism,refusal_suppression,parallel_energy_fraction,0.6478201456821466
gemma-2-9b-it,29,30,0.7073170731707317,False,unit_normalized,mechanism,refusal_suppression,residual_energy_fraction,0.35217985431785337
gemma-2-9b-it,29,30,0.7073170731707317,False,unit_normalized,mechanism,persona_roleplay,C_k,0.7536289691925049
gemma-2-9b-it,29,30,0.7073170731707317,False,unit_normalized,mechanism,persona_roleplay,parallel_energy_fraction,0.5679566232061575
gemma-2-9b-it,29,30,0.7073170731707317,False,unit_normalized,mechanism,persona_roleplay,residual_energy_fraction,0.4320433767938425
gemma-2-9b-it,29,30,0.7073170731707317,False,unit_normalized,mechanism,encoding_obfuscation,C_k,0.8740845918655396
gemma-2-9b-it,29,30,0.7073170731707317,False,unit_normalized,mechanism,encoding_obfuscation,parallel_energy_fraction,0.7640238737367469
gemma-2-9b-it,29,30,0.7073170731707317,False,unit_normalized,mechanism,encoding_obfuscation,residual_energy_fraction,0.23597612626325315
gemma-2-9b-it,29,30,0.7073170731707317,False,unit_normalized,mechanism,payload_splitting,C_k,0.8865821361541748
gemma-2-9b-it,29,30,0.7073170731707317,False,unit_normalized,mechanism,payload_splitting,parallel_energy_fraction,0.7860278841476998
gemma-2-9b-it,29,30,0.7073170731707317,False,unit_normalized,mechanism,payload_splitting,residual_energy_fraction,0.21397211585230025
gemma-2-9b-it,29,30,0.7073170731707317,False,unit_normalized,mechanism,distractors_negated,C_k,0.7755391001701355
gemma-2-9b-it,29,30,0.7073170731707317,False,unit_normalized,mechanism,distractors_negated,parallel_energy_fraction,0.6014608958927035
gemma-2-9b-it,29,30,0.7073170731707317,False,unit_normalized,mechanism,distractors_negated,residual_energy_fraction,0.39853910410729654
gemma-2-9b-it,29,30,0.7073170731707317,False,unit_normalized,category,CO,mean_coverage,0.7744550704956055
gemma-2-9b-it,29,30,0.7073170731707317,False,unit_normalized,category,CO,minimum_coverage,0.7536289691925049
gemma-2-9b-it,29,30,0.7073170731707317,False,unit_normalized,category,CO,coverage_standard_deviation,0.026934728026390076
gemma-2-9b-it,29,30,0.7073170731707317,False,unit_normalized,category,CO,resultant_length,0.7744550108909607
gemma-2-9b-it,29,30,0.7073170731707317,False,unit_normalized,category,MG,mean_coverage,0.84540194272995
gemma-2-9b-it,29,30,0.7073170731707317,False,unit_normalized,category,MG,minimum_coverage,0.7755391001701355
gemma-2-9b-it,29,30,0.7073170731707317,False,unit_normalized,category,MG,coverage_standard_deviation,0.06082483008503914
gemma-2-9b-it,29,30,0.7073170731707317,False,unit_normalized,category,MG,resultant_length,0.8454020023345947
gemma-2-9b-it,29,30,0.7073170731707317,False,raw_magnitude,mechanism,prefix_injection,C_k,0.7848711609840393
gemma-2-9b-it,29,30,0.7073170731707317,False,raw_magnitude,mechanism,prefix_injection,parallel_energy_fraction,0.6160227393444337
gemma-2-9b-it,29,30,0.7073170731707317,False,raw_magnitude,mechanism,prefix_injection,residual_energy_fraction,0.38397726065556625
gemma-2-9b-it,29,30,0.7073170731707317,False,raw_magnitude,mechanism,refusal_suppression,C_k,0.8378615975379944
gemma-2-9b-it,29,30,0.7073170731707317,False,raw_magnitude,mechanism,refusal_suppression,parallel_energy_fraction,0.7020120566289201
gemma-2-9b-it,29,30,0.7073170731707317,False,raw_magnitude,mechanism,refusal_suppression,residual_energy_fraction,0.2979879433710799
gemma-2-9b-it,29,30,0.7073170731707317,False,raw_magnitude,mechanism,persona_roleplay,C_k,0.6904656887054443
gemma-2-9b-it,29,30,0.7073170731707317,False,raw_magnitude,mechanism,persona_roleplay,parallel_energy_fraction,0.47674286727948356
gemma-2-9b-it,29,30,0.7073170731707317,False,raw_magnitude,mechanism,persona_roleplay,residual_energy_fraction,0.5232571327205164
gemma-2-9b-it,29,30,0.7073170731707317,False,raw_magnitude,mechanism,encoding_obfuscation,C_k,0.9126473665237427
gemma-2-9b-it,29,30,0.7073170731707317,False,raw_magnitude,mechanism,encoding_obfuscation,parallel_energy_fraction,0.8329252156227227
gemma-2-9b-it,29,30,0.7073170731707317,False,raw_magnitude,mechanism,encoding_obfuscation,residual_energy_fraction,0.1670747843772773
gemma-2-9b-it,29,30,0.7073170731707317,False,raw_magnitude,mechanism,payload_splitting,C_k,0.9091450572013855
gemma-2-9b-it,29,30,0.7073170731707317,False,raw_magnitude,mechanism,payload_splitting,parallel_energy_fraction,0.8265447350337105
gemma-2-9b-it,29,30,0.7073170731707317,False,raw_magnitude,mechanism,payload_splitting,residual_energy_fraction,0.1734552649662895
gemma-2-9b-it,29,30,0.7073170731707317,False,raw_magnitude,mechanism,distractors_negated,C_k,0.6969113349914551
gemma-2-9b-it,29,30,0.7073170731707317,False,raw_magnitude,mechanism,distractors_negated,parallel_energy_fraction,0.4856854088395721
gemma-2-9b-it,29,30,0.7073170731707317,False,raw_magnitude,mechanism,distractors_negated,residual_energy_fraction,0.5143145911604279
gemma-2-9b-it,29,30,0.7073170731707317,False,raw_magnitude,category,CO,mean_coverage,0.7710661888122559
gemma-2-9b-it,29,30,0.7073170731707317,False,raw_magnitude,category,CO,minimum_coverage,0.6904656887054443
gemma-2-9b-it,29,30,0.7073170731707317,False,raw_magnitude,category,CO,coverage_standard_deviation,0.07466138154268265
gemma-2-9b-it,29,30,0.7073170731707317,False,raw_magnitude,category,CO,resultant_length,0.7744550108909607
gemma-2-9b-it,29,30,0.7073170731707317,False,raw_magnitude,category,MG,mean_coverage,0.8395678997039795
gemma-2-9b-it,29,30,0.7073170731707317,False,raw_magnitude,category,MG,minimum_coverage,0.6969113349914551
gemma-2-9b-it,29,30,0.7073170731707317,False,raw_magnitude,category,MG,coverage_standard_deviation,0.12355663627386093
gemma-2-9b-it,29,30,0.7073170731707317,False,raw_magnitude,category,MG,resultant_length,0.8454020023345947
gemma-2-9b-it,30,31,0.7317073170731707,False,unit_normalized,mechanism,prefix_injection,C_k,0.7724973559379578
gemma-2-9b-it,30,31,0.7317073170731707,False,unit_normalized,mechanism,prefix_injection,parallel_energy_fraction,0.5967521649311358
gemma-2-9b-it,30,31,0.7317073170731707,False,unit_normalized,mechanism,prefix_injection,residual_energy_fraction,0.4032478350688642
gemma-2-9b-it,30,31,0.7317073170731707,False,unit_normalized,mechanism,refusal_suppression,C_k,0.7966666221618652
gemma-2-9b-it,30,31,0.7317073170731707,False,unit_normalized,mechanism,refusal_suppression,parallel_energy_fraction,0.6346777068667961
gemma-2-9b-it,30,31,0.7317073170731707,False,unit_normalized,mechanism,refusal_suppression,residual_energy_fraction,0.36532229313320386
gemma-2-9b-it,30,31,0.7317073170731707,False,unit_normalized,mechanism,persona_roleplay,C_k,0.7423794269561768
gemma-2-9b-it,30,31,0.7317073170731707,False,unit_normalized,mechanism,persona_roleplay,parallel_energy_fraction,0.5511272135677814
gemma-2-9b-it,30,31,0.7317073170731707,False,unit_normalized,mechanism,persona_roleplay,residual_energy_fraction,0.4488727864322186
gemma-2-9b-it,30,31,0.7317073170731707,False,unit_normalized,mechanism,encoding_obfuscation,C_k,0.8728944659233093
gemma-2-9b-it,30,31,0.7317073170731707,False,unit_normalized,mechanism,encoding_obfuscation,parallel_energy_fraction,0.7619447486395394
gemma-2-9b-it,30,31,0.7317073170731707,False,unit_normalized,mechanism,encoding_obfuscation,residual_energy_fraction,0.23805525136046057
gemma-2-9b-it,30,31,0.7317073170731707,False,unit_normalized,mechanism,payload_splitting,C_k,0.8752696514129639
gemma-2-9b-it,30,31,0.7317073170731707,False,unit_normalized,mechanism,payload_splitting,parallel_energy_fraction,0.7660969626845713
gemma-2-9b-it,30,31,0.7317073170731707,False,unit_normalized,mechanism,payload_splitting,residual_energy_fraction,0.23390303731542872
gemma-2-9b-it,30,31,0.7317073170731707,False,unit_normalized,mechanism,distractors_negated,C_k,0.7698106169700623
gemma-2-9b-it,30,31,0.7317073170731707,False,unit_normalized,mechanism,distractors_negated,parallel_energy_fraction,0.5926083859998279
gemma-2-9b-it,30,31,0.7317073170731707,False,unit_normalized,mechanism,distractors_negated,residual_energy_fraction,0.4073916140001721
gemma-2-9b-it,30,31,0.7317073170731707,False,unit_normalized,category,CO,mean_coverage,0.7705144882202148
gemma-2-9b-it,30,31,0.7317073170731707,False,unit_normalized,category,CO,minimum_coverage,0.7423794269561768
gemma-2-9b-it,30,31,0.7317073170731707,False,unit_normalized,category,CO,coverage_standard_deviation,0.027197863906621933
gemma-2-9b-it,30,31,0.7317073170731707,False,unit_normalized,category,CO,resultant_length,0.7705144286155701
gemma-2-9b-it,30,31,0.7317073170731707,False,unit_normalized,category,MG,mean_coverage,0.839324951171875
gemma-2-9b-it,30,31,0.7317073170731707,False,unit_normalized,category,MG,minimum_coverage,0.7698106169700623
gemma-2-9b-it,30,31,0.7317073170731707,False,unit_normalized,category,MG,coverage_standard_deviation,0.06021285802125931
gemma-2-9b-it,30,31,0.7317073170731707,False,unit_normalized,category,MG,resultant_length,0.839324951171875
gemma-2-9b-it,30,31,0.7317073170731707,False,raw_magnitude,mechanism,prefix_injection,C_k,0.7845128774642944
gemma-2-9b-it,30,31,0.7317073170731707,False,raw_magnitude,mechanism,prefix_injection,parallel_energy_fraction,0.615460454907307
gemma-2-9b-it,30,31,0.7317073170731707,False,raw_magnitude,mechanism,prefix_injection,residual_energy_fraction,0.38453954509269295
gemma-2-9b-it,30,31,0.7317073170731707,False,raw_magnitude,mechanism,refusal_suppression,C_k,0.8269007802009583
gemma-2-9b-it,30,31,0.7317073170731707,False,raw_magnitude,mechanism,refusal_suppression,parallel_energy_fraction,0.6837649002969535
gemma-2-9b-it,30,31,0.7317073170731707,False,raw_magnitude,mechanism,refusal_suppression,residual_energy_fraction,0.31623509970304653
gemma-2-9b-it,30,31,0.7317073170731707,False,raw_magnitude,mechanism,persona_roleplay,C_k,0.6940600872039795
gemma-2-9b-it,30,31,0.7317073170731707,False,raw_magnitude,mechanism,persona_roleplay,parallel_energy_fraction,0.4817194046495956
gemma-2-9b-it,30,31,0.7317073170731707,False,raw_magnitude,mechanism,persona_roleplay,residual_energy_fraction,0.5182805953504044
gemma-2-9b-it,30,31,0.7317073170731707,False,raw_magnitude,mechanism,encoding_obfuscation,C_k,0.9164458513259888
gemma-2-9b-it,30,31,0.7317073170731707,False,raw_magnitude,mechanism,encoding_obfuscation,parallel_energy_fraction,0.8398729984126163
gemma-2-9b-it,30,31,0.7317073170731707,False,raw_magnitude,mechanism,encoding_obfuscation,residual_energy_fraction,0.1601270015873837
gemma-2-9b-it,30,31,0.7317073170731707,False,raw_magnitude,mechanism,payload_splitting,C_k,0.9001376628875732
gemma-2-9b-it,30,31,0.7317073170731707,False,raw_magnitude,mechanism,payload_splitting,parallel_energy_fraction,0.8102478121487025
gemma-2-9b-it,30,31,0.7317073170731707,False,raw_magnitude,mechanism,payload_splitting,residual_energy_fraction,0.18975218785129755
gemma-2-9b-it,30,31,0.7317073170731707,False,raw_magnitude,mechanism,distractors_negated,C_k,0.6786197423934937
gemma-2-9b-it,30,31,0.7317073170731707,False,raw_magnitude,mechanism,distractors_negated,parallel_energy_fraction,0.4605247547662117
gemma-2-9b-it,30,31,0.7317073170731707,False,raw_magnitude,mechanism,distractors_negated,residual_energy_fraction,0.5394752452337883
gemma-2-9b-it,30,31,0.7317073170731707,False,raw_magnitude,category,CO,mean_coverage,0.768491268157959
gemma-2-9b-it,30,31,0.7317073170731707,False,raw_magnitude,category,CO,minimum_coverage,0.6940600872039795
gemma-2-9b-it,30,31,0.7317073170731707,False,raw_magnitude,category,CO,coverage_standard_deviation,0.06785412132740021
gemma-2-9b-it,30,31,0.7317073170731707,False,raw_magnitude,category,CO,resultant_length,0.7705144286155701
gemma-2-9b-it,30,31,0.7317073170731707,False,raw_magnitude,category,MG,mean_coverage,0.8317344188690186
gemma-2-9b-it,30,31,0.7317073170731707,False,raw_magnitude,category,MG,minimum_coverage,0.6786197423934937
gemma-2-9b-it,30,31,0.7317073170731707,False,raw_magnitude,category,MG,coverage_standard_deviation,0.13285167515277863
gemma-2-9b-it,30,31,0.7317073170731707,False,raw_magnitude,category,MG,resultant_length,0.839324951171875
gemma-2-9b-it,31,32,0.7560975609756098,False,unit_normalized,mechanism,prefix_injection,C_k,0.7683559656143188
gemma-2-9b-it,31,32,0.7560975609756098,False,unit_normalized,mechanism,prefix_injection,parallel_energy_fraction,0.5903708898951123
gemma-2-9b-it,31,32,0.7560975609756098,False,unit_normalized,mechanism,prefix_injection,residual_energy_fraction,0.4096291101048877
gemma-2-9b-it,31,32,0.7560975609756098,False,unit_normalized,mechanism,refusal_suppression,C_k,0.7890942692756653
gemma-2-9b-it,31,32,0.7560975609756098,False,unit_normalized,mechanism,refusal_suppression,parallel_energy_fraction,0.6226697658036962
gemma-2-9b-it,31,32,0.7560975609756098,False,unit_normalized,mechanism,refusal_suppression,residual_energy_fraction,0.37733023419630385
gemma-2-9b-it,31,32,0.7560975609756098,False,unit_normalized,mechanism,persona_roleplay,C_k,0.7258173823356628
gemma-2-9b-it,31,32,0.7560975609756098,False,unit_normalized,mechanism,persona_roleplay,parallel_energy_fraction,0.5268108725005938
gemma-2-9b-it,31,32,0.7560975609756098,False,unit_normalized,mechanism,persona_roleplay,residual_energy_fraction,0.4731891274994062
gemma-2-9b-it,31,32,0.7560975609756098,False,unit_normalized,mechanism,encoding_obfuscation,C_k,0.867689847946167
gemma-2-9b-it,31,32,0.7560975609756098,False,unit_normalized,mechanism,encoding_obfuscation,parallel_energy_fraction,0.7528856722288424
gemma-2-9b-it,31,32,0.7560975609756098,False,unit_normalized,mechanism,encoding_obfuscation,residual_energy_fraction,0.2471143277711576
gemma-2-9b-it,31,32,0.7560975609756098,False,unit_normalized,mechanism,payload_splitting,C_k,0.8673664927482605
gemma-2-9b-it,31,32,0.7560975609756098,False,unit_normalized,mechanism,payload_splitting,parallel_energy_fraction,0.7523246327424182
gemma-2-9b-it,31,32,0.7560975609756098,False,unit_normalized,mechanism,payload_splitting,residual_energy_fraction,0.24767536725758177
gemma-2-9b-it,31,32,0.7560975609756098,False,unit_normalized,mechanism,distractors_negated,C_k,0.7616459131240845
gemma-2-9b-it,31,32,0.7560975609756098,False,unit_normalized,mechanism,distractors_negated,parallel_energy_fraction,0.5801044969786204
gemma-2-9b-it,31,32,0.7560975609756098,False,unit_normalized,mechanism,distractors_negated,residual_energy_fraction,0.41989550302137957
gemma-2-9b-it,31,32,0.7560975609756098,False,unit_normalized,category,CO,mean_coverage,0.7610892653465271
gemma-2-9b-it,31,32,0.7560975609756098,False,unit_normalized,category,CO,minimum_coverage,0.7258173823356628
gemma-2-9b-it,31,32,0.7560975609756098,False,unit_normalized,category,CO,coverage_standard_deviation,0.03225826099514961
gemma-2-9b-it,31,32,0.7560975609756098,False,unit_normalized,category,CO,resultant_length,0.7610891461372375
gemma-2-9b-it,31,32,0.7560975609756098,False,unit_normalized,category,MG,mean_coverage,0.8322340846061707
gemma-2-9b-it,31,32,0.7560975609756098,False,unit_normalized,category,MG,minimum_coverage,0.7616459131240845
gemma-2-9b-it,31,32,0.7560975609756098,False,unit_normalized,category,MG,coverage_standard_deviation,0.06113136187195778
gemma-2-9b-it,31,32,0.7560975609756098,False,unit_normalized,category,MG,resultant_length,0.8322340250015259
gemma-2-9b-it,31,32,0.7560975609756098,False,raw_magnitude,mechanism,prefix_injection,C_k,0.7800588607788086
gemma-2-9b-it,31,32,0.7560975609756098,False,raw_magnitude,mechanism,prefix_injection,parallel_energy_fraction,0.6084918262795327
gemma-2-9b-it,31,32,0.7560975609756098,False,raw_magnitude,mechanism,prefix_injection,residual_energy_fraction,0.3915081737204673
gemma-2-9b-it,31,32,0.7560975609756098,False,raw_magnitude,mechanism,refusal_suppression,C_k,0.8205187916755676
gemma-2-9b-it,31,32,0.7560975609756098,False,raw_magnitude,mechanism,refusal_suppression,parallel_energy_fraction,0.6732510874927335
gemma-2-9b-it,31,32,0.7560975609756098,False,raw_magnitude,mechanism,refusal_suppression,residual_energy_fraction,0.32674891250726645
gemma-2-9b-it,31,32,0.7560975609756098,False,raw_magnitude,mechanism,persona_roleplay,C_k,0.6767646670341492
gemma-2-9b-it,31,32,0.7560975609756098,False,raw_magnitude,mechanism,persona_roleplay,parallel_energy_fraction,0.4580104145458428
gemma-2-9b-it,31,32,0.7560975609756098,False,raw_magnitude,mechanism,persona_roleplay,residual_energy_fraction,0.5419895854541572
gemma-2-9b-it,31,32,0.7560975609756098,False,raw_magnitude,mechanism,encoding_obfuscation,C_k,0.9156649112701416
gemma-2-9b-it,31,32,0.7560975609756098,False,raw_magnitude,mechanism,encoding_obfuscation,parallel_energy_fraction,0.8384422297313563
gemma-2-9b-it,31,32,0.7560975609756098,False,raw_magnitude,mechanism,encoding_obfuscation,residual_energy_fraction,0.1615577702686437
gemma-2-9b-it,31,32,0.7560975609756098,False,raw_magnitude,mechanism,payload_splitting,C_k,0.8952072262763977
gemma-2-9b-it,31,32,0.7560975609756098,False,raw_magnitude,mechanism,payload_splitting,parallel_energy_fraction,0.8013959779774815
gemma-2-9b-it,31,32,0.7560975609756098,False,raw_magnitude,mechanism,payload_splitting,residual_energy_fraction,0.19860402202251848
gemma-2-9b-it,31,32,0.7560975609756098,False,raw_magnitude,mechanism,distractors_negated,C_k,0.6577569842338562
gemma-2-9b-it,31,32,0.7560975609756098,False,raw_magnitude,mechanism,distractors_negated,parallel_energy_fraction,0.43264425030841736
gemma-2-9b-it,31,32,0.7560975609756098,False,raw_magnitude,mechanism,distractors_negated,residual_energy_fraction,0.5673557496915826
gemma-2-9b-it,31,32,0.7560975609756098,False,raw_magnitude,category,CO,mean_coverage,0.7591140866279602
gemma-2-9b-it,31,32,0.7560975609756098,False,raw_magnitude,category,CO,minimum_coverage,0.6767646670341492
gemma-2-9b-it,31,32,0.7560975609756098,False,raw_magnitude,category,CO,coverage_standard_deviation,0.07413045316934586
gemma-2-9b-it,31,32,0.7560975609756098,False,raw_magnitude,category,CO,resultant_length,0.7610891461372375
gemma-2-9b-it,31,32,0.7560975609756098,False,raw_magnitude,category,MG,mean_coverage,0.8228763937950134
gemma-2-9b-it,31,32,0.7560975609756098,False,raw_magnitude,category,MG,minimum_coverage,0.6577569842338562
gemma-2-9b-it,31,32,0.7560975609756098,False,raw_magnitude,category,MG,coverage_standard_deviation,0.14336296916007996
gemma-2-9b-it,31,32,0.7560975609756098,False,raw_magnitude,category,MG,resultant_length,0.8322340250015259
gemma-2-9b-it,32,33,0.7804878048780488,False,unit_normalized,mechanism,prefix_injection,C_k,0.7632102370262146
gemma-2-9b-it,32,33,0.7804878048780488,False,unit_normalized,mechanism,prefix_injection,parallel_energy_fraction,0.5824898659016107
gemma-2-9b-it,32,33,0.7804878048780488,False,unit_normalized,mechanism,prefix_injection,residual_energy_fraction,0.41751013409838933
gemma-2-9b-it,32,33,0.7804878048780488,False,unit_normalized,mechanism,refusal_suppression,C_k,0.7835553288459778
gemma-2-9b-it,32,33,0.7804878048780488,False,unit_normalized,mechanism,refusal_suppression,parallel_energy_fraction,0.6139589533629284
gemma-2-9b-it,32,33,0.7804878048780488,False,unit_normalized,mechanism,refusal_suppression,residual_energy_fraction,0.3860410466370716
gemma-2-9b-it,32,33,0.7804878048780488,False,unit_normalized,mechanism,persona_roleplay,C_k,0.7253957986831665
gemma-2-9b-it,32,33,0.7804878048780488,False,unit_normalized,mechanism,persona_roleplay,parallel_energy_fraction,0.526199064747189
gemma-2-9b-it,32,33,0.7804878048780488,False,unit_normalized,mechanism,persona_roleplay,residual_energy_fraction,0.473800935252811
gemma-2-9b-it,32,33,0.7804878048780488,False,unit_normalized,mechanism,encoding_obfuscation,C_k,0.8554863333702087
gemma-2-9b-it,32,33,0.7804878048780488,False,unit_normalized,mechanism,encoding_obfuscation,parallel_energy_fraction,0.7318568665832039
gemma-2-9b-it,32,33,0.7804878048780488,False,unit_normalized,mechanism,encoding_obfuscation,residual_energy_fraction,0.2681431334167961
gemma-2-9b-it,32,33,0.7804878048780488,False,unit_normalized,mechanism,payload_splitting,C_k,0.8562028408050537
gemma-2-9b-it,32,33,0.7804878048780488,False,unit_normalized,mechanism,payload_splitting,parallel_energy_fraction,0.7330833046026441
gemma-2-9b-it,32,33,0.7804878048780488,False,unit_normalized,mechanism,payload_splitting,residual_energy_fraction,0.26691669539735585
gemma-2-9b-it,32,33,0.7804878048780488,False,unit_normalized,mechanism,distractors_negated,C_k,0.7571656703948975
gemma-2-9b-it,32,33,0.7804878048780488,False,unit_normalized,mechanism,distractors_negated,parallel_energy_fraction,0.5732998524245545
gemma-2-9b-it,32,33,0.7804878048780488,False,unit_normalized,mechanism,distractors_negated,residual_energy_fraction,0.4267001475754455
gemma-2-9b-it,32,33,0.7804878048780488,False,unit_normalized,category,CO,mean_coverage,0.7573871612548828
gemma-2-9b-it,32,33,0.7804878048780488,False,unit_normalized,category,CO,minimum_coverage,0.7253957986831665
gemma-2-9b-it,32,33,0.7804878048780488,False,unit_normalized,category,CO,coverage_standard_deviation,0.029513796791434288
gemma-2-9b-it,32,33,0.7804878048780488,False,unit_normalized,category,CO,resultant_length,0.757387101650238
gemma-2-9b-it,32,33,0.7804878048780488,False,unit_normalized,category,MG,mean_coverage,0.82295161485672
gemma-2-9b-it,32,33,0.7804878048780488,False,unit_normalized,category,MG,minimum_coverage,0.7571656703948975
gemma-2-9b-it,32,33,0.7804878048780488,False,unit_normalized,category,MG,coverage_standard_deviation,0.056973423808813095
gemma-2-9b-it,32,33,0.7804878048780488,False,unit_normalized,category,MG,resultant_length,0.82295161485672
gemma-2-9b-it,32,33,0.7804878048780488,False,raw_magnitude,mechanism,prefix_injection,C_k,0.7746267914772034
gemma-2-9b-it,32,33,0.7804878048780488,False,raw_magnitude,mechanism,prefix_injection,parallel_energy_fraction,0.6000466660742667
gemma-2-9b-it,32,33,0.7804878048780488,False,raw_magnitude,mechanism,prefix_injection,residual_energy_fraction,0.3999533339257333
gemma-2-9b-it,32,33,0.7804878048780488,False,raw_magnitude,mechanism,refusal_suppression,C_k,0.8124790787696838
gemma-2-9b-it,32,33,0.7804878048780488,False,raw_magnitude,mechanism,refusal_suppression,parallel_energy_fraction,0.6601222534384341
gemma-2-9b-it,32,33,0.7804878048780488,False,raw_magnitude,mechanism,refusal_suppression,residual_energy_fraction,0.3398777465615659
gemma-2-9b-it,32,33,0.7804878048780488,False,raw_magnitude,mechanism,persona_roleplay,C_k,0.6800384521484375
gemma-2-9b-it,32,33,0.7804878048780488,False,raw_magnitude,mechanism,persona_roleplay,parallel_energy_fraction,0.4624522964004427
gemma-2-9b-it,32,33,0.7804878048780488,False,raw_magnitude,mechanism,persona_roleplay,residual_energy_fraction,0.5375477035995573
gemma-2-9b-it,32,33,0.7804878048780488,False,raw_magnitude,mechanism,encoding_obfuscation,C_k,0.9059568047523499
gemma-2-9b-it,32,33,0.7804878048780488,False,raw_magnitude,mechanism,encoding_obfuscation,parallel_energy_fraction,0.8207577320770874
gemma-2-9b-it,32,33,0.7804878048780488,False,raw_magnitude,mechanism,encoding_obfuscation,residual_energy_fraction,0.17924226792291265
gemma-2-9b-it,32,33,0.7804878048780488,False,raw_magnitude,mechanism,payload_splitting,C_k,0.8865859508514404
gemma-2-9b-it,32,33,0.7804878048780488,False,raw_magnitude,mechanism,payload_splitting,parallel_energy_fraction,0.7860346482471527
gemma-2-9b-it,32,33,0.7804878048780488,False,raw_magnitude,mechanism,payload_splitting,residual_energy_fraction,0.21396535175284725
gemma-2-9b-it,32,33,0.7804878048780488,False,raw_magnitude,mechanism,distractors_negated,C_k,0.6448811888694763
gemma-2-9b-it,32,33,0.7804878048780488,False,raw_magnitude,mechanism,distractors_negated,parallel_energy_fraction,0.4158717477577092
gemma-2-9b-it,32,33,0.7804878048780488,False,raw_magnitude,mechanism,distractors_negated,residual_energy_fraction,0.5841282522422908
gemma-2-9b-it,32,33,0.7804878048780488,False,raw_magnitude,category,CO,mean_coverage,0.7557147145271301
gemma-2-9b-it,32,33,0.7804878048780488,False,raw_magnitude,category,CO,minimum_coverage,0.6800384521484375
gemma-2-9b-it,32,33,0.7804878048780488,False,raw_magnitude,category,CO,coverage_standard_deviation,0.06821567565202713
gemma-2-9b-it,32,33,0.7804878048780488,False,raw_magnitude,category,CO,resultant_length,0.757387101650238
gemma-2-9b-it,32,33,0.7804878048780488,False,raw_magnitude,category,MG,mean_coverage,0.8124746680259705
gemma-2-9b-it,32,33,0.7804878048780488,False,raw_magnitude,category,MG,minimum_coverage,0.6448811888694763
gemma-2-9b-it,32,33,0.7804878048780488,False,raw_magnitude,category,MG,coverage_standard_deviation,0.1454629898071289
gemma-2-9b-it,32,33,0.7804878048780488,False,raw_magnitude,category,MG,resultant_length,0.82295161485672
gemma-2-9b-it,33,34,0.8048780487804879,False,unit_normalized,mechanism,prefix_injection,C_k,0.7543889284133911
gemma-2-9b-it,33,34,0.8048780487804879,False,unit_normalized,mechanism,prefix_injection,parallel_energy_fraction,0.5691026553127045
gemma-2-9b-it,33,34,0.8048780487804879,False,unit_normalized,mechanism,prefix_injection,residual_energy_fraction,0.43089734468729546
gemma-2-9b-it,33,34,0.8048780487804879,False,unit_normalized,mechanism,refusal_suppression,C_k,0.7742125391960144
gemma-2-9b-it,33,34,0.8048780487804879,False,unit_normalized,mechanism,refusal_suppression,parallel_energy_fraction,0.5994050558483401
gemma-2-9b-it,33,34,0.8048780487804879,False,unit_normalized,mechanism,refusal_suppression,residual_energy_fraction,0.40059494415165986
gemma-2-9b-it,33,34,0.8048780487804879,False,unit_normalized,mechanism,persona_roleplay,C_k,0.7197844982147217
gemma-2-9b-it,33,34,0.8048780487804879,False,unit_normalized,mechanism,persona_roleplay,parallel_energy_fraction,0.5180897238702187
gemma-2-9b-it,33,34,0.8048780487804879,False,unit_normalized,mechanism,persona_roleplay,residual_energy_fraction,0.4819102761297813
gemma-2-9b-it,33,34,0.8048780487804879,False,unit_normalized,mechanism,encoding_obfuscation,C_k,0.8470351099967957
gemma-2-9b-it,33,34,0.8048780487804879,False,unit_normalized,mechanism,encoding_obfuscation,parallel_energy_fraction,0.7174684775672837
gemma-2-9b-it,33,34,0.8048780487804879,False,unit_normalized,mechanism,encoding_obfuscation,residual_energy_fraction,0.2825315224327163
gemma-2-9b-it,33,34,0.8048780487804879,False,unit_normalized,mechanism,payload_splitting,C_k,0.8510733842849731
gemma-2-9b-it,33,34,0.8048780487804879,False,unit_normalized,mechanism,payload_splitting,parallel_energy_fraction,0.7243259054382776
gemma-2-9b-it,33,34,0.8048780487804879,False,unit_normalized,mechanism,payload_splitting,residual_energy_fraction,0.2756740945617224
gemma-2-9b-it,33,34,0.8048780487804879,False,unit_normalized,mechanism,distractors_negated,C_k,0.7493661642074585
gemma-2-9b-it,33,34,0.8048780487804879,False,unit_normalized,mechanism,distractors_negated,parallel_energy_fraction,0.5615496480589997
gemma-2-9b-it,33,34,0.8048780487804879,False,unit_normalized,mechanism,distractors_negated,residual_energy_fraction,0.43845035194100035
gemma-2-9b-it,33,34,0.8048780487804879,False,unit_normalized,category,CO,mean_coverage,0.7494619488716125
gemma-2-9b-it,33,34,0.8048780487804879,False,unit_normalized,category,CO,minimum_coverage,0.7197844982147217
gemma-2-9b-it,33,34,0.8048780487804879,False,unit_normalized,category,CO,coverage_standard_deviation,0.027546487748622894
gemma-2-9b-it,33,34,0.8048780487804879,False,unit_normalized,category,CO,resultant_length,0.7494618892669678
gemma-2-9b-it,33,34,0.8048780487804879,False,unit_normalized,category,MG,mean_coverage,0.8158248066902161
gemma-2-9b-it,33,34,0.8048780487804879,False,unit_normalized,category,MG,minimum_coverage,0.7493661642074585
gemma-2-9b-it,33,34,0.8048780487804879,False,unit_normalized,category,MG,coverage_standard_deviation,0.05759034678339958
gemma-2-9b-it,33,34,0.8048780487804879,False,unit_normalized,category,MG,resultant_length,0.8158248066902161
gemma-2-9b-it,33,34,0.8048780487804879,False,raw_magnitude,mechanism,prefix_injection,C_k,0.7686728835105896
gemma-2-9b-it,33,34,0.8048780487804879,False,raw_magnitude,mechanism,prefix_injection,parallel_energy_fraction,0.5908580018444844
gemma-2-9b-it,33,34,0.8048780487804879,False,raw_magnitude,mechanism,prefix_injection,residual_energy_fraction,0.40914199815551555
gemma-2-9b-it,33,34,0.8048780487804879,False,raw_magnitude,mechanism,refusal_suppression,C_k,0.8017622828483582
gemma-2-9b-it,33,34,0.8048780487804879,False,raw_magnitude,mechanism,refusal_suppression,parallel_energy_fraction,0.6428227581982107
gemma-2-9b-it,33,34,0.8048780487804879,False,raw_magnitude,mechanism,refusal_suppression,residual_energy_fraction,0.35717724180178934
gemma-2-9b-it,33,34,0.8048780487804879,False,raw_magnitude,mechanism,persona_roleplay,C_k,0.6729185581207275
gemma-2-9b-it,33,34,0.8048780487804879,False,raw_magnitude,mechanism,persona_roleplay,parallel_energy_fraction,0.45281938586327897
gemma-2-9b-it,33,34,0.8048780487804879,False,raw_magnitude,mechanism,persona_roleplay,residual_energy_fraction,0.547180614136721
gemma-2-9b-it,33,34,0.8048780487804879,False,raw_magnitude,mechanism,encoding_obfuscation,C_k,0.9029545783996582
gemma-2-9b-it,33,34,0.8048780487804879,False,raw_magnitude,mechanism,encoding_obfuscation,parallel_energy_fraction,0.8153269706529045
gemma-2-9b-it,33,34,0.8048780487804879,False,raw_magnitude,mechanism,encoding_obfuscation,residual_energy_fraction,0.1846730293470955
gemma-2-9b-it,33,34,0.8048780487804879,False,raw_magnitude,mechanism,payload_splitting,C_k,0.8818116188049316
gemma-2-9b-it,33,34,0.8048780487804879,False,raw_magnitude,mechanism,payload_splitting,parallel_energy_fraction,0.7775917310593741
gemma-2-9b-it,33,34,0.8048780487804879,False,raw_magnitude,mechanism,payload_splitting,residual_energy_fraction,0.22240826894062593
gemma-2-9b-it,33,34,0.8048780487804879,False,raw_magnitude,mechanism,distractors_negated,C_k,0.626646101474762
gemma-2-9b-it,33,34,0.8048780487804879,False,raw_magnitude,mechanism,distractors_negated,parallel_energy_fraction,0.39268533649351767
gemma-2-9b-it,33,34,0.8048780487804879,False,raw_magnitude,mechanism,distractors_negated,residual_energy_fraction,0.6073146635064823
gemma-2-9b-it,33,34,0.8048780487804879,False,raw_magnitude,category,CO,mean_coverage,0.7477846145629883
gemma-2-9b-it,33,34,0.8048780487804879,False,raw_magnitude,category,CO,minimum_coverage,0.6729185581207275
gemma-2-9b-it,33,34,0.8048780487804879,False,raw_magnitude,category,CO,coverage_standard_deviation,0.06691350787878036
gemma-2-9b-it,33,34,0.8048780487804879,False,raw_magnitude,category,CO,resultant_length,0.7494618892669678
gemma-2-9b-it,33,34,0.8048780487804879,False,raw_magnitude,category,MG,mean_coverage,0.8038040995597839
gemma-2-9b-it,33,34,0.8048780487804879,False,raw_magnitude,category,MG,minimum_coverage,0.626646101474762
gemma-2-9b-it,33,34,0.8048780487804879,False,raw_magnitude,category,MG,coverage_standard_deviation,0.15378710627555847
gemma-2-9b-it,33,34,0.8048780487804879,False,raw_magnitude,category,MG,resultant_length,0.8158248066902161
gemma-2-9b-it,34,35,0.8292682926829268,False,unit_normalized,mechanism,prefix_injection,C_k,0.7478771209716797
gemma-2-9b-it,34,35,0.8292682926829268,False,unit_normalized,mechanism,prefix_injection,parallel_energy_fraction,0.5593201880728884
gemma-2-9b-it,34,35,0.8292682926829268,False,unit_normalized,mechanism,prefix_injection,residual_energy_fraction,0.4406798119271116
gemma-2-9b-it,34,35,0.8292682926829268,False,unit_normalized,mechanism,refusal_suppression,C_k,0.7627640962600708
gemma-2-9b-it,34,35,0.8292682926829268,False,unit_normalized,mechanism,refusal_suppression,parallel_energy_fraction,0.5818090665434426
gemma-2-9b-it,34,35,0.8292682926829268,False,unit_normalized,mechanism,refusal_suppression,residual_energy_fraction,0.41819093345655745
gemma-2-9b-it,34,35,0.8292682926829268,False,unit_normalized,mechanism,persona_roleplay,C_k,0.6947693824768066
gemma-2-9b-it,34,35,0.8292682926829268,False,unit_normalized,mechanism,persona_roleplay,parallel_energy_fraction,0.48270449482720323
gemma-2-9b-it,34,35,0.8292682926829268,False,unit_normalized,mechanism,persona_roleplay,residual_energy_fraction,0.5172955051727968
gemma-2-9b-it,34,35,0.8292682926829268,False,unit_normalized,mechanism,encoding_obfuscation,C_k,0.8392255306243896
gemma-2-9b-it,34,35,0.8292682926829268,False,unit_normalized,mechanism,encoding_obfuscation,parallel_energy_fraction,0.7042994912517884
gemma-2-9b-it,34,35,0.8292682926829268,False,unit_normalized,mechanism,encoding_obfuscation,residual_energy_fraction,0.29570050874821163
gemma-2-9b-it,34,35,0.8292682926829268,False,unit_normalized,mechanism,payload_splitting,C_k,0.850892186164856
gemma-2-9b-it,34,35,0.8292682926829268,False,unit_normalized,mechanism,payload_splitting,parallel_energy_fraction,0.7240175124764079
gemma-2-9b-it,34,35,0.8292682926829268,False,unit_normalized,mechanism,payload_splitting,residual_energy_fraction,0.2759824875235921
gemma-2-9b-it,34,35,0.8292682926829268,False,unit_normalized,mechanism,distractors_negated,C_k,0.7370172739028931
gemma-2-9b-it,34,35,0.8292682926829268,False,unit_normalized,mechanism,distractors_negated,parallel_energy_fraction,0.5431944620312521
gemma-2-9b-it,34,35,0.8292682926829268,False,unit_normalized,mechanism,distractors_negated,residual_energy_fraction,0.4568055379687479
gemma-2-9b-it,34,35,0.8292682926829268,False,unit_normalized,category,CO,mean_coverage,0.7351368069648743
gemma-2-9b-it,34,35,0.8292682926829268,False,unit_normalized,category,CO,minimum_coverage,0.6947693824768066
gemma-2-9b-it,34,35,0.8292682926829268,False,unit_normalized,category,CO,coverage_standard_deviation,0.03574291244149208
gemma-2-9b-it,34,35,0.8292682926829268,False,unit_normalized,category,CO,resultant_length,0.735136866569519
gemma-2-9b-it,34,35,0.8292682926829268,False,unit_normalized,category,MG,mean_coverage,0.8090450167655945
gemma-2-9b-it,34,35,0.8292682926829268,False,unit_normalized,category,MG,minimum_coverage,0.7370172739028931
gemma-2-9b-it,34,35,0.8292682926829268,False,unit_normalized,category,MG,coverage_standard_deviation,0.06265000253915787
gemma-2-9b-it,34,35,0.8292682926829268,False,unit_normalized,category,MG,resultant_length,0.8090450763702393
gemma-2-9b-it,34,35,0.8292682926829268,False,raw_magnitude,mechanism,prefix_injection,C_k,0.7734877467155457
gemma-2-9b-it,34,35,0.8292682926829268,False,raw_magnitude,mechanism,prefix_injection,parallel_energy_fraction,0.5982832943190921
gemma-2-9b-it,34,35,0.8292682926829268,False,raw_magnitude,mechanism,prefix_injection,residual_energy_fraction,0.4017167056809079
gemma-2-9b-it,34,35,0.8292682926829268,False,raw_magnitude,mechanism,refusal_suppression,C_k,0.7847477197647095
gemma-2-9b-it,34,35,0.8292682926829268,False,raw_magnitude,mechanism,refusal_suppression,parallel_energy_fraction,0.615828983675911
gemma-2-9b-it,34,35,0.8292682926829268,False,raw_magnitude,mechanism,refusal_suppression,residual_energy_fraction,0.384171016324089
gemma-2-9b-it,34,35,0.8292682926829268,False,raw_magnitude,mechanism,persona_roleplay,C_k,0.6415197253227234
gemma-2-9b-it,34,35,0.8292682926829268,False,raw_magnitude,mechanism,persona_roleplay,parallel_energy_fraction,0.41154755797814246
gemma-2-9b-it,34,35,0.8292682926829268,False,raw_magnitude,mechanism,persona_roleplay,residual_energy_fraction,0.5884524420218575
gemma-2-9b-it,34,35,0.8292682926829268,False,raw_magnitude,mechanism,encoding_obfuscation,C_k,0.9001595973968506
gemma-2-9b-it,34,35,0.8292682926829268,False,raw_magnitude,mechanism,encoding_obfuscation,parallel_energy_fraction,0.8102873007856601
gemma-2-9b-it,34,35,0.8292682926829268,False,raw_magnitude,mechanism,encoding_obfuscation,residual_energy_fraction,0.18971269921433986
gemma-2-9b-it,34,35,0.8292682926829268,False,raw_magnitude,mechanism,payload_splitting,C_k,0.8831580281257629
gemma-2-9b-it,34,35,0.8292682926829268,False,raw_magnitude,mechanism,payload_splitting,parallel_energy_fraction,0.7799681026429859
gemma-2-9b-it,34,35,0.8292682926829268,False,raw_magnitude,mechanism,payload_splitting,residual_energy_fraction,0.22003189735701412
gemma-2-9b-it,34,35,0.8292682926829268,False,raw_magnitude,mechanism,distractors_negated,C_k,0.6034142971038818
gemma-2-9b-it,34,35,0.8292682926829268,False,raw_magnitude,mechanism,distractors_negated,parallel_energy_fraction,0.3641088139493718
gemma-2-9b-it,34,35,0.8292682926829268,False,raw_magnitude,mechanism,distractors_negated,residual_energy_fraction,0.6358911860506282
gemma-2-9b-it,34,35,0.8292682926829268,False,raw_magnitude,category,CO,mean_coverage,0.7332517504692078
gemma-2-9b-it,34,35,0.8292682926829268,False,raw_magnitude,category,CO,minimum_coverage,0.6415197253227234
gemma-2-9b-it,34,35,0.8292682926829268,False,raw_magnitude,category,CO,coverage_standard_deviation,0.07964149117469788
gemma-2-9b-it,34,35,0.8292682926829268,False,raw_magnitude,category,CO,resultant_length,0.735136866569519
gemma-2-9b-it,34,35,0.8292682926829268,False,raw_magnitude,category,MG,mean_coverage,0.7955772876739502
gemma-2-9b-it,34,35,0.8292682926829268,False,raw_magnitude,category,MG,minimum_coverage,0.6034142971038818
gemma-2-9b-it,34,35,0.8292682926829268,False,raw_magnitude,category,MG,coverage_standard_deviation,0.16663502156734467
gemma-2-9b-it,34,35,0.8292682926829268,False,raw_magnitude,category,MG,resultant_length,0.8090450763702393
gemma-2-9b-it,35,36,0.8536585365853658,False,unit_normalized,mechanism,prefix_injection,C_k,0.743257462978363
gemma-2-9b-it,35,36,0.8536585365853658,False,unit_normalized,mechanism,prefix_injection,parallel_energy_fraction,0.5524316562730327
gemma-2-9b-it,35,36,0.8536585365853658,False,unit_normalized,mechanism,prefix_injection,residual_energy_fraction,0.4475683437269673
gemma-2-9b-it,35,36,0.8536585365853658,False,unit_normalized,mechanism,refusal_suppression,C_k,0.757601797580719
gemma-2-9b-it,35,36,0.8536585365853658,False,unit_normalized,mechanism,refusal_suppression,parallel_energy_fraction,0.5739604836975367
gemma-2-9b-it,35,36,0.8536585365853658,False,unit_normalized,mechanism,refusal_suppression,residual_energy_fraction,0.4260395163024633
gemma-2-9b-it,35,36,0.8536585365853658,False,unit_normalized,mechanism,persona_roleplay,C_k,0.6840142011642456
gemma-2-9b-it,35,36,0.8536585365853658,False,unit_normalized,mechanism,persona_roleplay,parallel_energy_fraction,0.46787542739436105
gemma-2-9b-it,35,36,0.8536585365853658,False,unit_normalized,mechanism,persona_roleplay,residual_energy_fraction,0.532124572605639
gemma-2-9b-it,35,36,0.8536585365853658,False,unit_normalized,mechanism,encoding_obfuscation,C_k,0.8345151543617249
gemma-2-9b-it,35,36,0.8536585365853658,False,unit_normalized,mechanism,encoding_obfuscation,parallel_energy_fraction,0.6964155428593735
gemma-2-9b-it,35,36,0.8536585365853658,False,unit_normalized,mechanism,encoding_obfuscation,residual_energy_fraction,0.30358445714062654
gemma-2-9b-it,35,36,0.8536585365853658,False,unit_normalized,mechanism,payload_splitting,C_k,0.8455268144607544
gemma-2-9b-it,35,36,0.8536585365853658,False,unit_normalized,mechanism,payload_splitting,parallel_energy_fraction,0.714915593972151
gemma-2-9b-it,35,36,0.8536585365853658,False,unit_normalized,mechanism,payload_splitting,residual_energy_fraction,0.285084406027849
gemma-2-9b-it,35,36,0.8536585365853658,False,unit_normalized,mechanism,distractors_negated,C_k,0.7234557867050171
gemma-2-9b-it,35,36,0.8536585365853658,False,unit_normalized,mechanism,distractors_negated,parallel_energy_fraction,0.5233882753169752
gemma-2-9b-it,35,36,0.8536585365853658,False,unit_normalized,mechanism,distractors_negated,residual_energy_fraction,0.4766117246830248
gemma-2-9b-it,35,36,0.8536585365853658,False,unit_normalized,category,CO,mean_coverage,0.7282912135124207
gemma-2-9b-it,35,36,0.8536585365853658,False,unit_normalized,category,CO,minimum_coverage,0.6840142011642456
gemma-2-9b-it,35,36,0.8536585365853658,False,unit_normalized,category,CO,coverage_standard_deviation,0.039009951055049896
gemma-2-9b-it,35,36,0.8536585365853658,False,unit_normalized,category,CO,resultant_length,0.7282910943031311
gemma-2-9b-it,35,36,0.8536585365853658,False,unit_normalized,category,MG,mean_coverage,0.8011658787727356
gemma-2-9b-it,35,36,0.8536585365853658,False,unit_normalized,category,MG,minimum_coverage,0.7234557867050171
gemma-2-9b-it,35,36,0.8536585365853658,False,unit_normalized,category,MG,coverage_standard_deviation,0.06752379238605499
gemma-2-9b-it,35,36,0.8536585365853658,False,unit_normalized,category,MG,resultant_length,0.8011659979820251
gemma-2-9b-it,35,36,0.8536585365853658,False,raw_magnitude,mechanism,prefix_injection,C_k,0.7780848145484924
gemma-2-9b-it,35,36,0.8536585365853658,False,raw_magnitude,mechanism,prefix_injection,parallel_energy_fraction,0.6054159786309619
gemma-2-9b-it,35,36,0.8536585365853658,False,raw_magnitude,mechanism,prefix_injection,residual_energy_fraction,0.39458402136903814
gemma-2-9b-it,35,36,0.8536585365853658,False,raw_magnitude,mechanism,refusal_suppression,C_k,0.7770195603370667
gemma-2-9b-it,35,36,0.8536585365853658,False,raw_magnitude,mechanism,refusal_suppression,parallel_energy_fraction,0.6037593971464084
gemma-2-9b-it,35,36,0.8536585365853658,False,raw_magnitude,mechanism,refusal_suppression,residual_energy_fraction,0.39624060285359164
gemma-2-9b-it,35,36,0.8536585365853658,False,raw_magnitude,mechanism,persona_roleplay,C_k,0.6223814487457275
gemma-2-9b-it,35,36,0.8536585365853658,False,raw_magnitude,mechanism,persona_roleplay,parallel_energy_fraction,0.3873586677428307
gemma-2-9b-it,35,36,0.8536585365853658,False,raw_magnitude,mechanism,persona_roleplay,residual_energy_fraction,0.6126413322571693
gemma-2-9b-it,35,36,0.8536585365853658,False,raw_magnitude,mechanism,encoding_obfuscation,C_k,0.8968591094017029
gemma-2-9b-it,35,36,0.8536585365853658,False,raw_magnitude,mechanism,encoding_obfuscation,parallel_energy_fraction,0.8043562621168157
gemma-2-9b-it,35,36,0.8536585365853658,False,raw_magnitude,mechanism,encoding_obfuscation,residual_energy_fraction,0.19564373788318434
gemma-2-9b-it,35,36,0.8536585365853658,False,raw_magnitude,mechanism,payload_splitting,C_k,0.8835411071777344
gemma-2-9b-it,35,36,0.8536585365853658,False,raw_magnitude,mechanism,payload_splitting,parallel_energy_fraction,0.7806448880728567
gemma-2-9b-it,35,36,0.8536585365853658,False,raw_magnitude,mechanism,payload_splitting,residual_energy_fraction,0.2193551119271433
gemma-2-9b-it,35,36,0.8536585365853658,False,raw_magnitude,mechanism,distractors_negated,C_k,0.5783853530883789
gemma-2-9b-it,35,36,0.8536585365853658,False,raw_magnitude,mechanism,distractors_negated,parallel_energy_fraction,0.33452961666716874
gemma-2-9b-it,35,36,0.8536585365853658,False,raw_magnitude,mechanism,distractors_negated,residual_energy_fraction,0.6654703833328313
gemma-2-9b-it,35,36,0.8536585365853658,False,raw_magnitude,category,CO,mean_coverage,0.7258286476135254
gemma-2-9b-it,35,36,0.8536585365853658,False,raw_magnitude,category,CO,minimum_coverage,0.6223814487457275
gemma-2-9b-it,35,36,0.8536585365853658,False,raw_magnitude,category,CO,coverage_standard_deviation,0.08958945423364639
gemma-2-9b-it,35,36,0.8536585365853658,False,raw_magnitude,category,CO,resultant_length,0.7282910943031311
gemma-2-9b-it,35,36,0.8536585365853658,False,raw_magnitude,category,MG,mean_coverage,0.7862618565559387
gemma-2-9b-it,35,36,0.8536585365853658,False,raw_magnitude,category,MG,minimum_coverage,0.5783853530883789
gemma-2-9b-it,35,36,0.8536585365853658,False,raw_magnitude,category,MG,coverage_standard_deviation,0.18014945089817047
gemma-2-9b-it,35,36,0.8536585365853658,False,raw_magnitude,category,MG,resultant_length,0.8011659979820251
gemma-2-9b-it,36,37,0.8780487804878049,False,unit_normalized,mechanism,prefix_injection,C_k,0.7404155135154724
gemma-2-9b-it,36,37,0.8780487804878049,False,unit_normalized,mechanism,prefix_injection,parallel_energy_fraction,0.5482151326543807
gemma-2-9b-it,36,37,0.8780487804878049,False,unit_normalized,mechanism,prefix_injection,residual_energy_fraction,0.4517848673456193
gemma-2-9b-it,36,37,0.8780487804878049,False,unit_normalized,mechanism,refusal_suppression,C_k,0.7517142295837402
gemma-2-9b-it,36,37,0.8780487804878049,False,unit_normalized,mechanism,refusal_suppression,parallel_energy_fraction,0.5650742829586761
gemma-2-9b-it,36,37,0.8780487804878049,False,unit_normalized,mechanism,refusal_suppression,residual_energy_fraction,0.4349257170413239
gemma-2-9b-it,36,37,0.8780487804878049,False,unit_normalized,mechanism,persona_roleplay,C_k,0.6869558095932007
gemma-2-9b-it,36,37,0.8780487804878049,False,unit_normalized,mechanism,persona_roleplay,parallel_energy_fraction,0.4719082843338498
gemma-2-9b-it,36,37,0.8780487804878049,False,unit_normalized,mechanism,persona_roleplay,residual_energy_fraction,0.5280917156661502
gemma-2-9b-it,36,37,0.8780487804878049,False,unit_normalized,mechanism,encoding_obfuscation,C_k,0.8372504711151123
gemma-2-9b-it,36,37,0.8780487804878049,False,unit_normalized,mechanism,encoding_obfuscation,parallel_energy_fraction,0.7009883513824775
gemma-2-9b-it,36,37,0.8780487804878049,False,unit_normalized,mechanism,encoding_obfuscation,residual_energy_fraction,0.2990116486175225
gemma-2-9b-it,36,37,0.8780487804878049,False,unit_normalized,mechanism,payload_splitting,C_k,0.848044753074646
gemma-2-9b-it,36,37,0.8780487804878049,False,unit_normalized,mechanism,payload_splitting,parallel_energy_fraction,0.7191799032174373
gemma-2-9b-it,36,37,0.8780487804878049,False,unit_normalized,mechanism,payload_splitting,residual_energy_fraction,0.2808200967825627
gemma-2-9b-it,36,37,0.8780487804878049,False,unit_normalized,mechanism,distractors_negated,C_k,0.7319288849830627
gemma-2-9b-it,36,37,0.8780487804878049,False,unit_normalized,mechanism,distractors_negated,parallel_energy_fraction,0.5357198926725495
gemma-2-9b-it,36,37,0.8780487804878049,False,unit_normalized,mechanism,distractors_negated,residual_energy_fraction,0.4642801073274505
gemma-2-9b-it,36,37,0.8780487804878049,False,unit_normalized,category,CO,mean_coverage,0.7263619303703308
gemma-2-9b-it,36,37,0.8780487804878049,False,unit_normalized,category,CO,minimum_coverage,0.6869558095932007
gemma-2-9b-it,36,37,0.8780487804878049,False,unit_normalized,category,CO,coverage_standard_deviation,0.03459107130765915
gemma-2-9b-it,36,37,0.8780487804878049,False,unit_normalized,category,CO,resultant_length,0.7263617515563965
gemma-2-9b-it,36,37,0.8780487804878049,False,unit_normalized,category,MG,mean_coverage,0.8057413697242737
gemma-2-9b-it,36,37,0.8780487804878049,False,unit_normalized,category,MG,minimum_coverage,0.7319288849830627
gemma-2-9b-it,36,37,0.8780487804878049,False,unit_normalized,category,MG,coverage_standard_deviation,0.06415092945098877
gemma-2-9b-it,36,37,0.8780487804878049,False,unit_normalized,category,MG,resultant_length,0.8057414293289185
gemma-2-9b-it,36,37,0.8780487804878049,False,raw_magnitude,mechanism,prefix_injection,C_k,0.7817025184631348
gemma-2-9b-it,36,37,0.8780487804878049,False,raw_magnitude,mechanism,prefix_injection,parallel_energy_fraction,0.6110588273716075
gemma-2-9b-it,36,37,0.8780487804878049,False,raw_magnitude,mechanism,prefix_injection,residual_energy_fraction,0.38894117262839245
gemma-2-9b-it,36,37,0.8780487804878049,False,raw_magnitude,mechanism,refusal_suppression,C_k,0.7714641690254211
gemma-2-9b-it,36,37,0.8780487804878049,False,raw_magnitude,mechanism,refusal_suppression,parallel_energy_fraction,0.5951569640900836
gemma-2-9b-it,36,37,0.8780487804878049,False,raw_magnitude,mechanism,refusal_suppression,residual_energy_fraction,0.40484303590991644
gemma-2-9b-it,36,37,0.8780487804878049,False,raw_magnitude,mechanism,persona_roleplay,C_k,0.6160960793495178
gemma-2-9b-it,36,37,0.8780487804878049,False,raw_magnitude,mechanism,persona_roleplay,parallel_energy_fraction,0.37957437898984736
gemma-2-9b-it,36,37,0.8780487804878049,False,raw_magnitude,mechanism,persona_roleplay,residual_energy_fraction,0.6204256210101526
gemma-2-9b-it,36,37,0.8780487804878049,False,raw_magnitude,mechanism,encoding_obfuscation,C_k,0.9003735184669495
gemma-2-9b-it,36,37,0.8780487804878049,False,raw_magnitude,mechanism,encoding_obfuscation,parallel_energy_fraction,0.8106724727565542
gemma-2-9b-it,36,37,0.8780487804878049,False,raw_magnitude,mechanism,encoding_obfuscation,residual_energy_fraction,0.18932752724344581
gemma-2-9b-it,36,37,0.8780487804878049,False,raw_magnitude,mechanism,payload_splitting,C_k,0.8846319913864136
gemma-2-9b-it,36,37,0.8780487804878049,False,raw_magnitude,mechanism,payload_splitting,parallel_energy_fraction,0.7825737601842917
gemma-2-9b-it,36,37,0.8780487804878049,False,raw_magnitude,mechanism,payload_splitting,residual_energy_fraction,0.2174262398157083
gemma-2-9b-it,36,37,0.8780487804878049,False,raw_magnitude,mechanism,distractors_negated,C_k,0.5853748321533203
gemma-2-9b-it,36,37,0.8780487804878049,False,raw_magnitude,mechanism,distractors_negated,parallel_energy_fraction,0.34266369411852793
gemma-2-9b-it,36,37,0.8780487804878049,False,raw_magnitude,mechanism,distractors_negated,residual_energy_fraction,0.6573363058814721
gemma-2-9b-it,36,37,0.8780487804878049,False,raw_magnitude,category,CO,mean_coverage,0.7230875492095947
gemma-2-9b-it,36,37,0.8780487804878049,False,raw_magnitude,category,CO,minimum_coverage,0.6160960793495178
gemma-2-9b-it,36,37,0.8780487804878049,False,raw_magnitude,category,CO,coverage_standard_deviation,0.09279867261648178
gemma-2-9b-it,36,37,0.8780487804878049,False,raw_magnitude,category,CO,resultant_length,0.7263617515563965
gemma-2-9b-it,36,37,0.8780487804878049,False,raw_magnitude,category,MG,mean_coverage,0.7901268005371094
gemma-2-9b-it,36,37,0.8780487804878049,False,raw_magnitude,category,MG,minimum_coverage,0.5853748321533203
gemma-2-9b-it,36,37,0.8780487804878049,False,raw_magnitude,category,MG,coverage_standard_deviation,0.17749498784542084
gemma-2-9b-it,36,37,0.8780487804878049,False,raw_magnitude,category,MG,resultant_length,0.8057414293289185
gemma-2-9b-it,37,38,0.9024390243902439,False,unit_normalized,mechanism,prefix_injection,C_k,0.7482143044471741
gemma-2-9b-it,37,38,0.9024390243902439,False,unit_normalized,mechanism,prefix_injection,parallel_energy_fraction,0.5598246453793685
gemma-2-9b-it,37,38,0.9024390243902439,False,unit_normalized,mechanism,prefix_injection,residual_energy_fraction,0.4401753546206315
gemma-2-9b-it,37,38,0.9024390243902439,False,unit_normalized,mechanism,refusal_suppression,C_k,0.7564652562141418
gemma-2-9b-it,37,38,0.9024390243902439,False,unit_normalized,mechanism,refusal_suppression,parallel_energy_fraction,0.5722396838591273
gemma-2-9b-it,37,38,0.9024390243902439,False,unit_normalized,mechanism,refusal_suppression,residual_energy_fraction,0.42776031614087273
gemma-2-9b-it,37,38,0.9024390243902439,False,unit_normalized,mechanism,persona_roleplay,C_k,0.6762104630470276
gemma-2-9b-it,37,38,0.9024390243902439,False,unit_normalized,mechanism,persona_roleplay,parallel_energy_fraction,0.45726059033427546
gemma-2-9b-it,37,38,0.9024390243902439,False,unit_normalized,mechanism,persona_roleplay,residual_energy_fraction,0.5427394096657245
gemma-2-9b-it,37,38,0.9024390243902439,False,unit_normalized,mechanism,encoding_obfuscation,C_k,0.8331483602523804
gemma-2-9b-it,37,38,0.9024390243902439,False,unit_normalized,mechanism,encoding_obfuscation,parallel_energy_fraction,0.6941361901912302
gemma-2-9b-it,37,38,0.9024390243902439,False,unit_normalized,mechanism,encoding_obfuscation,residual_energy_fraction,0.3058638098087698
gemma-2-9b-it,37,38,0.9024390243902439,False,unit_normalized,mechanism,payload_splitting,C_k,0.8443350791931152
gemma-2-9b-it,37,38,0.9024390243902439,False,unit_normalized,mechanism,payload_splitting,parallel_energy_fraction,0.7129017259560442
gemma-2-9b-it,37,38,0.9024390243902439,False,unit_normalized,mechanism,payload_splitting,residual_energy_fraction,0.2870982740439558
gemma-2-9b-it,37,38,0.9024390243902439,False,unit_normalized,mechanism,distractors_negated,C_k,0.7259625792503357
gemma-2-9b-it,37,38,0.9024390243902439,False,unit_normalized,mechanism,distractors_negated,parallel_energy_fraction,0.5270216664717999
gemma-2-9b-it,37,38,0.9024390243902439,False,unit_normalized,mechanism,distractors_negated,residual_energy_fraction,0.47297833352820007
gemma-2-9b-it,37,38,0.9024390243902439,False,unit_normalized,category,CO,mean_coverage,0.7269633412361145
gemma-2-9b-it,37,38,0.9024390243902439,False,unit_normalized,category,CO,minimum_coverage,0.6762104630470276
gemma-2-9b-it,37,38,0.9024390243902439,False,unit_normalized,category,CO,coverage_standard_deviation,0.04414646700024605
gemma-2-9b-it,37,38,0.9024390243902439,False,unit_normalized,category,CO,resultant_length,0.7269633412361145
gemma-2-9b-it,37,38,0.9024390243902439,False,unit_normalized,category,MG,mean_coverage,0.8011486530303955
gemma-2-9b-it,37,38,0.9024390243902439,False,unit_normalized,category,MG,minimum_coverage,0.7259625792503357
gemma-2-9b-it,37,38,0.9024390243902439,False,unit_normalized,category,MG,coverage_standard_deviation,0.06535286456346512
gemma-2-9b-it,37,38,0.9024390243902439,False,unit_normalized,category,MG,resultant_length,0.8011486530303955
gemma-2-9b-it,37,38,0.9024390243902439,False,raw_magnitude,mechanism,prefix_injection,C_k,0.7905753254890442
gemma-2-9b-it,37,38,0.9024390243902439,False,raw_magnitude,mechanism,prefix_injection,parallel_energy_fraction,0.6250093452721082
gemma-2-9b-it,37,38,0.9024390243902439,False,raw_magnitude,mechanism,prefix_injection,residual_energy_fraction,0.37499065472789184
gemma-2-9b-it,37,38,0.9024390243902439,False,raw_magnitude,mechanism,refusal_suppression,C_k,0.7761696577072144
gemma-2-9b-it,37,38,0.9024390243902439,False,raw_magnitude,mechanism,refusal_suppression,parallel_energy_fraction,0.6024393375453343
gemma-2-9b-it,37,38,0.9024390243902439,False,raw_magnitude,mechanism,refusal_suppression,residual_energy_fraction,0.3975606624546657
gemma-2-9b-it,37,38,0.9024390243902439,False,raw_magnitude,mechanism,persona_roleplay,C_k,0.6041654348373413
gemma-2-9b-it,37,38,0.9024390243902439,False,raw_magnitude,mechanism,persona_roleplay,parallel_energy_fraction,0.3650158726521937
gemma-2-9b-it,37,38,0.9024390243902439,False,raw_magnitude,mechanism,persona_roleplay,residual_energy_fraction,0.6349841273478063
gemma-2-9b-it,37,38,0.9024390243902439,False,raw_magnitude,mechanism,encoding_obfuscation,C_k,0.8964916467666626
gemma-2-9b-it,37,38,0.9024390243902439,False,raw_magnitude,mechanism,encoding_obfuscation,parallel_energy_fraction,0.8036972727224025
gemma-2-9b-it,37,38,0.9024390243902439,False,raw_magnitude,mechanism,encoding_obfuscation,residual_energy_fraction,0.19630272727759746
gemma-2-9b-it,37,38,0.9024390243902439,False,raw_magnitude,mechanism,payload_splitting,C_k,0.8849143981933594
gemma-2-9b-it,37,38,0.9024390243902439,False,raw_magnitude,mechanism,payload_splitting,parallel_energy_fraction,0.7830734921299154
gemma-2-9b-it,37,38,0.9024390243902439,False,raw_magnitude,mechanism,payload_splitting,residual_energy_fraction,0.2169265078700846
gemma-2-9b-it,37,38,0.9024390243902439,False,raw_magnitude,mechanism,distractors_negated,C_k,0.5720975399017334
gemma-2-9b-it,37,38,0.9024390243902439,False,raw_magnitude,mechanism,distractors_negated,parallel_energy_fraction,0.32729559516161544
gemma-2-9b-it,37,38,0.9024390243902439,False,raw_magnitude,mechanism,distractors_negated,residual_energy_fraction,0.6727044048383846
gemma-2-9b-it,37,38,0.9024390243902439,False,raw_magnitude,category,CO,mean_coverage,0.7236368060112
gemma-2-9b-it,37,38,0.9024390243902439,False,raw_magnitude,category,CO,minimum_coverage,0.6041654348373413
gemma-2-9b-it,37,38,0.9024390243902439,False,raw_magnitude,category,CO,coverage_standard_deviation,0.10371565818786621
gemma-2-9b-it,37,38,0.9024390243902439,False,raw_magnitude,category,CO,resultant_length,0.7269633412361145
gemma-2-9b-it,37,38,0.9024390243902439,False,raw_magnitude,category,MG,mean_coverage,0.7845012545585632
gemma-2-9b-it,37,38,0.9024390243902439,False,raw_magnitude,category,MG,minimum_coverage,0.5720975399017334
gemma-2-9b-it,37,38,0.9024390243902439,False,raw_magnitude,category,MG,coverage_standard_deviation,0.18403801321983337
gemma-2-9b-it,37,38,0.9024390243902439,False,raw_magnitude,category,MG,resultant_length,0.8011486530303955
gemma-2-9b-it,38,39,0.926829268292683,False,unit_normalized,mechanism,prefix_injection,C_k,0.7388032674789429
gemma-2-9b-it,38,39,0.926829268292683,False,unit_normalized,mechanism,prefix_injection,parallel_energy_fraction,0.5458302680375624
gemma-2-9b-it,38,39,0.926829268292683,False,unit_normalized,mechanism,prefix_injection,residual_energy_fraction,0.4541697319624376
gemma-2-9b-it,38,39,0.926829268292683,False,unit_normalized,mechanism,refusal_suppression,C_k,0.7478017807006836
gemma-2-9b-it,38,39,0.926829268292683,False,unit_normalized,mechanism,refusal_suppression,parallel_energy_fraction,0.5592075032191133
gemma-2-9b-it,38,39,0.926829268292683,False,unit_normalized,mechanism,refusal_suppression,residual_energy_fraction,0.4407924967808867
gemma-2-9b-it,38,39,0.926829268292683,False,unit_normalized,mechanism,persona_roleplay,C_k,0.6713932752609253
gemma-2-9b-it,38,39,0.926829268292683,False,unit_normalized,mechanism,persona_roleplay,parallel_energy_fraction,0.4507689300655926
gemma-2-9b-it,38,39,0.926829268292683,False,unit_normalized,mechanism,persona_roleplay,residual_energy_fraction,0.5492310699344074
gemma-2-9b-it,38,39,0.926829268292683,False,unit_normalized,mechanism,encoding_obfuscation,C_k,0.8318976759910583
gemma-2-9b-it,38,39,0.926829268292683,False,unit_normalized,mechanism,encoding_obfuscation,parallel_energy_fraction,0.6920537433193239
gemma-2-9b-it,38,39,0.926829268292683,False,unit_normalized,mechanism,encoding_obfuscation,residual_energy_fraction,0.3079462566806761
gemma-2-9b-it,38,39,0.926829268292683,False,unit_normalized,mechanism,payload_splitting,C_k,0.8406507968902588
gemma-2-9b-it,38,39,0.926829268292683,False,unit_normalized,mechanism,payload_splitting,parallel_energy_fraction,0.7066937623122271
gemma-2-9b-it,38,39,0.926829268292683,False,unit_normalized,mechanism,payload_splitting,residual_energy_fraction,0.29330623768777286
gemma-2-9b-it,38,39,0.926829268292683,False,unit_normalized,mechanism,distractors_negated,C_k,0.723784327507019
gemma-2-9b-it,38,39,0.926829268292683,False,unit_normalized,mechanism,distractors_negated,parallel_energy_fraction,0.5238637527447878
gemma-2-9b-it,38,39,0.926829268292683,False,unit_normalized,mechanism,distractors_negated,residual_energy_fraction,0.4761362472552122
gemma-2-9b-it,38,39,0.926829268292683,False,unit_normalized,category,CO,mean_coverage,0.719332754611969
gemma-2-9b-it,38,39,0.926829268292683,False,unit_normalized,category,CO,minimum_coverage,0.6713932752609253
gemma-2-9b-it,38,39,0.926829268292683,False,unit_normalized,category,CO,coverage_standard_deviation,0.0417599081993103
gemma-2-9b-it,38,39,0.926829268292683,False,unit_normalized,category,CO,resultant_length,0.7193328142166138
gemma-2-9b-it,38,39,0.926829268292683,False,unit_normalized,category,MG,mean_coverage,0.7987775802612305
gemma-2-9b-it,38,39,0.926829268292683,False,unit_normalized,category,MG,minimum_coverage,0.723784327507019
gemma-2-9b-it,38,39,0.926829268292683,False,unit_normalized,category,MG,coverage_standard_deviation,0.06509337574243546
gemma-2-9b-it,38,39,0.926829268292683,False,unit_normalized,category,MG,resultant_length,0.7987776398658752
gemma-2-9b-it,38,39,0.926829268292683,False,raw_magnitude,mechanism,prefix_injection,C_k,0.7946308255195618
gemma-2-9b-it,38,39,0.926829268292683,False,raw_magnitude,mechanism,prefix_injection,parallel_energy_fraction,0.6314381488659002
gemma-2-9b-it,38,39,0.926829268292683,False,raw_magnitude,mechanism,prefix_injection,residual_energy_fraction,0.3685618511340998
gemma-2-9b-it,38,39,0.926829268292683,False,raw_magnitude,mechanism,refusal_suppression,C_k,0.759827733039856
gemma-2-9b-it,38,39,0.926829268292683,False,raw_magnitude,mechanism,refusal_suppression,parallel_energy_fraction,0.5773381838964866
gemma-2-9b-it,38,39,0.926829268292683,False,raw_magnitude,mechanism,refusal_suppression,residual_energy_fraction,0.4226618161035134
gemma-2-9b-it,38,39,0.926829268292683,False,raw_magnitude,mechanism,persona_roleplay,C_k,0.5903428792953491
gemma-2-9b-it,38,39,0.926829268292683,False,raw_magnitude,mechanism,persona_roleplay,parallel_energy_fraction,0.34850471513472314
gemma-2-9b-it,38,39,0.926829268292683,False,raw_magnitude,mechanism,persona_roleplay,residual_energy_fraction,0.6514952848652769
gemma-2-9b-it,38,39,0.926829268292683,False,raw_magnitude,mechanism,encoding_obfuscation,C_k,0.8967152237892151
gemma-2-9b-it,38,39,0.926829268292683,False,raw_magnitude,mechanism,encoding_obfuscation,parallel_energy_fraction,0.8040981925753421
gemma-2-9b-it,38,39,0.926829268292683,False,raw_magnitude,mechanism,encoding_obfuscation,residual_energy_fraction,0.1959018074246579
gemma-2-9b-it,38,39,0.926829268292683,False,raw_magnitude,mechanism,payload_splitting,C_k,0.8808909058570862
gemma-2-9b-it,38,39,0.926829268292683,False,raw_magnitude,mechanism,payload_splitting,parallel_energy_fraction,0.7759687880217179
gemma-2-9b-it,38,39,0.926829268292683,False,raw_magnitude,mechanism,payload_splitting,residual_energy_fraction,0.22403121197828213
gemma-2-9b-it,38,39,0.926829268292683,False,raw_magnitude,mechanism,distractors_negated,C_k,0.5677452087402344
gemma-2-9b-it,38,39,0.926829268292683,False,raw_magnitude,mechanism,distractors_negated,parallel_energy_fraction,0.3223346220474923
gemma-2-9b-it,38,39,0.926829268292683,False,raw_magnitude,mechanism,distractors_negated,residual_energy_fraction,0.6776653779525077
gemma-2-9b-it,38,39,0.926829268292683,False,raw_magnitude,category,CO,mean_coverage,0.7149338722229004
gemma-2-9b-it,38,39,0.926829268292683,False,raw_magnitude,category,CO,minimum_coverage,0.5903428792953491
gemma-2-9b-it,38,39,0.926829268292683,False,raw_magnitude,category,CO,coverage_standard_deviation,0.109293133020401
gemma-2-9b-it,38,39,0.926829268292683,False,raw_magnitude,category,CO,resultant_length,0.7193328142166138
gemma-2-9b-it,38,39,0.926829268292683,False,raw_magnitude,category,MG,mean_coverage,0.7817837595939636
gemma-2-9b-it,38,39,0.926829268292683,False,raw_magnitude,category,MG,minimum_coverage,0.5677452087402344
gemma-2-9b-it,38,39,0.926829268292683,False,raw_magnitude,category,MG,coverage_standard_deviation,0.1855316311120987
gemma-2-9b-it,38,39,0.926829268292683,False,raw_magnitude,category,MG,resultant_length,0.7987776398658752
gemma-2-9b-it,39,40,0.9512195121951219,False,unit_normalized,mechanism,prefix_injection,C_k,0.7341930866241455
gemma-2-9b-it,39,40,0.9512195121951219,False,unit_normalized,mechanism,prefix_injection,parallel_energy_fraction,0.53903948844669
gemma-2-9b-it,39,40,0.9512195121951219,False,unit_normalized,mechanism,prefix_injection,residual_energy_fraction,0.46096051155330997
gemma-2-9b-it,39,40,0.9512195121951219,False,unit_normalized,mechanism,refusal_suppression,C_k,0.739948034286499
gemma-2-9b-it,39,40,0.9512195121951219,False,unit_normalized,mechanism,refusal_suppression,parallel_energy_fraction,0.5475230934444539
gemma-2-9b-it,39,40,0.9512195121951219,False,unit_normalized,mechanism,refusal_suppression,residual_energy_fraction,0.45247690655554607
gemma-2-9b-it,39,40,0.9512195121951219,False,unit_normalized,mechanism,persona_roleplay,C_k,0.6716647744178772
gemma-2-9b-it,39,40,0.9512195121951219,False,unit_normalized,mechanism,persona_roleplay,parallel_energy_fraction,0.45113356919381786
gemma-2-9b-it,39,40,0.9512195121951219,False,unit_normalized,mechanism,persona_roleplay,residual_energy_fraction,0.5488664308061821
gemma-2-9b-it,39,40,0.9512195121951219,False,unit_normalized,mechanism,encoding_obfuscation,C_k,0.824722170829773
gemma-2-9b-it,39,40,0.9512195121951219,False,unit_normalized,mechanism,encoding_obfuscation,parallel_energy_fraction,0.6801666590581732
gemma-2-9b-it,39,40,0.9512195121951219,False,unit_normalized,mechanism,encoding_obfuscation,residual_energy_fraction,0.3198333409418268
gemma-2-9b-it,39,40,0.9512195121951219,False,unit_normalized,mechanism,payload_splitting,C_k,0.8367605805397034
gemma-2-9b-it,39,40,0.9512195121951219,False,unit_normalized,mechanism,payload_splitting,parallel_energy_fraction,0.7001682691451414
gemma-2-9b-it,39,40,0.9512195121951219,False,unit_normalized,mechanism,payload_splitting,residual_energy_fraction,0.2998317308548586
gemma-2-9b-it,39,40,0.9512195121951219,False,unit_normalized,mechanism,distractors_negated,C_k,0.70716792345047
gemma-2-9b-it,39,40,0.9512195121951219,False,unit_normalized,mechanism,distractors_negated,parallel_energy_fraction,0.5000864719572498
gemma-2-9b-it,39,40,0.9512195121951219,False,unit_normalized,mechanism,distractors_negated,residual_energy_fraction,0.49991352804275024
gemma-2-9b-it,39,40,0.9512195121951219,False,unit_normalized,category,CO,mean_coverage,0.715268611907959
gemma-2-9b-it,39,40,0.9512195121951219,False,unit_normalized,category,CO,minimum_coverage,0.6716647744178772
gemma-2-9b-it,39,40,0.9512195121951219,False,unit_normalized,category,CO,coverage_standard_deviation,0.03787152096629143
gemma-2-9b-it,39,40,0.9512195121951219,False,unit_normalized,category,CO,resultant_length,0.7152685523033142
gemma-2-9b-it,39,40,0.9512195121951219,False,unit_normalized,category,MG,mean_coverage,0.789550244808197
gemma-2-9b-it,39,40,0.9512195121951219,False,unit_normalized,category,MG,minimum_coverage,0.70716792345047
gemma-2-9b-it,39,40,0.9512195121951219,False,unit_normalized,category,MG,coverage_standard_deviation,0.07159862667322159
gemma-2-9b-it,39,40,0.9512195121951219,False,unit_normalized,category,MG,resultant_length,0.7895501255989075
gemma-2-9b-it,39,40,0.9512195121951219,False,raw_magnitude,mechanism,prefix_injection,C_k,0.787315845489502
gemma-2-9b-it,39,40,0.9512195121951219,False,raw_magnitude,mechanism,prefix_injection,parallel_energy_fraction,0.6198662405588493
gemma-2-9b-it,39,40,0.9512195121951219,False,raw_magnitude,mechanism,prefix_injection,residual_energy_fraction,0.3801337594411507
gemma-2-9b-it,39,40,0.9512195121951219,False,raw_magnitude,mechanism,refusal_suppression,C_k,0.7542117238044739
gemma-2-9b-it,39,40,0.9512195121951219,False,raw_magnitude,mechanism,refusal_suppression,parallel_energy_fraction,0.568835324324116
gemma-2-9b-it,39,40,0.9512195121951219,False,raw_magnitude,mechanism,refusal_suppression,residual_energy_fraction,0.431164675675884
gemma-2-9b-it,39,40,0.9512195121951219,False,raw_magnitude,mechanism,persona_roleplay,C_k,0.5917662382125854
gemma-2-9b-it,39,40,0.9512195121951219,False,raw_magnitude,mechanism,persona_roleplay,parallel_energy_fraction,0.3501872806882744
gemma-2-9b-it,39,40,0.9512195121951219,False,raw_magnitude,mechanism,persona_roleplay,residual_energy_fraction,0.6498127193117256
gemma-2-9b-it,39,40,0.9512195121951219,False,raw_magnitude,mechanism,encoding_obfuscation,C_k,0.8959797024726868
gemma-2-9b-it,39,40,0.9512195121951219,False,raw_magnitude,mechanism,encoding_obfuscation,parallel_energy_fraction,0.8027796272430443
gemma-2-9b-it,39,40,0.9512195121951219,False,raw_magnitude,mechanism,encoding_obfuscation,residual_energy_fraction,0.1972203727569557
gemma-2-9b-it,39,40,0.9512195121951219,False,raw_magnitude,mechanism,payload_splitting,C_k,0.8775569200515747
gemma-2-9b-it,39,40,0.9512195121951219,False,raw_magnitude,mechanism,payload_splitting,parallel_energy_fraction,0.7701061479304059
gemma-2-9b-it,39,40,0.9512195121951219,False,raw_magnitude,mechanism,payload_splitting,residual_energy_fraction,0.22989385206959412
gemma-2-9b-it,39,40,0.9512195121951219,False,raw_magnitude,mechanism,distractors_negated,C_k,0.539425253868103
gemma-2-9b-it,39,40,0.9512195121951219,False,raw_magnitude,mechanism,distractors_negated,parallel_energy_fraction,0.2909796045106674
gemma-2-9b-it,39,40,0.9512195121951219,False,raw_magnitude,mechanism,distractors_negated,residual_energy_fraction,0.7090203954893326
gemma-2-9b-it,39,40,0.9512195121951219,False,raw_magnitude,category,CO,mean_coverage,0.7110978960990906
gemma-2-9b-it,39,40,0.9512195121951219,False,raw_magnitude,category,CO,minimum_coverage,0.5917662382125854
gemma-2-9b-it,39,40,0.9512195121951219,False,raw_magnitude,category,CO,coverage_standard_deviation,0.10466141253709793
gemma-2-9b-it,39,40,0.9512195121951219,False,raw_magnitude,category,CO,resultant_length,0.7152685523033142
gemma-2-9b-it,39,40,0.9512195121951219,False,raw_magnitude,category,MG,mean_coverage,0.770987331867218
gemma-2-9b-it,39,40,0.9512195121951219,False,raw_magnitude,category,MG,minimum_coverage,0.539425253868103
gemma-2-9b-it,39,40,0.9512195121951219,False,raw_magnitude,category,MG,coverage_standard_deviation,0.20075005292892456
gemma-2-9b-it,39,40,0.9512195121951219,False,raw_magnitude,category,MG,resultant_length,0.7895501255989075
gemma-2-9b-it,40,41,0.975609756097561,False,unit_normalized,mechanism,prefix_injection,C_k,0.726909875869751
gemma-2-9b-it,40,41,0.975609756097561,False,unit_normalized,mechanism,prefix_injection,parallel_energy_fraction,0.5283979676369768
gemma-2-9b-it,40,41,0.975609756097561,False,unit_normalized,mechanism,prefix_injection,residual_energy_fraction,0.4716020323630232
gemma-2-9b-it,40,41,0.975609756097561,False,unit_normalized,mechanism,refusal_suppression,C_k,0.7358816266059875
gemma-2-9b-it,40,41,0.975609756097561,False,unit_normalized,mechanism,refusal_suppression,parallel_energy_fraction,0.5415217683762741
gemma-2-9b-it,40,41,0.975609756097561,False,unit_normalized,mechanism,refusal_suppression,residual_energy_fraction,0.4584782316237259
gemma-2-9b-it,40,41,0.975609756097561,False,unit_normalized,mechanism,persona_roleplay,C_k,0.6665571928024292
gemma-2-9b-it,40,41,0.975609756097561,False,unit_normalized,mechanism,persona_roleplay,parallel_energy_fraction,0.4442984912766548
gemma-2-9b-it,40,41,0.975609756097561,False,unit_normalized,mechanism,persona_roleplay,residual_energy_fraction,0.5557015087233452
gemma-2-9b-it,40,41,0.975609756097561,False,unit_normalized,mechanism,encoding_obfuscation,C_k,0.8212342262268066
gemma-2-9b-it,40,41,0.975609756097561,False,unit_normalized,mechanism,encoding_obfuscation,parallel_energy_fraction,0.6744256543263418
gemma-2-9b-it,40,41,0.975609756097561,False,unit_normalized,mechanism,encoding_obfuscation,residual_energy_fraction,0.32557434567365817
gemma-2-9b-it,40,41,0.975609756097561,False,unit_normalized,mechanism,payload_splitting,C_k,0.8328863382339478
gemma-2-9b-it,40,41,0.975609756097561,False,unit_normalized,mechanism,payload_splitting,parallel_energy_fraction,0.693699652416754
gemma-2-9b-it,40,41,0.975609756097561,False,unit_normalized,mechanism,payload_splitting,residual_energy_fraction,0.306300347583246
gemma-2-9b-it,40,41,0.975609756097561,False,unit_normalized,mechanism,distractors_negated,C_k,0.6987387537956238
gemma-2-9b-it,40,41,0.975609756097561,False,unit_normalized,mechanism,distractors_negated,parallel_energy_fraction,0.48823584605586134
gemma-2-9b-it,40,41,0.975609756097561,False,unit_normalized,mechanism,distractors_negated,residual_energy_fraction,0.5117641539441387
gemma-2-9b-it,40,41,0.975609756097561,False,unit_normalized,category,CO,mean_coverage,0.7097828984260559
gemma-2-9b-it,40,41,0.975609756097561,False,unit_normalized,category,CO,minimum_coverage,0.6665571928024292
gemma-2-9b-it,40,41,0.975609756097561,False,unit_normalized,category,CO,coverage_standard_deviation,0.03770237788558006
gemma-2-9b-it,40,41,0.975609756097561,False,unit_normalized,category,CO,resultant_length,0.7097827792167664
gemma-2-9b-it,40,41,0.975609756097561,False,unit_normalized,category,MG,mean_coverage,0.7842864394187927
gemma-2-9b-it,40,41,0.975609756097561,False,unit_normalized,category,MG,minimum_coverage,0.6987387537956238
gemma-2-9b-it,40,41,0.975609756097561,False,unit_normalized,category,MG,coverage_standard_deviation,0.07431519031524658
gemma-2-9b-it,40,41,0.975609756097561,False,unit_normalized,category,MG,resultant_length,0.784286379814148
gemma-2-9b-it,40,41,0.975609756097561,False,raw_magnitude,mechanism,prefix_injection,C_k,0.7800784111022949
gemma-2-9b-it,40,41,0.975609756097561,False,raw_magnitude,mechanism,prefix_injection,parallel_energy_fraction,0.608522327467881
gemma-2-9b-it,40,41,0.975609756097561,False,raw_magnitude,mechanism,prefix_injection,residual_energy_fraction,0.39147767253211896
gemma-2-9b-it,40,41,0.975609756097561,False,raw_magnitude,mechanism,refusal_suppression,C_k,0.7495547533035278
gemma-2-9b-it,40,41,0.975609756097561,False,raw_magnitude,mechanism,refusal_suppression,parallel_energy_fraction,0.5618323281999125
gemma-2-9b-it,40,41,0.975609756097561,False,raw_magnitude,mechanism,refusal_suppression,residual_energy_fraction,0.43816767180008753
gemma-2-9b-it,40,41,0.975609756097561,False,raw_magnitude,mechanism,persona_roleplay,C_k,0.5877230167388916
gemma-2-9b-it,40,41,0.975609756097561,False,raw_magnitude,mechanism,persona_roleplay,parallel_energy_fraction,0.34541834440466346
gemma-2-9b-it,40,41,0.975609756097561,False,raw_magnitude,mechanism,persona_roleplay,residual_energy_fraction,0.6545816555953365
gemma-2-9b-it,40,41,0.975609756097561,False,raw_magnitude,mechanism,encoding_obfuscation,C_k,0.8946653008460999
gemma-2-9b-it,40,41,0.975609756097561,False,raw_magnitude,mechanism,encoding_obfuscation,parallel_energy_fraction,0.8004260005380424
gemma-2-9b-it,40,41,0.975609756097561,False,raw_magnitude,mechanism,encoding_obfuscation,residual_energy_fraction,0.19957399946195764
gemma-2-9b-it,40,41,0.975609756097561,False,raw_magnitude,mechanism,payload_splitting,C_k,0.8757295608520508
gemma-2-9b-it,40,41,0.975609756097561,False,raw_magnitude,mechanism,payload_splitting,parallel_energy_fraction,0.7669022637501257
gemma-2-9b-it,40,41,0.975609756097561,False,raw_magnitude,mechanism,payload_splitting,residual_energy_fraction,0.2330977362498743
gemma-2-9b-it,40,41,0.975609756097561,False,raw_magnitude,mechanism,distractors_negated,C_k,0.523730456829071
gemma-2-9b-it,40,41,0.975609756097561,False,raw_magnitude,mechanism,distractors_negated,parallel_energy_fraction,0.27429359141038745
gemma-2-9b-it,40,41,0.975609756097561,False,raw_magnitude,mechanism,distractors_negated,residual_energy_fraction,0.7257064085896126
gemma-2-9b-it,40,41,0.975609756097561,False,raw_magnitude,category,CO,mean_coverage,0.7057854533195496
gemma-2-9b-it,40,41,0.975609756097561,False,raw_magnitude,category,CO,minimum_coverage,0.5877230167388916
gemma-2-9b-it,40,41,0.975609756097561,False,raw_magnitude,category,CO,coverage_standard_deviation,0.10337778925895691
gemma-2-9b-it,40,41,0.975609756097561,False,raw_magnitude,category,CO,resultant_length,0.7097827792167664
gemma-2-9b-it,40,41,0.975609756097561,False,raw_magnitude,category,MG,mean_coverage,0.7647084593772888
gemma-2-9b-it,40,41,0.975609756097561,False,raw_magnitude,category,MG,minimum_coverage,0.523730456829071
gemma-2-9b-it,40,41,0.975609756097561,False,raw_magnitude,category,MG,coverage_standard_deviation,0.20890770852565765
gemma-2-9b-it,40,41,0.975609756097561,False,raw_magnitude,category,MG,resultant_length,0.784286379814148
gemma-2-9b-it,41,42,1.0,False,unit_normalized,mechanism,prefix_injection,C_k,0.7166322469711304
gemma-2-9b-it,41,42,1.0,False,unit_normalized,mechanism,prefix_injection,parallel_energy_fraction,0.5135617773988912
gemma-2-9b-it,41,42,1.0,False,unit_normalized,mechanism,prefix_injection,residual_energy_fraction,0.4864382226011088
gemma-2-9b-it,41,42,1.0,False,unit_normalized,mechanism,refusal_suppression,C_k,0.7467572689056396
gemma-2-9b-it,41,42,1.0,False,unit_normalized,mechanism,refusal_suppression,parallel_energy_fraction,0.5576464186634098
gemma-2-9b-it,41,42,1.0,False,unit_normalized,mechanism,refusal_suppression,residual_energy_fraction,0.4423535813365902
gemma-2-9b-it,41,42,1.0,False,unit_normalized,mechanism,persona_roleplay,C_k,0.6677523851394653
gemma-2-9b-it,41,42,1.0,False,unit_normalized,mechanism,persona_roleplay,parallel_energy_fraction,0.44589324785944484
gemma-2-9b-it,41,42,1.0,False,unit_normalized,mechanism,persona_roleplay,residual_energy_fraction,0.5541067521405552
gemma-2-9b-it,41,42,1.0,False,unit_normalized,mechanism,encoding_obfuscation,C_k,0.8302858471870422
gemma-2-9b-it,41,42,1.0,False,unit_normalized,mechanism,encoding_obfuscation,parallel_energy_fraction,0.6893745880391045
gemma-2-9b-it,41,42,1.0,False,unit_normalized,mechanism,encoding_obfuscation,residual_energy_fraction,0.31062541196089555
gemma-2-9b-it,41,42,1.0,False,unit_normalized,mechanism,payload_splitting,C_k,0.8340694308280945
gemma-2-9b-it,41,42,1.0,False,unit_normalized,mechanism,payload_splitting,parallel_energy_fraction,0.6956718154419015
gemma-2-9b-it,41,42,1.0,False,unit_normalized,mechanism,payload_splitting,residual_energy_fraction,0.3043281845580985
gemma-2-9b-it,41,42,1.0,False,unit_normalized,mechanism,distractors_negated,C_k,0.6725881099700928
gemma-2-9b-it,41,42,1.0,False,unit_normalized,mechanism,distractors_negated,parallel_energy_fraction,0.4523747656731416
gemma-2-9b-it,41,42,1.0,False,unit_normalized,mechanism,distractors_negated,residual_energy_fraction,0.5476252343268584
gemma-2-9b-it,41,42,1.0,False,unit_normalized,category,CO,mean_coverage,0.7103806138038635
gemma-2-9b-it,41,42,1.0,False,unit_normalized,category,CO,minimum_coverage,0.6677523851394653
gemma-2-9b-it,41,42,1.0,False,unit_normalized,category,CO,coverage_standard_deviation,0.03987172991037369
gemma-2-9b-it,41,42,1.0,False,unit_normalized,category,CO,resultant_length,0.7103803753852844
gemma-2-9b-it,41,42,1.0,False,unit_normalized,category,MG,mean_coverage,0.7789811491966248
gemma-2-9b-it,41,42,1.0,False,unit_normalized,category,MG,minimum_coverage,0.6725881099700928
gemma-2-9b-it,41,42,1.0,False,unit_normalized,category,MG,coverage_standard_deviation,0.0921584740281105
gemma-2-9b-it,41,42,1.0,False,unit_normalized,category,MG,resultant_length,0.7789809703826904
gemma-2-9b-it,41,42,1.0,False,raw_magnitude,mechanism,prefix_injection,C_k,0.7682129144668579
gemma-2-9b-it,41,42,1.0,False,raw_magnitude,mechanism,prefix_injection,parallel_energy_fraction,0.590151081953664
gemma-2-9b-it,41,42,1.0,False,raw_magnitude,mechanism,prefix_injection,residual_energy_fraction,0.40984891804633605
gemma-2-9b-it,41,42,1.0,False,raw_magnitude,mechanism,refusal_suppression,C_k,0.7669464349746704
gemma-2-9b-it,41,42,1.0,False,raw_magnitude,mechanism,refusal_suppression,parallel_energy_fraction,0.5882068341203563
gemma-2-9b-it,41,42,1.0,False,raw_magnitude,mechanism,refusal_suppression,residual_energy_fraction,0.41179316587964365
gemma-2-9b-it,41,42,1.0,False,raw_magnitude,mechanism,persona_roleplay,C_k,0.5828982591629028
gemma-2-9b-it,41,42,1.0,False,raw_magnitude,mechanism,persona_roleplay,parallel_energy_fraction,0.33977038053514264
gemma-2-9b-it,41,42,1.0,False,raw_magnitude,mechanism,persona_roleplay,residual_energy_fraction,0.6602296194648574
gemma-2-9b-it,41,42,1.0,False,raw_magnitude,mechanism,encoding_obfuscation,C_k,0.9039149284362793
gemma-2-9b-it,41,42,1.0,False,raw_magnitude,mechanism,encoding_obfuscation,parallel_energy_fraction,0.8170621978499639
gemma-2-9b-it,41,42,1.0,False,raw_magnitude,mechanism,encoding_obfuscation,residual_energy_fraction,0.18293780215003608
gemma-2-9b-it,41,42,1.0,False,raw_magnitude,mechanism,payload_splitting,C_k,0.8882372379302979
gemma-2-9b-it,41,42,1.0,False,raw_magnitude,mechanism,payload_splitting,parallel_energy_fraction,0.7889653908460446
gemma-2-9b-it,41,42,1.0,False,raw_magnitude,mechanism,payload_splitting,residual_energy_fraction,0.21103460915395544
gemma-2-9b-it,41,42,1.0,False,raw_magnitude,mechanism,distractors_negated,C_k,0.4773239493370056
gemma-2-9b-it,41,42,1.0,False,raw_magnitude,mechanism,distractors_negated,parallel_energy_fraction,0.2278381526106763
gemma-2-9b-it,41,42,1.0,False,raw_magnitude,mechanism,distractors_negated,residual_energy_fraction,0.7721618473893237
gemma-2-9b-it,41,42,1.0,False,raw_magnitude,category,CO,mean_coverage,0.7060192227363586
gemma-2-9b-it,41,42,1.0,False,raw_magnitude,category,CO,minimum_coverage,0.5828982591629028
gemma-2-9b-it,41,42,1.0,False,raw_magnitude,category,CO,coverage_standard_deviation,0.10662774741649628
gemma-2-9b-it,41,42,1.0,False,raw_magnitude,category,CO,resultant_length,0.7103803753852844
gemma-2-9b-it,41,42,1.0,False,raw_magnitude,category,MG,mean_coverage,0.7564920783042908
gemma-2-9b-it,41,42,1.0,False,raw_magnitude,category,MG,minimum_coverage,0.4773239493370056
gemma-2-9b-it,41,42,1.0,False,raw_magnitude,category,MG,coverage_standard_deviation,0.2418937087059021
gemma-2-9b-it,41,42,1.0,False,raw_magnitude,category,MG,resultant_length,0.7789809703826904
